team,pos,fpl_first_name,fpl_last_name,fpl_web_name,start_cost,now_cost,FPL_ID,Understat_ID
Arsenal,M,Mesut,Özil,Özil,7,6.7,1,499
Arsenal,D,Sokratis,Papastathopoulos,Sokratis,5,4.8,2,371
Arsenal,D,David,Luiz Moreira Marinho,David Luiz,5.5,5.4,3,1676
Arsenal,M,Pierre-Emerick,Aubameyang,Aubameyang,12,11.3,4,318
Arsenal,D,Cédric,Soares,Cédric,5,4.6,5,847
Arsenal,F,Alexandre,Lacazette,Lacazette,8.5,8.4,6,3277
Arsenal,D,Shkodran,Mustafi,Mustafi,5,5.0,7,1699
Arsenal,G,Bernd,Leno,Leno,5,5.0,8,181
Arsenal,M,Granit,Xhaka,Xhaka,5.5,5.2,9,204
Arsenal,D,Pablo,Marí,Marí,4.5,4.4,10,8380
Arsenal,D,Héctor,Bellerín,Bellerín,5,5.1,11,492
Aston Villa,G,Emiliano,Martínez,Martínez,4.5,5.2,12,4401
Arsenal,D,Calum,Chambers,Chambers,4.5,4.5,13,508
Arsenal,D,Sead,Kolasinac,Kolasinac,5,4.8,14,342
West Brom,D,Ainsley,Maitland-Niles,Maitland-Niles,5,4.6,15,1750
Arsenal,D,Rob,Holding,Holding,4.5,4.6,16,1749
Arsenal,D,Kieran,Tierney,Tierney,5.5,5.3,17,8089
Arsenal,M,Nicolas,Pépé,Pépé,8,7.6,18,5656
Arsenal,M,Lucas,Torreira,Torreira,5,4.7,19,1227
Newcastle,M,Joseph,Willock,Willock,5,4.7,20,6630
Arsenal,M,Reiss,Nelson,Nelson,5.5,5.1,21,6492
Arsenal,F,Edward,Nketiah,Nketiah,6,5.4,22,6482
Arsenal,M,Emile,Smith Rowe,Smith Rowe,4.5,4.4,23,7230
Arsenal,M,Bukayo,Saka,Saka,5.5,5.4,24,7322
Arsenal,M,Matteo,Guendouzi,Guendouzi,5,4.7,25,5759
Arsenal,M,Gabriel Teodoro,Martinelli Silva,Martinelli,5,4.9,26,7752
Arsenal,D,William,Saliba,Saliba,4.5,4.0,27,6888
Aston Villa,G,Tom,Heaton,Heaton,4.5,4.5,28,1651
Aston Villa,D,Ahmed,El Mohamady,El Mohamady,4.5,4.3,29,1685
Aston Villa,M,Henri,Lansbury,Lansbury,4.5,4.3,30,7727
Aston Villa,D,Neil,Taylor,Taylor,4.5,4.2,31,710
Aston Villa,G,Jed,Steer,Steer,4,3.9,32,4475
Aston Villa,M,Conor,Hourihane,Hourihane,6,5.9,33,7721
Aston Villa,M,José Ignacio,Peleteiro Romallo,Jota,6,5.9,34,2132
Aston Villa,G,Ørjan,Nyland,Nyland,4,4.0,35,250
Aston Villa,D,Bjorn,Engels,Engels,4.5,4.4,36,7152
Aston Villa,M,Jack,Grealish,Grealish,7,7.8,37,675
Aston Villa,M,John,McGinn,McGinn,5.5,5.5,38,7723
Aston Villa,D,Kortney,Hause,Hause,4.5,4.4,39,6859
Aston Villa,M,Mahmoud Ahmed,Ibrahim Hassan,Trézéguet,5.5,5.2,40,7722
Aston Villa,D,Tyrone,Mings,Mings,5,5.4,41,1024
Aston Villa,D,Matt,Targett,Targett,4.5,4.8,42,884
Aston Villa,D,James,Bree,Bree,4.5,4.5,43,-1
Aston Villa,M,Marvelous,Nakamba,Nakamba,4.5,4.3,44,8040
Aston Villa,M,Anwar,El Ghazi,El Ghazi,6,5.5,45,5612
Aston Villa,D,Ezri,Konsa Ngoyo,Konsa,4.5,4.6,46,7726
Aston Villa,D,Frédéric,Guilbert,Guilbert,4.5,4.3,47,3253
Aston Villa,F,Wesley,Moraes,Wesley,6,6.0,48,7724
Aston Villa,F,Mbwana,Samatta,Samatta,6,5.9,49,8287
Aston Villa,F,Keinan,Davis,Davis,4.5,4.3,50,1053
Aston Villa,F,Indiana,Vassilev,Vassilev,4.5,4.3,51,8254
Aston Villa,M,Douglas Luiz,Soares de Paulo,Douglas Luiz,5,4.9,52,6122
Brighton,F,Glenn,Murray,Murray,5,4.8,53,882
Brighton,M,Adam,Lallana,Lallana,6.5,6.2,54,486
Burnley,M,Dale,Stephens,Stephens,4.5,4.2,55,6051
West Brom,G,David,Button,Button,4,4.0,56,6843
Brighton,M,Pascal,Groß,Groß,6,5.8,57,239
Brighton,D,Shane,Duffy,Duffy,4.5,4.3,58,6047
Brighton,M,Davy,Pröpper,Pröpper,5,4.8,59,6050
Brighton,M,Aaron,Mooy,Mooy,5,5.0,60,6033
Brighton,D,Dan,Burn,Burn,4.5,4.2,61,7382
Brighton,D,Lewis,Dunk,Dunk,5,4.8,62,6048
Brighton,D,Martín,Montoya,Montoya,4.5,4.5,63,1950
Brighton,F,Florin,Andone,Andone,5,4.8,64,4068
Brighton,M,Solomon,March,March,5,5.0,65,6049
Brighton,D,Adam,Webster,Webster,4.5,4.4,66,7699
Brighton,D,Joël,Veltman,Veltman,4.5,4.3,67,8780
Brighton,F,Neal,Maupay,Maupay,6.5,6.1,68,3621
Brighton,M,Leandro,Trossard,Trossard,6,5.7,69,7698
Arsenal,G,Mathew,Ryan,Ryan,4.5,4.2,70,2385
Brighton,M,Alireza,Jahanbakhsh,Jahanbakhsh,5.5,5.4,71,6842
Brighton,M,José,Izquierdo,Izquierdo,5.5,5.5,72,6231
Brighton,D,Matthew,Clarke,Clarke,4.5,4.4,73,-1
Brighton,D,Ben,White,White,4.5,4.4,74,7298
Brighton,D,Bernardo,Fernandes da Silva Junior,Bernardo,4,3.9,75,5245
Brighton,M,Yves,Bissouma,Bissouma,4.5,4.4,76,5609
Brighton,D,Tariq,Lamptey,Lamptey,4.5,4.6,77,8226
Brighton,F,Aaron,Connolly,Connolly,5.5,5.2,78,7991
Brighton,M,Steven,Alzate,Alzate,4.5,4.3,79,8020
Brighton,M,Alexis,Mac Allister,Mac Allister,5.5,5.3,80,8379
Burnley,D,James,Tarkowski,Tarkowski,5.5,5.3,81,1665
Burnley,D,Phil,Bardsley,Bardsley,4.5,4.4,82,857
Burnley,D,Erik,Pieters,Pieters,4.5,4.3,83,887
Burnley,M,Jack,Cork,Cork,5,5.0,84,712
Burnley,D,Kevin,Long,Long,4.5,4.3,85,1747
Burnley,F,Jay,Rodriguez,Rodriguez,6,5.8,86,844
Burnley,F,Ashley,Barnes,Barnes,6,6.0,87,4422
Burnley,D,Ben,Mee,Mee,5,4.9,88,1654
Burnley,M,Ashley,Westwood,Westwood,5.5,5.3,89,669
Burnley,M,Johann Berg,Gudmundsson,Gudmundsson,5.5,5.4,90,1663
Burnley,F,Chris,Wood,Wood,6.5,6.2,91,4456
Burnley,D,Matthew,Lowton,Lowton,4.5,4.4,92,1652
Burnley,F,Matej,Vydra,Vydra,5,4.8,93,1017
Burnley,D,Ben,Gibson,Gibson,4,3.9,94,1707
Burnley,M,Robbie,Brady,Brady,5,5.0,95,789
Burnley,G,Nick,Pope,Pope,5.5,5.5,96,5552
Burnley,D,Charlie,Taylor,Taylor,4.5,4.5,97,6044
Burnley,M,Josh,Brownhill,Brownhill,5,4.9,98,8323
Burnley,G,Bailey,Peacock-Farrell,Peacock-Farrell,4,4.0,99,8482
Burnley,M,Dwight,McNeil,McNeil,6,5.7,100,6756
Chelsea,G,Willy,Caballero,Caballero,5,4.7,101,624
Chelsea,D,César,Azpilicueta,Azpilicueta,6,5.6,102,681
Chelsea,F,Olivier,Giroud,Giroud,7,6.7,103,502
Chelsea,D,Marcos,Alonso,Alonso,6,5.6,104,1621
Chelsea,M,Jorge Luiz,Frello Filho,Jorginho,5,4.7,105,1389
Aston Villa,M,Ross,Barkley,Barkley,6,5.9,106,592
Chelsea,M,Mateo,Kovacic,Kovacic,5.5,5.3,107,2254
Crystal Palace,F,Michy,Batshuayi,Batshuayi,6,5.7,108,1678
Chelsea,D,Antonio,Rüdiger,Rüdiger,5,4.5,109,1822
Chelsea,D,Kurt,Zouma,Zouma,5,5.5,110,935
Chelsea,D,Emerson,Palmieri dos Santos,Emerson,5,4.7,111,1245
Chelsea,G,Kepa,Arrizabalaga,Arrizabalaga,5,4.7,112,5061
Chelsea,M,N'Golo,Kanté,Kanté,5,4.9,113,751
Chelsea,M,Hakim,Ziyech,Ziyech,8,8.1,114,8992
Fulham,M,Ruben,Loftus-Cheek,Loftus-Cheek,6,5.9,115,688
Chelsea,D,Andreas,Christensen,Christensen,5,4.7,116,200
Chelsea,F,Timo,Werner,Werner,9.5,9.2,117,65
Chelsea,F,Tammy,Abraham,Abraham,7.5,7.2,118,702
Chelsea,M,Christian,Pulisic,Pulisic,8.5,8.2,119,2662
Chelsea,M,Mason,Mount,Mount,7,6.8,120,7768
Chelsea,D,Fikayo,Tomori,Tomori,5,4.7,121,703
Chelsea,M,Callum,Hudson-Odoi,Hudson-Odoi,6,5.7,122,6456
Chelsea,D,Reece,James,James,5,5.0,123,8067
Chelsea,M,Billy,Gilmour,Gilmour,4.5,4.4,124,7988
Crystal Palace,D,Gary,Cahill,Cahill,4.5,4.5,125,699
Crystal Palace,G,Wayne,Hennessey,Hennessey,4.5,4.3,126,509
Crystal Palace,D,Mamadou,Sakho,Sakho,4.5,4.4,127,485
Crystal Palace,G,Vicente,Guaita,Guaita,5,4.8,128,2190
Crystal Palace,D,James,Tomkins,Tomkins,4.5,4.5,129,530
Crystal Palace,M,James,McArthur,McArthur,5.5,5.2,130,633
Crystal Palace,M,James,McCarthy,McCarthy,4.5,4.3,131,589
Crystal Palace,F,Christian,Benteke,Benteke,5.5,5.5,132,606
Crystal Palace,M,Cheikhou,Kouyaté,Kouyaté,5,4.9,133,532
Crystal Palace,D,Joel,Ward,Ward,4.5,4.3,134,510
Crystal Palace,D,Martin,Kelly,Kelly,4.5,4.1,135,525
Crystal Palace,F,Connor,Wickham,Wickham,4.5,4.4,136,519
Crystal Palace,M,Andros,Townsend,Townsend,6,5.6,137,775
Crystal Palace,M,Luka,Milivojevic,Milivojevic,6,5.6,138,5549
Crystal Palace,D,Patrick,van Aanholt,van Aanholt,5.5,5.4,139,730
Crystal Palace,F,Jordan,Ayew,Ayew,6,5.6,140,672
Crystal Palace,M,Wilfried,Zaha,Zaha,7,7.2,141,522
Crystal Palace,M,Jeffrey,Schlupp,Schlupp,5.5,5.3,142,757
Crystal Palace,M,Max,Meyer,Meyer,5,4.7,143,338
Crystal Palace,M,Jairo,Riedewald,Riedewald,4.5,4.4,144,6027
Crystal Palace,D,Nathan,Ferguson,Ferguson,4,3.8,145,-1
Crystal Palace,D,Tyrick,Mitchell,Mitchell,4,3.9,146,8214
Crystal Palace,M,Brandon,Pierrick,Pierrick,4.5,4.3,147,8216
Southampton,M,Theo,Walcott,Walcott,6,5.8,148,503
Everton,M,Fabian,Delph,Delph,5,4.8,149,876
Everton,M,Gylfi,Sigurdsson,Sigurdsson,7,6.8,150,714
Everton,G,Jonas,Lössl,Lössl,4.5,4.3,151,3468
Everton,D,Seamus,Coleman,Coleman,5,4.8,152,585
Everton,F,Cenk,Tosun,Tosun,6,6.0,153,6477
Everton,M,Bernard,Anício Caldeira Duarte,Bernard,6,5.7,154,7063
Everton,D,Lucas,Digne,Digne,6,6.1,155,1823
Everton,D,Michael,Keane,Keane,5,5.1,156,1653
Everton,G,Jordan,Pickford,Pickford,5,4.8,157,741
Everton,M,André Filipe,Tavares Gomes,André Gomes,5.5,5.3,158,2383
Everton,M,Alex,Iwobi,Iwobi,6,5.9,159,500
Everton,D,Jonjoe,Kenny,Kenny,4.5,4.3,160,1084
Everton,M,Jean-Philippe,Gbamin,Gbamin,5,5.0,161,4764
Everton,D,Yerry,Mina,Mina,5.5,5.5,162,6521
Everton,M,Tom,Davies,Davies,5.5,5.2,163,1042
Everton,F,Dominic,Calvert-Lewin,Calvert-Lewin,7,7.6,164,5555
Everton,D,Mason,Holgate,Holgate,5,4.8,165,985
Everton,F,Richarlison,de Andrade,Richarlison,8,7.8,166,6026
Everton,G,João,Virgínia,Virgínia,4.5,4.3,167,-1
Everton,M,Anthony,Gordon,Gordon,4.5,4.3,168,8150
Everton,F,Moise,Kean,Kean,6,5.7,169,1304
Everton,D,Jarrad,Branthwaite,Branthwaite,4,3.9,170,8476
Fulham,G,Fabricio,Agosto Ramírez,Fabri,4,4.0,171,2587
Fulham,M,Kevin,McDonald,McDonald,5,4.7,172,6836
Fulham,D,Maxime,Le Marchand,Le Marchand,4.5,4.1,173,3304
Fulham,M,Stefan,Johansen,Johansen,5,4.7,174,6838
Fulham,M,Tom,Cairney,Cairney,5.5,5.2,175,6835
Fulham,D,Tim,Ream,Ream,4.5,4.2,176,7184
Fulham,M,Anthony,Knockaert,Knockaert,5.5,5.0,177,4497
Fulham,D,Michael,Hector,Hector,4.5,4.2,178,5274
Fulham,D,Cyrus,Christie,Christie,4.5,4.2,179,6833
Fulham,M,Neeskens,Kebano,Kebano,5,4.7,180,6840
Fulham,F,Bobby,Decordova-Reid,Decordova-Reid,5.5,5.3,181,6827
Fulham,D,Joe,Bryan,Bryan,5,4.6,182,6834
Fulham,G,Marcus,Bettinelli,Bettinelli,4.5,4.3,183,7076
Fulham,F,Aleksandar,Mitrović,Mitrović,6,5.5,184,773
Fulham,D,Alfie,Mawson,Mawson,4.5,4.3,185,1727
Fulham,G,Marek,Rodák,Rodák,4.5,4.3,186,8704
Fulham,M,Ivan Ricardo,Neves Abreu Cavaleiro,Cavaleiro,5.5,5.3,187,3683
Fulham,M,Josh,Onomah,Onomah,5,4.6,188,661
Fulham,M,Jean Michaël,Seri,Seri,5,4.6,189,3312
Fulham,M,Aboubakar,Kamara,Kamara,5,4.8,190,4866
Fulham,M,André-Frank,Zambo Anguissa,Anguissa,4.5,4.5,191,6434
Fulham,D,Zeze Steven,Sessegnon,Sessegnon,4.5,4.3,192,-1
Leeds,M,Pablo,Hernández Domínguez,Hernández,6,5.7,193,2164
Leeds,G,Francisco,Casilla Cortés,Casilla,4.5,4.2,194,2259
Leeds,D,Liam,Cooper,Cooper,4.5,4.3,195,8816
Leeds,D,Barry,Douglas,Douglas,4,3.8,196,-1
Leeds,D,Luke,Ayling,Ayling,4.5,4.4,197,8716
Leeds,M,Mateusz,Klich,Klich,5.5,5.3,198,4381
Leeds,M,Adam,Forshaw,Forshaw,5,4.8,199,1711
Leeds,D,Stuart,Dallas,Dallas,4.5,4.8,200,8718
Leeds,D,Ezgjan,Alioski,Alioski,4.5,4.4,201,8722
Leeds,F,Patrick,Bamford,Bamford,5.5,6.6,202,822
Leeds,M,Jack,Harrison,Harrison,5.5,5.4,203,8720
Leeds,M,Kalvin,Phillips,Phillips,5,4.9,204,8719
Leeds,M,Hélder Wander,Sousa de Azevedo e Costa,Costa,5.5,5.1,205,3428
Leeds,M,Tyler,Roberts,Roberts,5,4.7,206,1014
Leeds,M,Jay-Roy,Grot,Grot,5,4.7,207,-1
Leeds,G,Kamil,Miazek,Miazek,4,4.0,208,-1
Leeds,M,Ian Carlo,Poveda-Ocampo,Poveda-Ocampo,4.5,4.3,209,8723
Leeds,M,Jamie,Shackleton,Shackleton,5,4.8,210,8721
Leeds,D,Pascal,Struijk,Struijk,4,3.9,211,8717
Leeds,M,Jordan,Stevens,Stevens,4.5,4.3,212,-1
Leeds,G,Illan,Meslier,Meslier,4.5,4.7,213,8715
Leeds,D,Leif,Davis,Davis,4,3.9,214,8919
Leeds,D,Oliver,Casey,Casey,4,3.9,215,-1
Leicester,D,Wes,Morgan,Morgan,4.5,4.4,216,748
Leicester,G,Kasper,Schmeichel,Schmeichel,5.5,5.5,217,745
Leicester,D,Christian,Fuchs,Fuchs,4.5,4.5,218,749
Leicester,D,Jonny,Evans,Evans,5.5,5.5,219,807
Leicester,M,Adrien,Silva,Silva,4.5,4.4,220,6464
Leicester,M,Marc,Albrighton,Albrighton,5.5,5.2,221,753
Leicester,M,Matty,James,James,4.5,4.3,222,4441
Leicester,G,Danny,Ward,Ward,4.5,4.3,223,473
Leicester,F,Jamie,Vardy,Vardy,10,10.0,224,755
Leicester,M,Dennis,Praet,Praet,5.5,5.2,225,1234
Leicester,D,Ricardo Domingos,Barbosa Pereira,Pereira,6,5.9,226,3303
Leicester,D,Daniel,Amartey,Amartey,4,3.9,227,759
Leicester,M,Youri,Tielemans,Tielemans,6.5,6.4,228,5956
Leicester,M,Ayoze,Pérez,Pérez,6.5,6.0,229,770
Leicester,M,Demarai,Gray,Gray,5.5,5.1,230,762
Leicester,M,James,Maddison,Maddison,7,7.3,231,6818
Chelsea,D,Benjamin,Chilwell,Chilwell,5.5,6.0,232,782
Leicester,F,Kelechi,Iheanacho,Iheanacho,6,5.6,233,620
Leicester,M,Hamza,Choudhury,Choudhury,5,4.7,234,6418
Leicester,M,Harvey,Barnes,Barnes,7,6.9,235,6681
Leicester,M,Wilfred,Ndidi,Ndidi,5,4.8,236,5545
Leicester,D,Filip,Benkovic,Benkovic,4.5,4.3,237,-1
Leicester,D,Çaglar,Söyüncü,Söyüncü,5.5,5.3,238,5264
Leicester,D,James,Justin,Justin,4.5,5.1,239,7753
Leicester,D,Luke,Thomas,Thomas,4.5,4.2,240,8562
Liverpool,M,James,Milner,Milner,5.5,5.3,241,489
Liverpool,D,Konstantinos,Tsimikas,Tsimikas,5,4.9,242,-1
Liverpool,M,Georginio,Wijnaldum,Wijnaldum,5.5,5.3,243,771
Liverpool,M,Jordan,Henderson,Henderson,5.5,5.4,244,605
Liverpool,G,Adrián,San Miguel del Castillo,Adrián,4.5,4.2,245,527
Liverpool,D,Joel,Matip,Matip,5.5,5.4,246,332
Liverpool,M,Xherdan,Shaqiri,Shaqiri,6.5,6.4,247,888
Liverpool,M,Alex,Oxlade-Chamberlain,Chamberlain,6.5,6.3,248,966
Liverpool,F,Roberto,Firmino,Firmino,9.5,9.5,249,482
Liverpool,D,Virgil,van Dijk,van Dijk,6.5,6.3,250,833
Liverpool,M,Sadio,Mané,Mané,12,11.9,251,838
Liverpool,G,Alisson,Ramses Becker,Alisson,6,5.9,252,1257
Liverpool,M,Fabio Henrique,Tavares,Fabinho,5.5,5.4,253,3420
Liverpool,M,Mohamed,Salah,Salah,12,12.7,254,1250
Liverpool,D,Andrew,Robertson,Robertson,7,7.4,255,1688
Liverpool,F,Divock,Origi,Origi,5.5,5.2,256,484
Liverpool,M,Harry,Wilson,Harry Wilson,5.5,5.1,257,5596
Southampton,M,Takumi,Minamino,Minamino,6.5,6.0,258,8239
Liverpool,D,Trent,Alexander-Arnold,Alexander-Arnold,7.5,7.4,259,1791
Liverpool,D,Joseph,Gomez,Gomez,5.5,5.2,260,987
Liverpool,M,Naby,Keita,Keita,5.5,5.2,261,5247
Sheffield Utd,F,Rhian,Brewster,Brewster,4.5,4.5,262,5569
Liverpool,M,Curtis,Jones,Jones,4.5,4.4,263,6665
Liverpool,D,Neco,Williams,Williams,4,3.9,264,8204
Liverpool,M,Harvey,Elliott,Elliott,4.5,4.3,265,7546
Man City,D,Fernando,Luiz Rosa,Fernandinho,5.5,5.4,266,614
Man City,G,Claudio,Bravo,Bravo,4.5,4.5,267,1731
Man City,F,Sergio,Agüero,Agüero,10.5,10.3,268,619
Man City,D,Nicolás,Otamendi,Otamendi,5,4.9,269,611
Man City,D,Kyle,Walker,Walker,6,6.1,270,638
Man City,M,Ilkay,Gündogan,Gündogan,5.5,5.9,271,314
Man City,M,Kevin,De Bruyne,De Bruyne,11.5,11.8,272,447
Man City,D,John,Stones,Stones,5,5.2,273,586
Man City,D,Benjamin,Mendy,Mendy,6,5.9,274,3389
Man City,M,Riyad,Mahrez,Mahrez,8.5,8.1,275,750
Man City,M,Raheem,Sterling,Sterling,11.5,11.6,276,618
Man City,D,João Pedro Cavaco,Cancelo,Cancelo,5.5,6.0,277,2379
Man City,G,Ederson,Santana de Moraes,Ederson,6,6.1,278,6054
Man City,D,Nathan,Aké,Aké,5.5,5.4,279,579
Man City,D,Aymeric,Laporte,Laporte,6,6.0,280,2498
Man City,M,Bernardo Mota,Veiga de Carvalho e Silva,Bernardo Silva,7.5,7.4,281,3635
Man City,F,Gabriel Fernando,de Jesus,Jesus,9.5,9.2,282,5543
Man City,D,Oleksandr,Zinchenko,Zinchenko,5.5,5.5,283,2958
Man City,M,Phil,Foden,Foden,6.5,6.1,284,6055
Man City,M,Tommy,Doyle,Doyle,4.5,4.4,285,8496
Man City,M,Rodrigo,Hernandez,Rodrigo,5.5,5.3,286,2496
Man City,M,Ferran,Torres,Torres,7,6.9,287,6441
Man City,D,Eric,Garcia,Garcia,5,4.7,288,8045
Man Utd,G,Sergio,Romero,Romero,5,4.9,289,560
Man Utd,M,Juan,Mata,Mata,6,5.8,290,554
Man Utd,G,David,de Gea,de Gea,5.5,5.3,291,546
Man Utd,D,Chris,Smalling,Smalling,5,4.9,292,628
Man Utd,F,Odion,Ighalo,Ighalo,6.5,6.1,293,573
Man Utd,D,Marcos,Rojo,Rojo,5,4.8,294,550
Man Utd,M,Nemanja,Matic,Matic,5,4.7,295,697
Man Utd,M,Paul,Pogba,Pogba,8,7.7,296,1740
Man Utd,D,Phil,Jones,Jones,5,4.8,297,951
Man Utd,D,Harry,Maguire,Maguire,5.5,5.5,298,1687
Man Utd,M,Frederico,Rodrigues de Paula Santos,Fred,5.5,5.3,299,6817
Man Utd,D,Luke,Shaw,Shaw,5,4.9,300,1006
West Ham,M,Jesse,Lingard,Lingard,6,6.0,301,558
Man Utd,M,Bruno Miguel,Borges Fernandes,Fernandes,10.5,11.4,302,1228
Man Utd,F,Anthony,Martial,Martial,9,8.7,303,553
Man Utd,M,Andreas,Pereira,Pereira,5,4.8,304,922
Man Utd,G,Dean,Henderson,Henderson,5.5,5.2,305,7702
Man Utd,M,Marcus,Rashford,Rashford,9.5,9.5,306,556
Man Utd,D,Axel,Tuanzebe,Tuanzebe,4.5,4.2,307,934
Man Utd,D,Victor,Lindelöf,Lindelöf,5,4.8,308,6080
Man Utd,M,Scott,McTominay,McTominay,5,4.9,309,5560
Man Utd,D,Eric,Bailly,Bailly,5,4.9,310,1739
Man Utd,M,Daniel,James,James,6.5,6.2,311,5595
Man Utd,D,Timothy,Fosu-Mensah,Fosu-Mensah,4.5,4.3,312,549
Man Utd,D,Aaron,Wan-Bissaka,Wan-Bissaka,5.5,5.5,313,5584
Man Utd,D,José Diogo,Dalot Teixeira,Dalot,5,4.8,314,7281
Man Utd,M,Mason,Greenwood,Greenwood,7.5,7.0,315,7490
Man Utd,M,Tahith,Chong,Chong,4.5,4.4,316,7439
Man Utd,M,James,Garner,Garner,4.5,4.4,317,7438
Man Utd,D,Brandon,Williams,Williams,4.5,4.2,318,8075
Man Utd,D,Teden,Mengi,Mengi,4,3.9,319,-1
Newcastle,F,Andy,Carroll,Carroll,5.5,5.2,320,537
Newcastle,M,Jonjo,Shelvey,Shelvey,5.5,5.3,321,769
Newcastle,M,Matt,Ritchie,Ritchie,5,4.9,322,461
Newcastle,D,Federico,Fernández,Fernández,5,4.7,323,708
Newcastle,D,Ciaran,Clark,Clark,4.5,4.5,324,875
Newcastle,G,Karl,Darlow,Darlow,5,5.0,325,780
Newcastle,G,Martin,Dubravka,Dubravka,5,4.8,326,6532
Newcastle,D,Florian,Lejeune,Lejeune,4.5,4.3,327,5073
Newcastle,D,Jamaal,Lascelles,Lascelles,4.5,4.2,328,766
Newcastle,F,Dwight,Gayle,Gayle,6,5.9,329,743
Newcastle,M,Christian,Atsu,Atsu,5.5,5.2,330,2344
Newcastle,D,Paul,Dummett,Dummett,4.5,4.4,331,853
Newcastle,D,Javier,Manquillo,Manquillo,4.5,4.2,332,1719
Newcastle,D,Emil,Krafth,Krafth,4.5,4.2,333,1545
Newcastle,D,Fabian,Schär,Schär,5,4.9,334,76
Newcastle,D,DeAndre,Yedlin,Yedlin,4.5,4.3,335,727
Newcastle,M,Isaac,Hayden,Hayden,5,4.7,336,6062
Newcastle,M,Rolando,Aarons,Aarons,5,4.8,337,915
Newcastle,M,Allan,Saint-Maximin,Saint-Maximin,5.5,5.1,338,101
Newcastle,M,Miguel,Almirón,Almirón,6,5.6,339,7420
Newcastle,F,Joelinton Cássio,Apolinário de Lira,Joelinton,6,5.7,340,87
Newcastle,F,Yoshinori,Muto,Muto,5,4.8,341,47
Newcastle,D,Kelland,Watts,Watts,4,3.9,342,7602
Sheffield Utd,F,Billy,Sharp,Sharp,6,5.5,343,7712
Sheffield Utd,F,David,McGoldrick,McGoldrick,5.5,5.2,344,7711
Sheffield Utd,D,Chris,Basham,Basham,5,4.6,345,7704
Sheffield Utd,M,John,Fleck,Fleck,6,5.6,346,7709
Sheffield Utd,D,Enda,Stevens,Stevens,5.5,5.0,347,7707
Sheffield Utd,G,Simon,Moore,Moore,4.5,4.3,348,7715
Sheffield Utd,M,Oliver,Norwood,Norwood,5,4.5,349,7710
Sheffield Utd,G,Wes,Foderingham,Foderingham,4.5,4.3,350,-1
Sheffield Utd,D,George,Baldock,Baldock,5.5,4.9,351,7706
Sheffield Utd,D,Jack,Robinson,Jack Robinson,4.5,4.2,352,8286
Sheffield Utd,D,John,Egan,Egan,5,4.7,353,7703
Sheffield Utd,D,Jack,O'Connell,O'Connell,5,4.7,354,7705
Sheffield Utd,M,John,Lundstram,Lundstram,5.5,4.9,355,7708
Sheffield Utd,M,Ben,Osborn,Osborn,5,4.7,356,7714
Sheffield Utd,F,Oliver,McBurnie,McBurnie,6,5.6,357,1736
West Brom,F,Callum,Robinson,Callum Robinson,5.5,5.4,358,4476
Sheffield Utd,F,Lys,Mousset,Mousset,6,5.8,359,1748
Sheffield Utd,M,Sander,Berge,Berge,5,4.9,360,8285
Southampton,F,Shane,Long,Long,5.5,5.1,361,839
Southampton,D,Ryan,Bertrand,Bertrand,5,5.0,362,835
Southampton,G,Alex,McCarthy,McCarthy,4.5,4.6,363,635
Southampton,M,Oriol,Romeu Vidal,Oriol Romeu,4.5,4.5,364,842
Southampton,M,Nathan,Redmond,Redmond,6.5,6.4,365,790
Southampton,F,Danny,Ings,Ings,8.5,8.4,366,986
Southampton,D,Jack,Stephens,Stephens,5,4.6,367,1735
Southampton,M,Stuart,Armstrong,Armstrong,5.5,5.5,368,6893
Southampton,D,Jannik,Vestergaard,Vestergaard,4.5,4.7,369,111
Southampton,M,James,Ward-Prowse,Ward-Prowse,6,6.0,370,843
Southampton,G,Angus,Gunn,Gunn,4.5,4.3,371,5544
Southampton,M,Sofiane,Boufal,Boufal,5.5,5.4,372,1734
Fulham,M,Harrison,Reed,Reed,4.5,4.4,373,910
Southampton,M,Josh,Sims,Sims,4.5,4.3,374,5565
Southampton,D,Kyle,Walker-Peters,Walker-Peters,4.5,4.7,375,885
Southampton,D,Jan,Bednarek,Bednarek,4.5,4.9,376,6042
Southampton,F,Che,Adams,Adams,6,5.8,377,7700
Southampton,D,Yan,Valery,Valery,5,4.7,378,7280
Southampton,M,William,Smallbone,Smallbone,4.5,4.4,379,8224
Southampton,D,Jake,Vokins,Vokins,4,3.9,380,8493
Southampton,F,Michael,Obafemi,Obafemi,5,4.6,381,6504
Southampton,M,Moussa,Djenepo,Djenepo,5.5,5.4,382,7701
Spurs,G,Hugo,Lloris,Lloris,5.5,5.6,383,637
Spurs,D,Danny,Rose,Rose,5,4.7,384,641
Spurs,M,Moussa,Sissoko,Sissoko,5,4.8,385,772
Spurs,D,Toby,Alderweireld,Alderweireld,5.5,5.4,386,639
Spurs,M,Erik,Lamela,Lamela,6,5.7,387,644
Spurs,F,Harry,Kane,Kane,10.5,11.0,388,647
Spurs,D,Serge,Aurier,Aurier,5.5,5.2,389,3600
Spurs,M,Heung-Min,Son,Son,9,9.7,390,453
Spurs,D,Eric,Dier,Dier,5,5.0,391,643
Spurs,M,Lucas,Rodrigues Moura da Silva,Lucas Moura,7,6.6,392,3293
Spurs,G,Paulo,Gazzaniga,Gazzaniga,4.5,4.3,393,973
Spurs,M,Bamidele,Alli,Alli,8,7.4,394,645
Spurs,D,Ben,Davies,Davies,5,4.6,395,660
Spurs,M,Pierre-Emile,Højbjerg,Højbjerg,5,4.9,396,343
Spurs,M,Harry,Winks,Winks,5.5,5.2,397,971
Spurs,D,Davinson,Sánchez,Sánchez,5.5,5.2,398,6249
Spurs,D,Ryan,Sessegnon,Sessegnon,5,4.7,399,6837
Spurs,M,Steven,Bergwijn,Bergwijn,7.5,7.0,400,8300
Spurs,M,Gedson,Carvalho Fernandes,Fernandes,5,4.7,401,8257
Spurs,D,Japhet,Tanganga,Tanganga,5,4.9,402,8222
Spurs,M,Giovani,Lo Celso,Lo Celso,7,6.9,403,5681
Spurs,M,Oliver,Skipp,Skipp,4.5,4.4,404,7198
Spurs,M,Tanguy,Ndombele,Ndombele,6,5.9,405,5962
Spurs,D,Juan,Foyth,Foyth,4.5,4.3,406,6306
West Brom,D,Kieran,Gibbs,Gibbs,4.5,4.3,407,545
West Brom,F,Hal,Robson-Kanu,Robson-Kanu,5.5,5.2,408,1738
West Brom,M,Jake,Livermore,Livermore,5,4.7,409,1689
West Brom,M,Kamil,Grosicki,Grosicki,5.5,5.2,410,3231
West Brom,M,Matt,Phillips,Phillips,5.5,5.1,411,1737
West Brom,D,Kyle,Bartley,Bartley,4.5,4.4,412,964
West Brom,M,Romaine,Sawyers,Sawyers,5,4.7,413,8757
West Brom,D,Ahmed El-Sayed,Hegazy,Hegazi,4.5,4.1,414,3979
West Brom,F,Charlie,Austin,Austin,5.5,5.1,415,848
West Brom,F,Kenneth,Zohore,Zohore,5,4.8,416,6928
West Brom,G,Sam,Johnstone,Johnstone,4.5,4.5,417,978
West Brom,D,Conor,Townsend,Townsend,4.5,4.4,418,8905
West Brom,D,Oluwasemilogo Adesewo Ibidapo,Ajayi,Ajayi,5,4.8,419,4490
West Brom,M,Jonathan,Leko,Leko,4.5,4.5,420,879
West Brom,M,Kyle,Edwards,Edwards,5,4.7,421,8758
West Brom,D,Darnell,Furlong,Furlong,4.5,4.5,422,4391
West Brom,M,Sam,Field,Field,5,4.8,423,1013
Sheffield Utd,M,Oliver,Burke,Burke,4.5,4.2,424,5256
West Brom,D,Dara,O'Shea,O'Shea,4.5,4.3,425,8756
West Brom,M,Rekeem,Harper,Harper,4.5,4.3,426,5562
West Ham,M,Mark,Noble,Noble,5,4.6,427,533
West Brom,M,Robert,Snodgrass,Snodgrass,6,5.6,428,1691
West Ham,G,David,Martin,Martin,4,4.0,429,8082
West Ham,G,Darren,Randolph,Randolph,4.5,4.4,430,540
West Ham,G,Lukasz,Fabianski,Fabianski,5,5.1,431,706
West Ham,D,Angelo,Ogbonna,Ogbonna,5,5.0,432,528
West Ham,G,Roberto,Jimenez Gago,Roberto,4.5,4.5,433,5087
West Ham,M,Jack,Wilshere,Wilshere,5,4.9,434,1036
West Ham,D,Aaron,Cresswell,Cresswell,5,5.6,435,534
West Ham,M,Andriy,Yarmolenko,Yarmolenko,6,5.5,436,6274
West Ham,F,Michail,Antonio,Antonio,6.5,6.7,437,531
West Ham,D,Ryan,Fredericks,Fredericks,4.5,4.2,438,6891
West Ham,M,Manuel,Lanzini,Lanzini,6.5,6.4,439,535
West Ham,M,Felipe Anderson,Pereira Gomes,Felipe Anderson,6.5,6.1,440,1208
West Ham,F,Sébastien,Haller,Haller,6.5,6.1,441,6144
West Ham,D,Arthur,Masuaku,Masuaku,4.5,4.3,442,1760
West Ham,D,Fabián,Balbuena,Balbuena,4.5,4.3,443,6892
West Ham,F,Jordan,Hugill,Hugill,5.5,5.5,444,6526
West Ham,M,Jarrod,Bowen,Bowen,6.5,6.2,445,1776
West Brom,M,Grady,Diangana,Diangana,5.5,5.0,446,6651
West Ham,F,Albian,Ajeti,Ajeti,5.5,5.5,447,2673
West Ham,M,Declan,Rice,Rice,5,4.8,448,5553
West Ham,M,Tomas,Soucek,Soucek,5,5.4,449,8288
West Ham,M,Pablo,Fornals,Fornals,6.5,6.0,450,2335
West Ham,D,Issa,Diop,Diop,4.5,4.3,451,3203
West Ham,D,Ben,Johnson,Johnson,4,3.9,452,6424
Wolves,G,John,Ruddy,Ruddy,4.5,4.3,453,785
Wolves,M,João Filipe Iria,Santos Moutinho,Moutinho,5.5,5.2,454,3422
Wolves,G,Rui Pedro,dos Santos Patrício,Patrício,5.5,5.4,455,6849
Wolves,D,Ryan,Bennett,Bennett,4.5,4.4,456,787
Spurs,D,Matt,Doherty,Doherty,6,5.6,457,6852
Wolves,D,Willy,Boly,Boly,5.5,5.4,458,6850
Wolves,D,Conor,Coady,Coady,5,4.8,459,6851
Wolves,F,Raúl,Jiménez,Jiménez,8.5,8.2,460,4105
Wolves,D,Romain,Saïss,Saïss,5,4.9,461,3491
Wolves,D,Jonathan,Castro Otto,Jonny,5.5,5.4,462,2280
Wolves,F,Léo,Bonatini,Bonatini,5,4.8,463,6855
Wolves,M,Leander,Dendoncker,Dendoncker,5,4.6,464,7236
Wolves,M,Adama,Traoré,Traoré,6.5,6.0,465,900
Wolves,M,Rúben Diogo,da Silva Neves,Neves,5.5,5.1,466,6853
Wolves,D,Oskar,Buur,Buur,4,3.9,467,8227
Liverpool,M,Diogo,Jota,Jota,6.5,6.6,468,6854
Wolves,M,Daniel,Castelo Podence,Podence,5.5,5.3,469,8291
Wolves,D,Max,Kilman,Kilman,4,4.0,470,7332
Wolves,D,Rúben Gonçalo,Silva Nascimento Vinagre,Vinagre,4.5,4.1,471,6856
Wolves,G,Matija,Sarkic,Sarkic,4.5,4.4,472,-1
Wolves,M,Morgan,Gibbs-White,Gibbs-White,5,4.9,473,6857
Wolves,M,Pedro,Lomba Neto,Neto,5.5,5.7,474,6382
Wolves,M,Bruno André,Cavaco Jordao,Jordao,4.5,4.3,475,6336
Wolves,F,Leonardo,Campana,Campana,5,4.8,476,-1
Sheffield Utd,M,Luke,Freeman,Freeman,5,5.0,477,7713
Arsenal,M,Willian,Borges Da Silva,Willian,8,7.5,478,700
Southampton,D,Mohammed,Salisu,Salisu,4.5,4.3,479,6923
Newcastle,M,Sean,Longstaff,Longstaff,5,4.7,480,7078
West Brom,M,Matheus,Pereira,Pereira,6,5.7,481,7153
Spurs,G,Joe,Hart,Hart,4.5,4.3,482,609
Sheffield Utd,G,Aaron,Ramsdale,Ramsdale,5,4.6,483,5603
Fulham,D,Antonee,Robinson,Robinson,4.5,4.4,484,8940
Newcastle,M,Jeff,Hendrick,Hendrick,5,4.5,485,1746
Crystal Palace,D,Scott,Dann,Dann,4.5,4.3,486,512
Newcastle,M,Matthew,Longstaff,Matty Longstaff,5,4.9,487,8016
Newcastle,G,Mark,Gillespie,Gillespie,4.5,4.3,488,-1
Crystal Palace,M,Eberechi,Eze,Eze,6,5.8,489,8706
Chelsea,D,Thiago,Thiago,Thiago Silva,5.5,5.6,490,3288
Leeds,D,Robin,Koch,Koch,4.5,4.3,491,6273
Leeds,F,Rodrigo,Moreno,Rodrigo,6,5.7,492,2381
Fulham,M,Mario,Lemina,Lemina,4.5,4.5,493,1299
Arsenal,D,Gabriel,Magalhães,Gabriel,5,5.0,494,5613
Man Utd,M,Donny,van de Beek,van de Beek,7,6.6,495,8821
Aston Villa,D,Matthew,Cash,Cash,5,5.0,496,8864
Newcastle,M,Jacob,Murphy,Murphy,5,4.9,497,6063
Leicester,D,Timothy,Castagne,Castagne,5.5,5.7,498,6157
West Brom,D,Cedric,Kipre,Kipre,4.5,4.3,499,-1
Chelsea,M,Kai,Havertz,Havertz,8.5,8.2,500,5220
Arsenal,M,Daniel,Ceballos Fernández,Ceballos,5,4.7,501,2446
Everton,M,Allan,Marques Loureiro,Allan,5.5,5.2,502,1379
Brighton,G,Christian,Walton,Walton,4,4.0,503,-1
Wolves,F,Fabio,Silva,Fabio Silva,5.5,5.2,504,8778
Wolves,D,Fernando,Marçal,Marçal,5,4.7,505,5708
Newcastle,F,Callum,Wilson,Wilson,6.5,6.8,506,468
Newcastle,M,Ryan,Fraser,Fraser,6,5.6,507,1683
Everton,M,James,Rodríguez,Rodríguez,7.5,7.7,508,2249
Sheffield Utd,D,Ethan,Ampadu,Ampadu,4.5,4.3,509,6369
Sheffield Utd,D,Jayden,Bogle,Bogle,4.5,4.3,510,-1
Sheffield Utd,D,Max,Lowe,Lowe,4.5,4.3,511,8918
Everton,M,Abdoulaye,Doucouré,Doucouré,5.5,5.2,512,1726
Newcastle,D,Jamal,Lewis,Lewis,4.5,4.2,513,7691
Aston Villa,F,Ollie,Watkins,Watkins,6,6.3,514,8865
Wolves,M,Vitor,Ferreira,Vitinha,5,4.7,515,8777
Fulham,G,Alphonse,Areola,Areola,4.5,4.5,516,2310
Fulham,D,Kenny,Tete,Tete,4.5,4.3,517,5973
Leicester,M,Nampalys,Mendy,Mendy,4.5,4.3,518,1785
Burnley,D,Jimmy,Dunne,Dunne,4,3.8,519,8481
Burnley,D,Bobby,Thomas,Thomas,4,3.9,520,-1
Spurs,D,Cameron,Carter-Vickers,Carter-Vickers,4,3.9,521,-1
Crystal Palace,D,Sam,Woods,Woods,4,4.0,522,-1
Southampton,G,Fraser,Forster,Forster,4,4.0,523,831
Southampton,M,Nathan,Tella,Tella,4.5,4.3,524,8456
Fulham,D,Denis,Odoi,Odoi,4.5,4.2,525,7077
Arsenal,M,Mohamed Naser,El Sayed Elneny,Elneny,4.5,4.3,526,496
Arsenal,G,Matt,Macey,Macey,4,4.0,527,-1
Brighton,G,Jason,Steele,Steele,4,4.0,528,-1
Sheffield Utd,D,Phil,Jagielka,Jagielka,4,3.9,529,587
West Brom,D,Branislav,Ivanovic,Ivanovic,4.5,4.4,530,682
Liverpool,M,Thiago,Alcántara do Nascimento,Thiago,6,5.7,531,229
Leeds,G,Elia,Caprile,Caprile,4,4.0,532,-1
Leeds,M,Mateusz,Bogusz,Bogusz,4.5,4.3,533,-1
Crystal Palace,D,Ryan,Inniss,Inniss,4,4.0,534,-1
Burnley,M,Josh,Benson,Benson,4.5,4.5,535,7383
Burnley,D,Anthony,Driscoll-Glennon,Driscoll-Glennon,4,4.0,536,-1
Man City,M,Adrián,Bernabé,Bernabé,4.5,4.5,537,-1
Man City,G,Zack,Steffen,Steffen,4.5,4.4,538,7817
Man City,F,Liam,Delap,Delap,4.5,4.4,539,8868
Aston Villa,M,Bertrand,Traoré,Traoré,6,5.9,540,695
Leicester,M,Cengiz,Ünder,Ünder,6,5.7,541,6162
Spurs,D,Sergio,Reguilón,Reguilón,5.5,5.6,542,7187
Spurs,M,Gareth,Bale,Bale,9.5,9.3,543,2251
West Brom,M,Conor,Gallagher,Gallagher,5.5,5.5,544,9040
Wolves,D,Ki-Jana,Hoever,Hoever,4.5,4.4,545,8351
Wolves,D,Nélson,Cabral Semedo,Semedo,5.5,5.3,546,6163
Arsenal,G,Rúnar Alex,Rúnarsson,Rúnarsson,4.5,4.4,547,6875
Chelsea,G,Edouard,Mendy,Mendy,5,5.1,548,6880
Leeds,D,Diego,Llorente,Llorente,4.5,4.4,549,2163
Brighton,M,Jayson,Molumby,Molumby,4.5,4.5,550,6350
Burnley,M,Mace,Goodridge,Goodridge,4.5,4.5,551,-1
Man City,M,Cole,Palmer,Palmer,4.5,4.4,552,-1
Wolves,M,Meritan,Shabani,Shabani,4.5,4.4,553,6642
Aston Villa,M,Jacob,Ramsey,Ramsey,4.5,4.5,554,8941
West Brom,M,Filip,Krovinovic,Krovinovic,5,4.9,555,8966
Man City,D,Rúben Santos,Gato Alves Dias,Dias,5.5,6.1,556,8961
Fulham,M,Ademola,Lookman,Lookman,5,5.0,557,5556
West Ham,D,Vladimir,Coufal,Coufal,4.5,4.7,558,8965
Everton,D,Niels,Nkounkou,Nkounkou,4,4.0,559,8109
Liverpool,G,Caoimhin,Kelleher,Kelleher,4.5,4.5,560,-1
Leicester,D,Wesley,Fofana,Fofana,5,5.0,561,7589
Fulham,D,Ola,Aina,Aina,4.5,4.5,562,725
Wolves,D,Rayan,Ait Nouri,Ait Nouri,5,5.0,563,6674
Spurs,F,Carlos Vinicius,Alves Morais,Carlos Vinicius,7,6.9,564,7395
Southampton,M,Ibrahima,Diallo,Diallo,4.5,4.5,565,6736
Everton,D,Ben,Godfrey,Godfrey,5,5.0,566,7689
Arsenal,M,Thomas,Partey,Partey,5,4.9,567,2328
Man Utd,D,Alex Nicolao,Telles,Telles,5.5,5.5,568,1828
Man Utd,F,Edinson,Cavani,Cavani,8,7.9,569,3294
Leeds,M,Raphael,Dias Belloli,Raphinha,5.5,5.3,570,8026
Fulham,D,Joachim,Andersen,Andersen,4.5,4.5,571,6314
Fulham,D,Tosin,Adarabioyo,Adarabioyo,4.5,4.5,572,5590
Everton,G,Robin,Olsen,Olsen,4.5,4.5,573,6962
Brighton,F,Andi,Zeqiri,Zeqiri,5,5.0,574,-1
Man Utd,M,Facundo,Pellistri,Pellistri,5.5,5.2,575,-1
West Ham,D,Craig,Dawson,Dawson,4.5,4.5,576,804
Crystal Palace,D,Nathaniel,Clyne,Clyne,4.5,4.5,577,603
Crystal Palace,G,Stephen,Henderson,Henderson,4,4.0,578,-1
Leicester,F,Islam,Slimani,Slimani,5,4.9,579,1682
Sheffield Utd,G,Michael,Verrips,Verrips,4,4.0,580,-1
Wolves,M,Owen,Otasowie,Otasowie,4.5,4.5,581,-1
West Brom,F,Karlan,Grant,Grant,6,5.8,582,7390
Burnley,G,Will,Norris,Norris,4,4.0,583,7459
Spurs,D,Joe,Rodon,Rodon,5,5.0,584,6377
Fulham,D,Terence,Kongolo,Kongolo,4.5,4.3,585,6067
Crystal Palace,G,Jack,Butland,Butland,4.5,4.5,586,856
West Ham,M,Saïd,Benrahma,Benrahma,6,6.0,587,3585
Brighton,F,Danny,Welbeck,Welbeck,5.5,5.5,588,501
Liverpool,D,Nathaniel,Phillips,Phillips,4,4.0,589,8228
Southampton,F,Daniel,N'Lundulu,N'Lundulu,4.5,4.5,590,7983
Burnley,F,Max,Thompson,Thompson,4.5,4.5,591,8480
Burnley,F,Lewis,Richardson,Richardson,4.5,4.5,592,-1
Chelsea,G,Karlo,Ziger,Ziger,4,4.0,593,-1
Liverpool,D,Rhys,Williams,Rhys Williams,4,4.0,594,-1
Man City,G,James,Trafford,Trafford,4,4.0,595,-1
Everton,F,Ellis,Simms,Simms,4.5,4.5,596,-1
Brighton,G,Robert,Sánchez,Sánchez,4.5,4.4,597,9098
Southampton,D,Kayne,Ramsay,Ramsay,4,4.0,598,7326
Leeds,M,Jack,Jenkins,Jenkins,4.5,4.5,599,-1
West Brom,D,Lee,Peltier,Peltier,4,4.0,600,6822
Liverpool,M,Leighton,Clarkson,Clarkson,4.5,4.5,601,-1
Newcastle,M,Elliot,Anderson,Anderson,4.5,4.5,602,-1
Sheffield Utd,D,Kean,Bryan,Bryan,4,3.9,603,9163
Man Utd,G,Lee,Grant,Grant,4.0,4.0,604,1742
Chelsea,M,Faustino,Anjorin,Anjorin,4.5,4.5,605,8383
Newcastle,G,Daniel,Langley,Langley,4.0,4.0,606,-1
Liverpool,M,Jake,Cain,Cain,4.5,4.5,607,-1
Man City,G,Scott,Carson,Carson,4.0,4.0,608,-1
Man City,M,Felix,Nmecha,Nmecha,4.5,4.5,609,-1
Wolves,M,Theo,Corbeanu,Corbeanu,4.5,4.5,610,-1
Wolves,M,Taylor,Perry,Perry,4.5,4.5,611,-1
Burnley,M,Anthony,Mancini,Mancini,4.5,4.4,612,-1
Burnley,F,Joel,Mumbongo,Mumbongo,4.5,4.5,613,-1
Wolves,M,Luke,Cundle,Cundle,4.5,4.5,614,-1
Wolves,D,Lewis,Richards,Richards,4.0,4.0,615,-1
Wolves,D,Christian,Marques,Marques,4.0,4.0,616,-1
Wolves,G,Andreas,Söndergaard,Söndergaard,4.0,4.0,617,-1
Sheffield Utd,F,Antwoine,Hackford,Hackford,4.5,4.4,618,-1
Leeds,F,Niall,Huggins,Huggins,4.5,4.5,619,-1
Leeds,D,Charlie,Cresswell,Cresswell,4.0,4.0,620,-1
West Brom,F,Cheikh,Diaby,Diaby,4.5,4.5,621,-1
Man City,D,Luke,Mbete,Mbete,4.0,4.0,622,-1
Man City,D,Taylor,Harwood-Bellis,Harwood-Bellis,4.0,4.0,623,-1
Southampton,M,Kgaogelo,Chauke,Chauke,4.5,4.5,624,-1
Southampton,G,Harry,Lewis,Lewis,4.0,4.0,625,-1
Wolves,F,Patrick,Cutrone,Cutrone,6.0,5.9,626,-1
Brighton,M,Percy,Tau,Tau,5.5,5.3,627,-1
Brighton,M,Jakub,Moder,Moder,5.0,5.0,628,-1
Wolves,D,Nigel,Lonwijk,Lonwijk,4.0,4.0,629,-1
Brighton,M,Reda,Khadra,Khadra,4.5,4.5,630,-1
Brighton,M,Teddy,Jenks,Jenks,4.5,4.5,631,-1
Brighton,M,Max,Sanders,Sanders,4.5,4.5,632,-1
Brighton,M,Jensen,Weir,Weir,4.5,4.5,633,-1
Southampton,M,Will,Ferry,Ferry,4.5,4.5,634,-1
Southampton,D,Allan,Tchaptchet,Tchaptchet,4.0,4.0,635,-1
Southampton,M,Caleb,Watts,Watts,4.5,4.5,636,-1
West Ham,D,Frederik,Alves,Alves,4.0,4.0,637,-1
West Ham,F,Ademipo,Odubeko,Odubeko,4.5,4.5,638,-1
West Brom,G,Andy,Lonergan,Lonergan,4.0,4.0,639,-1
Man Utd,M,Amad,Diallo,Diallo,5.5,5.5,640,-1
Crystal Palace,F,Jean-Philippe,Mateta,Mateta,6.0,6.0,641,-1
Wolves,F,Willian José,Da Silva,Willian José,7.0,7.0,642,-1
Southampton,M,Alexandre,Jankewitz,Jankewitz,4.5,4.5,643,-1
Everton,M,Tyler,Onyango,Onyango,4.5,4.5,644,-1
Arsenal,M,Martin,Ødegaard,Ødegaard,6.0,6.0,645,-1
Sheffield Utd,D,Kyron,Gordon,Gordon,4.0,4.0,646,-1
Aston Villa,M,Morgan,Sanson,Sanson,5.5,5.5,647,-1
West Brom,F,Mbaye,Diagne,Diagne,6.0,6.0,648,-1
Wolves,D,Hugo,Bueno,Bueno,4.0,4.0,649,-1
Spurs,M,Alfie,Devine,Devine,4.5,4.5,650,-1
Everton,F,Joshua,King,King,5.5,5.5,651,-1
Liverpool,D,Ozan,Kabak,Kabak,5.0,5.0,652,-1
Liverpool,D,Ben,Davies,Davies,5.0,5.0,653,-1
West Brom,M,Okay,Yokuslu,Yokuslu,4.5,4.5,654,-1
Southampton,M,Ryan,Finnigan,Finnigan,4.5,4.5,655,-1
Sheffield Utd,M,Iliman,Ndiaye,Ndiaye,4.5,4.5,656,-1
Sheffield Utd,M,Zak,Brunt,Brunt,4.5,4.5,657,-1
Burnley,D,Richard,Nartey,Nartey,4.0,4.0,658,-1
Man City,M,Claudio,Gomes,Gomes,4.5,4.5,659,-1
Leicester,D,Vontae,Daley-Campbell,Daley-Campbell,4.0,4.0,660,-1
Leicester,M,Thakgalo,Leshabela,Leshabela,4.5,4.5,661,-1
Brighton,G,Thomas,McGill,McGill,4.0,4.0,662,-1
Brighton,D,Michal,Karbownik,Karbownik,4.5,4.5,663,-1
Brighton,M,Moisés,Caicedo,Caicedo,5.0,5.0,664,-1
Fulham,F,Josh,Maja,Maja,5.5,5.5,665,-1
