id,name,team,1,2,3,4,5,6,7,8,9,10,11,12,13,total
7781,Frenkie de Jong,Barcelona,1.9389,0.5277,0.1367,0.3177,0.9184,0.6472,1.0836,0.5059,1.5486,0.1549,-,-,-,7.7796
2290,Iago Aspas,Celta Vigo,0.0599,0.2333,0.0334,0.204,0.0119,0.4709,0.459,0.4701,0.6914,0.6991,2.4958,0.5493,-,6.3781
5050,Clement Lenglet,Barcelona,2.1735,0.0,-,0.0983,0.9535,0.4035,1.1701,0.1556,1.0947,0.2751,-,-,-,6.3243
2097,Lionel Messi,Barcelona,1.7039,0.4463,0.0,0.0582,0.9461,0.2331,1.047,0.1024,1.2138,0.1943,-,-,-,5.9451
8710,Renato Tapia,Celta Vigo,0.0,1.0372,0.0,0.093,0.0,0.0816,0.0453,0.5806,0.802,0.5957,2.4788,0.1122,-,5.8264
7514,Lucas Olaza,Celta Vigo,0.3376,0.423,0.0,0.0446,0.0,0.4709,0.4136,-,1.6494,0.0213,1.9533,0.0,-,5.3137
2093,Jordi Alba,Barcelona,2.0239,0.4463,0.0761,-,0.0,0.5702,0.7317,0.1793,0.7684,0.5155,-,-,-,5.3114
2095,Sergio Busquets,Barcelona,1.3121,0.5277,0.0761,0.0,0.9526,0.557,0.8496,-,0.333,0.5903,-,-,-,5.1984
2104,Sergi Roberto,Barcelona,1.7793,0.6503,0.3389,0.0582,-,0.5306,1.2882,0.4419,-,-,-,-,-,5.0874
2308,Denis Suárez,Celta Vigo,-,0.4092,0.0,0.1229,0.0541,0.0,0.0,0.5106,1.2201,0.0213,1.5424,0.4803,-,4.3609
2092,Gerard Piqué,Barcelona,1.8437,0.5277,0.1934,0.0582,0.0,0.5509,0.9122,0.1079,-,-,-,-,-,4.194
2378,Daniel Parejo,Villarreal,0.6195,1.0555,0.0387,0.7567,0.1902,0.2616,-,-,0.5881,0.2704,0.1541,0.2555,-,4.1903
2386,Rúben Vezo,Levante,-,1.4426,0.0238,0.0816,0.0517,0.0,0.2316,0.967,0.1047,0.0352,1.1732,-,-,4.1114
6953,Gonzalo Melero,Levante,0.7289,0.6245,0.0238,0.1178,0.0542,0.1793,0.1868,0.7411,0.1021,0.0735,1.2451,-,-,4.0771
2250,Luka Modric,Real Madrid,0.1031,0.3203,0.6251,1.1143,0.1665,0.7616,0.3747,0.3436,0.0,0.0,0.1554,-,-,3.9646
2246,Sergio Ramos,Real Madrid,0.0482,1.3044,0.7696,0.0,0.1892,0.9081,0.3751,0.3437,-,-,-,-,-,3.9383
2198,Moi Gómez,Villarreal,0.1482,0.9028,0.0387,0.6363,0.047,0.2775,0.606,0.1648,0.5881,0.4485,-,-,-,3.8579
2270,Antoine Griezmann,Barcelona,1.0447,0.0,0.0352,0.0582,0.0,0.2109,0.3583,0.3349,1.3528,0.4627,-,-,-,3.8577
2281,Hugo Mallo,Celta Vigo,0.0,0.617,0.5362,0.0775,0.0119,-,-,-,0.7008,0.2353,1.5867,0.0124,-,3.7778
8935,Pedri,Barcelona,0.5405,0.4463,0.0232,0.0582,0.3627,0.4962,0.5001,0.1079,0.7702,0.4569,-,-,-,3.7622
7430,Emerson,Real Betis,0.1732,0.262,0.1442,-,0.5547,-,-,0.85,0.0667,0.2651,0.0426,1.2544,-,3.6129
652,Kieran Trippier,Atletico Madrid,0.4195,0.3157,0.1523,0.0404,0.3676,0.141,1.2282,0.392,0.0777,0.4618,-,-,-,3.5962
2065,Vicente Iborra,Villarreal,0.0,0.5634,0.0387,0.3326,0.1046,0.2591,0.606,0.6588,0.5286,0.2514,0.0211,0.1762,-,3.5405
6221,Pau Torres,Villarreal,0.0397,0.5028,0.0387,0.6446,0.0104,0.2247,0.5693,0.0738,0.6585,0.4799,0.027,0.118,-,3.3874
2269,Koke,Atletico Madrid,0.4032,0.0389,0.1138,0.8297,0.4054,0.5573,0.3841,0.3711,0.0886,0.0739,-,-,-,3.266
2263,Stefan Savic,Atletico Madrid,0.5277,-,0.1523,0.1123,0.0378,0.5941,0.9896,0.0858,0.0478,0.6059,-,-,-,3.1533
8267,Guido Rodríguez,Real Betis,0.0151,0.3415,0.1465,0.07,0.2183,0.0276,0.759,0.5256,0.0929,0.0,0.3545,0.5966,-,3.1476
1732,Nolito,Celta Vigo,0.0,0.0474,0.0,0.0,0.0,0.9129,0.4136,0.0,0.5382,0.3134,0.8695,0.0432,-,3.1382
4120,Álex Moreno,Real Betis,0.0365,0.227,0.5486,0.0819,0.6216,0.0276,0.4611,0.9184,0.0667,0.0284,0.0545,0.0531,-,3.1254
8907,Mickaël Malsa,Levante,-,0.5772,0.0,0.0223,0.0542,0.1687,0.2242,0.8213,0.163,0.0216,1.0593,-,-,3.1118
6956,David Ferreiro,SD Huesca,0.2605,0.086,0.1785,0.022,0.6445,0.0343,0.0763,0.0,0.755,0.0584,0.0,0.9451,-,3.0606
1508,Jeison Murillo,Celta Vigo,-,0.2247,0.0,0.0,0.1078,0.0,0.081,0.1045,0.7469,0.3347,1.4318,0.0,-,3.0314
2248,Casemiro,Real Madrid,0.051,0.941,0.1005,0.9736,0.0272,0.4625,0.0243,-,-,0.3196,0.1055,-,-,3.0052
2320,Pedro Mosquera,SD Huesca,0.0525,0.0,0.291,0.0,1.0995,0.3228,0.1059,0.0224,0.5533,0.0,0.0,0.4715,-,2.9189
617,David Silva,Real Sociedad,-,0.0,1.1394,0.1834,0.1712,0.0656,0.4747,0.1168,0.2607,0.4962,-,-,-,2.908
7892,João Félix,Atletico Madrid,0.4863,0.7236,0.1321,0.5835,0.0378,0.0,0.5743,0.3258,0.0368,0.0077,-,-,-,2.9079
616,Jesús Navas,Sevilla,1.0482,0.2518,0.0309,0.05,0.5412,0.2438,0.133,0.2516,0.121,0.2238,-,-,-,2.8953
2255,Isco,Real Madrid,-,1.309,0.5307,0.0,0.1892,-,0.1856,0.4049,0.0547,0.1994,-,-,-,2.8735
5101,Carlos Clerc,Levante,0.1802,1.4591,-,0.0,0.0542,0.0,0.2457,0.1897,0.0348,0.0655,0.6056,-,-,2.8348
2266,Saúl Ñíguez,Atletico Madrid,0.9309,0.0189,0.2687,-,-,-,0.9465,0.2874,0.0478,0.2985,-,-,-,2.7987
6227,Brais Méndez,Celta Vigo,0.0,0.0562,0.0,-,-,-,0.0,0.139,0.802,0.2912,1.0597,0.4371,-,2.7852
2285,Fabián Orellana,Real Valladolid,0.535,0.0459,0.0,0.2508,0.0507,-,0.184,0.1469,0.7299,0.475,0.0,-,0.3456,2.7638
6930,Néstor Araújo,Celta Vigo,0.2777,0.0,0.0,0.1016,-,0.442,0.0,0.3825,-,0.3632,1.0954,0.069,-,2.7314
2094,Ivan Rakitic,Sevilla,0.5138,0.3148,0.1771,0.5213,0.0946,0.3926,0.0,0.2029,0.3297,0.1632,-,-,-,2.71
1588,Raúl Albiol,Villarreal,0.1879,1.2174,0.0387,0.3037,0.0,0.1412,0.0195,0.1004,0.0,0.4799,0.027,0.1876,-,2.7033
2296,Mario,Villarreal,0.0,0.45,0.0,0.6534,0.0,0.2105,0.5498,0.0266,0.4579,0.1846,0.0481,0.0831,-,2.664
3667,Nabil Fekir,Real Betis,0.2029,0.1676,0.0,0.0,0.2794,0.0276,0.3286,0.4338,-,-,0.0,1.2118,-,2.6517
6136,Mario Hermoso,Atletico Madrid,-,0.0934,-,0.3848,0.0,0.0758,0.9984,0.6193,0.1152,0.3632,-,-,-,2.6501
5712,Diego Carlos,Sevilla,0.9163,0.3222,0.7542,0.0526,0.097,0.0,0.1055,0.115,0.0798,0.1632,-,-,-,2.6058
6233,Ferland Mendy,Real Madrid,0.1672,0.8305,-,0.0322,-,0.5487,0.6109,-,0.0,0.1914,0.1043,-,-,2.4852
5064,Dimitrios Siovas,SD Huesca,-,0.0,0.0572,0.0,1.1788,0.2885,0.0289,0.0132,0.8413,0.0,0.0,0.0559,-,2.4638
2257,Marcelo,Real Madrid,-,-,0.0847,-,0.3603,-,1.4684,0.3962,-,0.1533,-,-,-,2.4629
2571,Sergio Canales,Real Betis,0.0767,0.0451,0.1246,0.0819,1.3351,0.0276,0.3983,0.3373,0.0,-,-,-,-,2.4266
1129,Suso,Sevilla,0.9592,0.1249,0.6587,0.5187,0.0819,-,-,-,-,0.0791,-,-,-,2.4225
2234,Mikel Oyarzabal,Real Sociedad,0.0,0.0,1.0411,0.0,0.1712,0.0656,0.0,0.0,1.0504,0.039,0.0,-,-,2.3673
1109,Lucas Ocampos,Sevilla,0.8046,0.1066,0.7046,0.0,0.0,0.3926,0.0526,0.0573,0.0823,0.1613,-,-,-,2.3619
8939,Marcos Acuña,Sevilla,0.7935,-,0.8171,0.0322,0.1546,0.2612,0.2184,0.0792,-,-,-,-,-,2.3562
2148,Joaquín,Real Betis,0.0151,0.0,0.1761,-,0.4001,0.0276,0.0,0.8513,0.0929,0.1469,0.0263,0.5664,-,2.3027
2245,Raphael Varane,Real Madrid,0.0524,0.5497,0.1317,0.0,0.1268,0.9891,-,0.0,0.0,0.3462,0.1043,-,-,2.3002
2260,Daniel Carvajal,Real Madrid,0.1001,2.0768,0.1217,-,-,-,-,-,0.0,-,-,-,-,2.2986
2453,Marc Bartra,Real Betis,0.0,0.0,0.0472,0.0819,0.2897,0.0276,0.3497,0.9222,0.0,-,0.0,0.5664,-,2.2847
7921,Felipe,Atletico Madrid,0.9248,0.6569,0.0257,0.0,0.0,0.0,-,0.0,-,0.6059,-,-,-,2.2133
1297,Neto,Barcelona,1.0248,0.0814,0.2455,0.0,0.3955,0.4574,-,-,-,-,-,-,-,2.2046
4070,Borja,SD Huesca,-,0.0,0.1381,0.1193,0.7874,0.0343,0.1059,0.0,0.5131,0.0584,0.0302,0.4084,-,2.1951
6241,Federico Valverde,Real Madrid,0.0723,1.3876,0.0846,0.1188,0.0807,0.0459,0.2582,0.1025,-,-,-,-,-,2.1506
2161,Nacho,Real Valladolid,0.535,0.0113,0.1405,-,0.0479,0.0,0.1311,-,0.6623,0.0342,0.0,0.0259,0.5554,2.1436
2117,Marco Asensio,Real Madrid,-,-,0.2731,0.6,0.0535,0.1112,0.5462,0.3542,0.0,0.1533,0.0,-,-,2.0915
2229,Yuri,Athletic Club,-,0.1375,0.0187,0.0,-,0.0211,0.2805,0.2329,1.2292,0.0665,0.084,-,-,2.0704
2301,Manu Trigueros,Villarreal,-,0.0,0.0387,0.3326,0.0679,0.2499,0.606,0.1004,0.2294,0.1496,0.1541,0.1342,-,2.0628
2120,Gerard Moreno,Villarreal,0.1725,0.0,0.0387,0.9594,0.0,-,-,0.0266,0.5286,0.1496,0.0211,0.1515,-,2.048
4034,José Campaña,Levante,0.202,0.5938,0.0238,0.1178,0.1059,0.2304,-,0.6211,0.0303,0.0618,-,-,-,1.9869
2401,Muniain,Athletic Club,0.0,0.0707,0.0,0.0418,0.1439,0.1081,0.0915,0.1785,1.2626,0.0,0.0586,-,-,1.9557
7826,Joseph Aidoo,Celta Vigo,0.0,0.3081,0.0,0.0,0.0119,-,-,0.139,1.1833,0.2912,0.0,0.0,-,1.9335
7385,Javi Galán,SD Huesca,0.3034,0.0,0.2325,0.0613,0.5563,0.2885,0.0763,0.0224,0.2228,0.0584,0.0302,0.0684,-,1.9205
4177,Álex Fernández,Cadiz,0.029,0.5179,0.3418,0.0,0.1309,0.1222,0.0697,0.0225,0.1204,0.0,0.5534,0.0,-,1.9078
7887,Luuk de Jong,Sevilla,0.5958,0.3035,0.8171,0.0,0.0454,0.1314,0.0,0.0,0.0,0.0,-,-,-,1.8932
7967,Anssumane Fati,Barcelona,0.8983,0.0814,0.0,0.0,0.3613,0.4317,0.1146,-,-,-,-,-,-,1.8873
2293,Rubén Blanco,Celta Vigo,-,-,-,-,-,-,-,0.1045,0.2899,0.5052,0.9145,0.0,-,1.8141
6950,Jorge Pulido,SD Huesca,0.0,0.0,0.1185,0.0,1.1671,0.0,0.0289,0.342,-,-,-,0.1267,-,1.7832
5044,Víctor Laguardia,Alaves,0.0,0.5713,0.0,0.0335,0.0,0.1613,0.4928,0.0,0.3442,0.0,0.1745,0.0,-,1.7776
2284,Daniel Wass,Valencia,0.0161,0.0712,0.0577,0.6045,0.0217,0.0,0.1351,0.0684,0.0176,0.773,0.0,0.0,-,1.7653
3425,Thomas Lemar,Atletico Madrid,0.0966,-,-,0.7579,0.0,0.0772,0.3871,0.0,0.0886,0.3556,-,-,-,1.763
495,Nacho Monreal,Real Sociedad,-,-,-,0.076,0.0,0.452,-,-,0.7324,0.4962,0.0,-,-,1.7566
6325,Andoni Gorosabel,Real Sociedad,0.0555,0.2805,0.8046,0.0981,0.1712,0.1162,0.0445,0.1168,-,-,-,0.0617,-,1.7491
8131,Iñigo Pérez,Osasuna,0.0,0.0,0.0,0.1884,0.4057,0.0,0.765,0.1516,0.2139,0.0231,0.0,0.0,-,1.7477
2079,Rubén Rochina,Levante,-,-,-,-,0.0542,0.0,0.0,0.893,0.107,0.0538,0.6323,-,-,1.7403
6217,Enis Bardhi,Levante,0.023,0.9575,0.0,0.0631,0.0,0.0617,0.0756,0.534,-,-,-,-,-,1.7149
8933,Marcos de Sousa,Real Valladolid,-,-,0.1074,0.0,0.0,0.0,0.0,0.0319,0.6904,0.0,0.288,0.0,0.5819,1.6996
6917,Rubén Alcaraz,Real Valladolid,-,-,-,-,-,0.0,0.1311,0.2034,0.7952,0.0,0.0,0.1621,0.4016,1.6934
6949,Jorge Miramón,Levante,0.5902,0.1174,0.0,0.0593,0.0517,0.1695,0.057,-,-,-,0.6395,-,-,1.6846
2509,Dimitri Foulquier,Granada,0.0,0.576,0.0513,0.1172,0.6517,0.1198,-,-,0.0651,0.0,0.0967,-,-,1.6778
5136,Estupiñán,Villarreal,-,0.2578,0.0387,0.3209,0.047,-,-,0.0738,0.0,0.5704,0.1811,0.1831,-,1.6728
8979,Sergiño Dest,Barcelona,-,-,0.0232,0.0582,0.3563,0.0207,-,0.0344,1.1189,0.0587,-,-,-,1.6704
2186,Morales,Levante,0.202,0.0,0.0,0.0,0.0542,0.0,0.0459,0.8059,0.0212,0.0,0.5337,-,-,1.6629
6215,Sergio Postigo,Levante,0.0,0.1008,0.0,0.1106,0.0,0.0617,0.4112,-,0.1312,0.0735,0.7534,-,-,1.6424
7888,Nemanja Gudelj,Sevilla,0.9858,-,0.0,-,0.5603,0.0,0.0,-,0.0,0.0828,-,-,-,1.6289
2228,Aritz Elustondo,Real Sociedad,0.0255,0.1317,0.4613,0.0981,0.0,0.0,0.2273,-,0.2181,0.4312,0.0,-,-,1.5932
5304,Mikel Merino,Real Sociedad,0.0,0.0767,0.0789,0.1612,0.3359,0.1519,0.1152,-,0.5135,0.0414,0.0,0.1144,-,1.5891
8334,Hugo Guillamón,Valencia,-,-,0.0577,0.0,0.4052,-,0.6766,0.0815,0.0742,0.2909,0.0,-,-,1.5861
6433,Jules Koundé,Sevilla,-,0.2892,0.1374,-,-,0.1487,0.2184,0.1966,0.4426,0.1314,-,-,-,1.5643
6118,Portu,Real Sociedad,0.0152,0.3356,0.0983,0.0,0.0,0.0,0.3879,0.0,0.0242,0.0327,0.0,0.6653,-,1.5592
2521,Alfonso,Villarreal,0.0397,0.4509,-,-,-,0.2198,0.0195,0.0,0.5572,0.1324,0.1329,-,-,1.5524
7526,Martín Zubimendi,Real Sociedad,-,-,0.0,0.0981,0.1712,0.0,0.2706,0.2104,0.7854,0.0,0.0,0.015,-,1.5507
7857,Jon Moncayola,Osasuna,0.0,0.0505,0.0,0.0,0.3471,-,0.6342,0.1906,0.1045,0.0231,0.0384,0.1459,-,1.5343
2272,Yannick Carrasco,Atletico Madrid,0.5553,0.5178,0.0157,0.0719,0.0717,-,-,0.2609,0.0368,-,-,-,-,1.5301
680,Thibaut Courtois,Real Madrid,0.0246,0.5525,0.047,0.0,0.1204,0.5267,0.0628,0.0612,0.0,0.1345,0.0,-,-,1.5297
1421,Cristian Tello,Real Betis,0.0,0.0,0.008,0.0,0.8435,0.0,0.4549,0.1845,0.0,0.0269,0.0,-,-,1.5178
2110,Rubén Duarte,Alaves,0.0,0.0,0.1243,0.1085,0.0483,-,0.6025,0.0641,0.0,0.1795,0.3883,0.0,-,1.5155
1884,Facundo Roncaglia,Osasuna,-,0.0157,-,0.2014,0.4889,0.0,0.5901,0.1095,0.0343,0.0,0.0384,-,-,1.4783
7864,Carlos Neva,Granada,0.4045,0.7976,-,0.0822,0.0846,0.0,0.0,-,0.1057,0.0,0.0,-,-,1.4746
493,Gabriel,Valencia,0.3783,0.0,-,-,-,0.0,0.7673,0.0218,0.0895,0.2165,0.0,0.0,-,1.4734
2518,Marcos Llorente,Atletico Madrid,0.0966,0.1869,0.0,0.0,0.0803,0.08,0.4494,0.1716,0.0729,0.3226,-,-,-,1.4603
8934,Trincão,Barcelona,0.0,0.0,0.1266,0.0,0.0,0.189,1.0794,0.0,0.0,0.0614,-,-,-,1.4564
1290,Miralem Pjanic,Barcelona,0.1818,-,0.0404,-,-,0.3697,0.581,0.2121,-,0.0614,-,-,-,1.4464
6126,Ander Guevara,Real Sociedad,-,0.0881,0.0,0.0482,0.0,0.0656,-,0.6131,-,0.488,0.0,0.0986,-,1.4016
5093,Roberto Torres,Osasuna,0.0,0.0,0.519,-,-,0.0,0.5901,0.0281,0.0,0.0,0.0384,0.2048,-,1.3804
2589,Rafa Mir,SD Huesca,0.0215,0.0,0.1134,0.0,0.0366,0.0343,0.0,0.6703,0.0,0.0,0.0,0.4944,-,1.3705
2537,Sandro Ramírez,SD Huesca,-,-,-,-,-,0.2885,0.0763,0.3882,0.0247,0.0932,0.0,0.4944,-,1.3653
2460,Sergio Asenjo,Villarreal,0.1202,0.0498,0.0,0.0,0.0679,0.1327,0.5498,0.0266,0.0,0.3963,0.0,0.0208,-,1.3641
6921,Óscar Plano,Real Valladolid,0.0447,0.0,0.0,0.1113,0.0,0.0,0.1188,0.1094,0.0653,0.0,0.0,0.0651,0.8428,1.3574
5062,Yeray Álvarez,Athletic Club,0.0773,-,-,-,0.2581,0.2136,0.0856,0.1491,0.4224,0.0665,0.084,-,-,1.3566
2444,Bruno,Real Valladolid,0.5797,0.0113,0.0,0.0,-,0.0,-,0.1094,0.0,0.0342,0.1717,0.0307,0.4016,1.3386
2125,Ander Capa,Athletic Club,0.09,0.0,0.0189,0.0418,0.0,0.0865,0.2036,0.0674,0.676,0.1253,0.0207,-,-,1.3302
6926,William Carvalho,Real Betis,0.0631,0.0899,0.0839,0.0,0.0,0.0,0.4194,0.0,0.0,0.0692,0.0,0.5966,-,1.3221
2505,José Gayá,Valencia,0.1465,0.0648,0.0577,0.5664,0.4052,0.0254,0.0,0.0238,0.0291,0.0,-,-,-,1.3189
2384,Santi Mina,Celta Vigo,0.0,-,0.0,0.0,0.0,0.3545,0.0,0.0,0.2899,0.146,0.5273,0.0,-,1.3177
615,Fernando,Sevilla,-,0.1236,0.1016,0.0526,-,0.1487,0.138,0.1608,0.4695,0.1148,-,-,-,1.3096
8775,Son,Levante,-,-,0.0238,-,0.0,-,0.1842,0.8429,0.163,0.0871,-,-,-,1.301
7008,Vinícius Júnior,Real Madrid,0.0482,-,0.1319,0.0322,0.1141,0.8772,0.0537,0.0367,0.0,0.0066,0.0,-,-,1.3006
8107,Jorge De Frutos,Levante,0.0174,0.5911,0.0,0.1178,0.0,0.0,0.0621,0.0871,0.0,0.0,0.4198,-,-,1.2953
8892,Josema,Elche,0.8704,0.0,0.1889,-,0.0,0.0752,0.0,0.1219,0.0,0.0345,-,-,-,1.2909
2183,Rubén García,Osasuna,0.0,0.0,0.0492,0.1485,0.0,0.0,0.6342,0.0713,0.0297,0.3525,0.0,0.0,-,1.2854
2391,José Mari,Cadiz,0.057,0.0,0.5293,0.0,0.0,0.6235,0.0697,0.0,-,-,-,-,-,1.2795
2253,Lucas Vázquez,Real Madrid,-,-,-,0.0,0.0688,0.0795,0.3123,0.3542,0.0,0.2885,0.1754,-,-,1.2787
2478,Carlos Soler,Valencia,-,-,-,-,0.0,0.0,0.7768,0.2299,0.0176,0.2355,0.0,0.0,-,1.2598
7870,Luis Rioja,Alaves,0.0,0.0,0.6428,0.0,-,0.0,-,0.0367,0.0,0.1795,0.3883,0.0,-,1.2473
497,Francis Coquelin,Villarreal,0.0257,0.5253,0.0,-,-,0.0858,0.606,-,0.0,-,0.0,0.0,-,1.2428
7134,Marc Cucurella,Getafe,0.0682,0.2148,0.3486,0.0,0.1167,0.1092,0.0616,0.0477,0.1597,0.0,0.1103,-,-,1.2368
5090,David García,Osasuna,0.0,0.2735,0.022,0.0519,0.0,0.0213,0.6342,0.1095,0.08,-,0.0,0.0412,-,1.2336
3274,Maxime Gonalons,Granada,0.0,0.576,-,0.0827,0.0,-,0.0,-,0.0665,0.0,0.4999,-,-,1.2251
8750,Rodrigo Battaglia,Alaves,0.0,0.0,0.384,0.0,0.055,0.1083,0.496,0.0,0.0,0.1056,0.0673,0.0,-,1.2162
2399,Iñaki Williams,Athletic Club,0.0,0.0,0.0,0.3064,0.0,0.0,0.1067,0.0797,0.664,0.0,0.0545,-,-,1.2113
7893,Héctor Herrera,Atletico Madrid,-,-,0.0157,0.0,0.0378,0.4993,0.2273,-,-,0.4295,-,-,-,1.2096
3226,Ousmane Dembélé,Barcelona,0.5917,-,-,0.3177,0.0,0.0533,0.0,0.1736,0.0,0.0568,-,-,-,1.1931
7276,Robin Le Normand,Real Sociedad,-,0.0,0.0,0.0981,0.0,0.3657,0.1061,0.1168,0.4961,-,0.0,-,-,1.1828
5091,Alex Berenguer,Athletic Club,-,-,-,0.0418,0.0759,0.1081,0.097,0.1255,0.7096,0.0,0.0204,-,-,1.1783
3264,Mauro Arambarri,Getafe,0.0218,0.1525,0.279,0.0505,0.0349,0.1092,0.4335,0.0477,0.0,0.0,0.0467,-,-,1.1758
2369,Toni Kroos,Real Madrid,0.0482,0.1545,-,-,0.1665,0.4625,0.0628,0.0,0.0,0.0967,0.1792,-,-,1.1704
1516,Geoffrey Kondogbia,Atletico Madrid,-,-,-,-,-,-,1.0956,0.0,0.0,0.0739,-,-,-,1.1695
2406,Mikel Rico,SD Huesca,0.0525,-,-,0.0665,0.1663,-,-,-,0.2598,0.0983,0.0,0.519,-,1.1624
2370,Karim Benzema,Real Madrid,0.0549,0.4738,0.0945,0.0311,0.1892,0.1031,0.1228,0.0858,-,-,0.0,-,-,1.1552
6931,Fran Beltrán,Celta Vigo,-,0.4798,0.0595,0.1229,-,0.3545,0.0,0.053,0.0627,-,0.0,0.0,-,1.1324
7891,Renan Lodi,Atletico Madrid,0.1777,0.6112,0.2504,-,0.0378,-,-,-,0.0478,-,-,-,-,1.1249
2511,Vitolo,Atletico Madrid,0.0415,0.0,-,-,0.4857,0.5573,-,-,0.0,0.0317,-,-,-,1.1162
2482,Tomás Pina,Alaves,0.0,-,-,-,0.4001,0.0836,0.2478,0.0367,0.0868,0.1056,0.1545,0.0,-,1.1151
452,Takashi Inui,Eibar,0.0,0.4987,0.0,0.0924,0.015,0.0,0.0,0.2596,0.0301,-,0.0,0.2143,-,1.1101
2586,Anaitz Arbilla,Eibar,-,-,0.0,0.0479,0.4743,0.0,0.0717,0.3194,0.0,0.0326,0.0,0.1612,-,1.1071
4226,Darwin Machís,Granada,0.0,0.0,0.0,0.0,0.0577,0.0,0.0,0.0,0.0203,1.0152,0.0,-,-,1.0932
2435,Óscar Duarte,Levante,0.7211,-,0.0,-,-,0.024,-,0.2398,0.107,-,-,-,-,1.0919
2261,Jan Oblak,Atletico Madrid,0.0,0.0,0.0,0.0719,0.0,0.08,0.6247,0.0,0.0,0.3074,-,-,-,1.084
1700,Lucas Pérez,Alaves,0.0,-,0.0,0.0,0.0483,0.3615,0.4586,-,0.0868,0.0,0.0673,0.059,-,1.0815
2278,Giménez,Atletico Madrid,-,-,-,-,-,0.0758,0.9031,0.0419,0.0478,-,-,-,-,1.0686
6932,Okay Yokuslu,Celta Vigo,0.3376,0.0524,0.0,-,0.1384,-,-,-,-,0.0,0.5354,-,-,1.0638
1003,Pablo Maffeo,SD Huesca,0.0237,0.0114,-,-,-,0.0,0.0,0.3827,-,-,0.0,0.6389,-,1.0567
8733,Alfonso Espino,Cadiz,0.1247,0.0,0.3418,0.0,0.0406,0.4804,0.0,0.0225,0.0099,0.0,0.0359,0.0,-,1.0558
6954,Juan Camilo Hernández,Getafe,0.0,0.2128,0.4698,0.0505,0.0,0.0,0.1003,0.092,0.1256,0.0,0.0,-,-,1.051
5162,Nacho Vidal,Osasuna,0.1103,0.039,0.519,0.0,0.0,0.0,0.0,0.0281,0.0,0.3515,0.0,0.0,-,1.0479
2328,Thomas Partey,Atletico Madrid,0.1381,0.64,0.2687,-,-,-,-,-,-,-,-,-,-,1.0468
2075,Andrés Fernández,SD Huesca,0.2842,0.0,0.0864,0.0,0.0,0.0,0.0289,0.3363,0.3038,0.0,0.0,-,-,1.0396
2122,Joan Jordán,Sevilla,0.0,0.2817,0.0,0.1026,-,0.3618,0.0526,0.0,0.121,0.1092,-,-,-,1.0289
2090,Marc-André ter Stegen,Barcelona,-,-,-,-,-,-,0.4311,0.0476,0.3977,0.1502,-,-,-,1.0266
4037,Pablo Insúa,SD Huesca,0.2842,-,-,-,0.1534,-,-,-,0.5355,0.0533,0.0,-,-,1.0264
8015,Rodrygo,Real Madrid,0.0279,-,-,0.0,-,0.1367,0.5481,0.0612,-,0.1676,0.0805,-,-,1.022
2566,Roger,Levante,-,0.0,0.0,0.0,0.0,0.0,0.1756,-,0.107,0.0,0.7195,-,-,1.0021
8433,José Manuel Fontán,Celta Vigo,-,-,-,0.0,-,0.442,0.0724,0.487,-,-,-,-,-,1.0014
7155,Nikola Vukcevic,Levante,0.0,0.974,0.0,0.0,-,-,-,-,-,-,0.0,-,-,0.974
5185,Unai Simón,Athletic Club,0.0,0.0428,0.0,0.0299,0.0759,0.1946,0.0259,0.0,0.5516,0.0,0.0407,-,-,0.9614
7859,Sergio Herrera,Osasuna,0.0,0.2735,0.0368,0.0,0.3471,0.0,0.0441,0.0212,0.0297,0.0,0.1138,0.0944,-,0.9606
6120,Bono,Sevilla,0.0328,0.0992,0.6648,0.0534,-,0.0,0.0804,-,-,0.0222,-,-,-,0.9528
2212,Sergio Álvarez,Eibar,0.0,0.4987,-,0.1242,0.015,0.0,0.0,0.0,0.0527,0.0,0.0,0.2511,-,0.9417
7313,Lee Kang-In,Valencia,0.0934,0.0,0.0708,0.0,0.0,-,0.6556,0.0882,0.0276,0.0,-,-,-,0.9356
2424,Óliver Torres,Sevilla,0.169,0.0,0.0,-,0.181,0.0,0.1932,0.0573,0.1398,0.192,-,-,-,0.9323
2193,Cala,Cadiz,0.0,0.0,0.4154,0.0,0.064,0.3449,0.0697,0.0,0.0099,-,-,-,-,0.9039
2578,Javi Ontiveros,SD Huesca,-,-,0.0,0.0,0.4947,0.0739,0.0289,0.0,0.0,-,0.0,0.3062,-,0.9037
3211,Martin Braithwaite,Barcelona,-,-,-,0.0,0.0,0.0239,0.0,0.0,0.8286,0.0488,-,-,-,0.9013
2189,Pedro López,SD Huesca,-,-,0.0688,0.0,-,-,-,-,0.7735,0.0584,-,-,-,0.9007
1227,Lucas Torreira,Atletico Madrid,-,-,-,0.4567,0.0,0.0,0.4436,-,-,0.0,-,-,-,0.9003
7338,Bryan Gil Salvatierra,Eibar,-,-,-,-,-,0.0,0.1813,0.2065,0.0339,0.3785,0.0,0.0936,-,0.8938
2555,Remiro,Real Sociedad,0.0555,0.0767,0.0,0.0981,0.0,0.0,0.1081,0.0,0.1084,0.4312,0.0,0.015,-,0.893
5077,Mikel Vesga,Athletic Club,0.0,0.0,-,-,-,-,0.1174,0.1479,0.5516,0.0,0.0728,-,-,0.8897
9011,Óscar Mingueza,Barcelona,-,-,-,-,-,-,-,-,0.7845,0.0888,-,-,-,0.8733
7856,Aridane Hernández,Osasuna,0.3491,0.0157,-,-,0.3471,0.0115,-,-,-,-,0.0,0.1382,-,0.8616
8058,Thierry Correia,Valencia,-,0.0,-,0.6514,0.0,0.0,0.1422,0.0644,-,-,0.0,0.0,-,0.858
5074,Kike García,Eibar,0.0941,0.1085,0.0,0.0,0.4743,0.0162,0.0,0.0,0.0,0.0,-,0.1631,-,0.8562
4054,Pablo Hervías,Real Valladolid,0.0,0.0113,0.1074,0.1469,0.0,-,-,0.1735,0.0,0.0342,0.0428,0.0118,0.3282,0.8561
2484,Iñigo Martínez,Athletic Club,0.1673,0.0,0.0934,0.0,0.1439,0.143,0.0856,0.1889,0.0334,0.0,-,-,-,0.8555
7493,Jaime Seoane,SD Huesca,0.0,-,0.1726,0.1193,0.4115,0.0732,0.0763,-,-,-,0.0,-,-,0.8529
1715,Álvaro Negredo,Cadiz,0.0958,0.0,0.3418,0.0,-,0.415,0.0,0.0,0.0,-,-,0.0,-,0.8526
2282,Sergi Gómez,Sevilla,0.7707,-,-,0.0704,0.0,-,-,-,-,-,-,-,-,0.8411
4136,Ángel,Getafe,0.0,0.2434,0.0943,0.0,-,0.1092,0.3757,0.0176,0.0,0.0,0.0,-,-,0.8402
6427,Aitor Ruibal,Real Betis,0.0616,-,-,0.0819,-,0.0276,-,-,0.0,0.0,-,0.6632,-,0.8343
7350,Yangel Herrera,Granada,0.0,0.0,0.0412,0.0611,0.012,0.1198,0.0,-,0.0,0.5304,0.0688,-,-,0.8333
2216,Jony,Osasuna,-,-,0.0,0.0,0.3471,0.0,0.0,0.2541,0.2248,0.0,-,-,-,0.826
2194,Damián Suárez,Getafe,0.0,0.0,0.1211,0.0,0.1123,0.1207,0.4701,-,0.0,0.0,-,-,-,0.8242
5073,Florian Lejeune,Alaves,-,0.0,0.2683,0.0793,0.0,0.2303,0.0713,0.0,-,0.1056,0.0673,0.0,-,0.8221
2361,Willian José,Real Sociedad,-,-,-,0.0,-,0.0,0.1353,0.2104,0.4334,0.0327,0.0,0.0,-,0.8118
2247,Nacho,Real Madrid,-,-,-,0.0328,0.1223,0.4554,-,-,0.0,0.1599,0.0411,-,-,0.8115
8725,Luis Milla,Granada,0.0,0.0,0.0,0.1172,0.0781,-,0.0,-,0.0657,0.5304,0.0186,-,-,0.81
7009,Jaime Mata,Getafe,0.0382,0.5738,0.0,0.0,0.0349,0.1207,0.0,0.0161,0.0243,0.0,0.0,-,-,0.808
802,Diego Costa,Atletico Madrid,0.35,0.0,0.0157,0.4135,-,-,-,0.023,-,-,-,-,-,0.8022
2479,Toni Lato,Valencia,-,-,-,0.0,-,-,0.7732,0.0,0.0,0.0,0.0,0.0242,-,0.7974
8771,Yunus Musah,Valencia,0.0759,0.0,0.0,0.0381,-,0.0,0.1351,0.1771,0.0291,0.2798,0.0618,0.0,-,0.7969
5081,Edu Expósito,Eibar,0.0,0.0713,0.0207,0.0606,0.0,-,0.0,0.0598,0.0,0.4408,0.0,0.1384,-,0.7916
7871,Borja Sainz,Alaves,-,0.5713,0.0,0.0299,-,0.0836,0.1065,-,0.0,0.0,0.0,-,-,0.7913
5141,Unai García,Osasuna,-,-,-,0.0,-,0.0,0.6342,0.1206,0.0206,0.0141,-,-,-,0.7895
2475,Jaume,Valencia,0.0161,0.0,0.0577,0.6514,0.0,0.0,0.0,0.0,0.0466,0.0,0.0,0.0,-,0.7718
2226,Zaldúa,Real Sociedad,-,-,-,-,-,-,-,-,0.5419,0.1135,0.1005,0.015,-,0.7709
8711,Miguel Baeza,Celta Vigo,0.0,0.0,0.0334,0.0688,0.0131,-,-,0.053,-,-,0.5933,0.0,-,0.7616
2356,Roque Mesa,Real Valladolid,-,-,-,-,-,-,0.0528,-,-,-,-,0.138,0.5706,0.7614
4193,Aitor Fernández,Levante,0.0754,0.0,0.0,0.1446,-,0.1456,0.2743,0.0577,0.0591,-,0.0,-,-,0.7567
8849,Alberto Perea,Cadiz,-,-,-,-,0.5209,-,0.0,-,0.044,0.0,0.1909,0.0,-,0.7558
4091,Unai López,Athletic Club,0.0773,0.0,0.0173,0.3064,0.0,0.1946,0.0259,0.1101,-,-,0.0204,-,-,0.752
8737,Jens Jonsson,Cadiz,0.029,0.0,0.484,0.0,0.0849,0.0655,0.0697,0.0,0.0,0.0,0.0187,0.0,-,0.7518
7834,Manu Vallejo,Valencia,0.0,0.0,0.0,0.0,0.0,0.0,0.6722,-,-,0.0505,0.0,0.0242,-,0.7469
5234,Jesús Vallejo,Granada,-,0.4709,0.0,0.1639,0.0577,0.0,0.0495,-,-,0.0,-,-,-,0.742
6570,Óscar Rodríguez,Sevilla,0.6703,0.0316,-,-,0.0,-,-,0.0,0.0224,-,-,-,-,0.7243
8735,Salvi Sánchez,Cadiz,0.0289,0.0,0.0,0.0,0.0406,0.4104,0.0697,0.0,0.0764,0.0,0.097,-,-,0.723
488,Philippe Coutinho,Barcelona,0.1661,0.0,0.0352,0.0,0.3964,-,-,0.019,0.0444,0.0567,-,-,-,0.7178
7233,Joaquín Fernández,Real Valladolid,0.1024,0.0393,-,-,-,0.0,0.1311,0.1094,0.0,0.0342,0.0731,-,0.2139,0.7034
5109,Rui Silva,Granada,0.0,0.0,0.0,0.0379,0.0577,0.0,0.0495,-,0.0619,0.0,0.4812,-,-,0.6882
8978,Luis Suárez,Granada,-,-,-,0.0555,0.0,0.0,0.0,0.0,0.0281,0.5304,0.0688,-,-,0.6828
7330,Uros Racic,Valencia,0.294,-,0.0577,-,-,0.0,0.0,0.1484,0.088,0.0744,0.0164,0.0,-,0.6789
2417,Igor Zubeldia,Real Sociedad,0.0282,-,-,-,-,-,-,-,0.0,0.4312,0.0469,0.1702,-,0.6765
3206,Yann Bodiger,Cadiz,0.0958,0.0,0.0,-,-,-,-,0.0,-,0.0,0.0187,0.5614,-,0.6759
8732,Marcos Mauro,Cadiz,0.0419,0.0,0.0,-,0.0406,-,-,-,-,0.0,0.5893,0.0,-,0.6718
2130,Dani García,Athletic Club,0.09,0.1375,0.0,0.0299,0.1439,0.0349,0.097,0.1386,-,-,-,-,-,0.6718
7861,Germán Sánchez,Granada,0.0,0.0,0.0,0.0941,0.0697,0.0,0.0495,-,0.0438,0.0,0.4124,-,-,0.6695
689,Kenedy,Granada,0.0,0.4709,0.0,0.0448,0.0,0.0,-,0.0,-,-,0.1519,-,-,0.6676
7306,Aihen Muñoz,Real Sociedad,0.03,0.0767,0.0665,-,-,-,0.2335,0.1479,0.0,-,0.0,0.1104,-,0.665
2106,Munir,Sevilla,0.0,0.2142,0.0816,0.0848,0.0292,0.0,-,0.0763,0.1712,0.0,-,-,-,0.6573
6117,Pere Pons,Alaves,0.0,0.0,0.288,0.0634,0.0738,0.2303,-,-,-,-,-,-,-,0.6555
1672,Jonathan Calleri,Osasuna,-,0.0,0.541,0.0,0.0586,-,-,-,-,-,0.0539,0.0,-,0.6535
2289,Nemanja Radoja,Levante,0.3974,0.0,0.0238,0.0593,0.0,-,0.1146,0.0174,0.0308,-,-,-,-,0.6433
9024,Yeremi Pino,Villarreal,-,-,-,-,-,-,0.0,0.0,-,0.5704,-,0.0707,-,0.6411
2298,Víctor Ruiz,Real Betis,-,-,-,-,-,-,0.0,0.0,0.0,0.0284,-,0.6101,-,0.6385
6226,Iván Alejo,Cadiz,0.0442,0.0,-,0.0,0.5877,-,-,0.0,-,0.0,-,0.0,-,0.6319
2217,Antonio Sanabria,Real Betis,-,0.0,0.0,0.0,0.1974,0.0,0.0,0.103,0.0,0.0777,0.2478,-,-,0.6259
4052,Ximo Navarro,Alaves,-,0.0,0.0,0.0,0.0,0.2161,0.2056,0.0,-,0.0739,0.0673,0.059,-,0.6219
4175,Pere Milla,Elche,0.0,0.0,0.0,0.4863,0.0,0.0,0.1056,0.0127,0.0,0.0159,-,-,-,0.6205
2368,Montoro,Granada,0.0,0.4709,-,-,0.0323,0.0,0.0,-,0.112,-,-,-,-,0.6152
7835,Aritz Arambarri,Real Sociedad,-,-,-,-,-,-,-,0.6131,-,-,-,-,-,0.6131
5140,Kike Barja,Osasuna,0.0,0.0,-,0.0,0.0,0.0213,0.5901,-,0.0,0.0,0.0,0.0,-,0.6114
7860,Domingos Duarte,Granada,0.0,0.4709,0.0157,0.0,0.0,-,0.0,-,0.0235,0.0145,0.0831,-,-,0.6077
7338,Bryan Gil Salvatierra,Sevilla,0.402,-,-,-,0.1813,-,-,-,-,-,-,-,-,0.5833
5033,Iván Villar,Celta Vigo,0.0,0.0265,0.0,0.0446,0.0656,0.442,0.0,-,-,-,-,-,-,0.5787
2185,Deyverson,Alaves,0.0,0.0352,0.4775,0.0,0.0,-,0.0,0.0641,0.0,-,0.0,-,-,0.5768
8736,Jorge Pombo,Cadiz,0.0,0.0,0.4154,-,0.062,-,-,-,0.0,-,0.097,-,-,0.5744
3237,Aissa Mandi,Real Betis,0.0964,0.1392,0.0163,0.0819,-,-,0.0211,0.209,0.0,-,-,-,-,0.5639
2314,Sidnei,Real Betis,-,-,-,0.0819,0.3868,0.0,-,-,-,0.0269,0.0641,0.0,-,0.5597
1516,Geoffrey Kondogbia,Valencia,0.3635,0.0504,0.0,0.1231,0.0217,-,-,-,-,-,0.0,-,-,0.5587
2132,Jota,Alaves,-,-,-,-,-,0.0,0.426,0.0641,-,0.0,0.0673,0.0,-,0.5574
7905,Fede San Emeterio,Real Valladolid,0.0,0.0393,0.0,0.0228,0.0507,0.0,-,-,0.1048,0.0342,0.288,-,0.0,0.5398
1731,Claudio Bravo,Real Betis,0.158,0.1118,-,-,-,0.0,0.0375,0.1528,0.0,0.0777,-,-,-,0.5378
8001,Takefusa Kubo,Villarreal,0.274,0.0,0.0387,0.0,0.0367,0.0236,0.0,0.0738,0.0,0.0,0.0,0.0885,-,0.5353
8762,Luis Pérez,Real Valladolid,-,0.0506,0.3669,-,0.0507,0.0,0.066,0.0,0.0,-,-,-,-,0.5342
8741,Fali,Cadiz,-,0.0,0.0,0.0,-,0.0,0.0,0.0,0.0665,0.0,0.4564,0.0,-,0.5229
565,Nyom,Getafe,0.0,0.1019,0.0,0.0,0.0,0.1764,0.0,0.1631,0.0,0.0,0.0657,-,-,0.5071
7308,Ander Barrenetxea,Real Sociedad,0.0,0.2015,0.0789,0.0981,0.0,-,-,0.1247,-,0.0,0.0,0.0,-,0.5032
6219,Enes Ünal,Getafe,0.0,0.0,-,0.0,0.0,0.0,0.4335,0.0694,-,0.0,0.0,-,-,0.5029
8731,Isaac Carcelén,Cadiz,0.1666,0.0,0.1421,0.0,0.0,-,-,-,-,0.0,0.1909,0.0,-,0.4996
7128,Carlos Akapo,Cadiz,-,-,-,0.0,-,0.4104,0.0697,0.0,0.0099,0.0,-,-,-,0.49
1125,Carlos Bacca,Villarreal,-,-,0.0,0.0,-,0.0,0.0,0.0,0.4579,0.0314,0.0,-,-,0.4893
5042,Fernando Pacheco,Alaves,0.0,0.0,0.2588,0.128,0.0,0.0497,0.0396,0.0,0.0,0.0,0.0,0.0,-,0.4761
4208,Míchel,Real Valladolid,0.1024,0.0151,-,0.0616,-,-,-,0.2497,-,-,-,0.0453,-,0.4741
2252,Borja Mayoral,Real Madrid,-,0.4738,0.0,-,-,-,-,-,-,-,-,-,-,0.4738
2396,Balenziaga,Athletic Club,0.1986,-,-,0.0,0.1439,0.1081,-,-,0.0,0.0,0.0204,-,-,0.471
2112,Papakouly Diop,Eibar,0.0849,-,0.0,-,0.015,-,0.0717,0.2596,0.0372,0.0,0.0,-,-,0.4684
5198,Martín Aguirregabiria,Alaves,0.0,-,-,-,-,-,0.1765,0.0,0.2888,-,-,0.0,-,0.4653
4219,Juan Carlos,SD Huesca,0.3086,0.086,0.069,0.0,0.0,-,-,-,0.0,0.0,-,0.0,-,0.4636
2073,Coke,Levante,0.0,-,-,-,-,-,-,-,-,0.0402,0.4198,-,-,0.46
1950,Martín Montoya,Real Betis,-,-,0.0314,-,-,-,0.4194,-,-,-,0.0,-,-,0.4508
6368,Mathías Olivera,Getafe,0.0689,0.0605,0.0,0.0,0.0,0.1092,0.0836,-,0.034,0.0938,0.0,-,-,0.45
754,Shinji Okazaki,SD Huesca,0.2605,0.0,0.1275,0.0,0.0,-,-,-,-,0.0,0.0,0.0559,-,0.4439
8895,Tete Morente,Elche,0.0,0.0,0.1168,0.0917,0.0,-,0.1699,0.0648,0.0,0.0,-,-,-,0.4432
6970,Tomás Vaclik,Sevilla,-,-,-,-,0.3814,-,-,0.0,0.0611,-,-,-,-,0.4425
5173,Asier Villalibre,Athletic Club,0.0,0.2081,0.0,0.0,0.0,0.0211,0.02,0.0275,0.1244,0.0,0.0407,-,-,0.4418
5138,Alejandro Pozo,Eibar,-,-,-,-,-,0.1393,0.0,0.2065,0.0188,0.0,0.0,0.0759,-,0.4405
5682,Gonçalo Guedes,Valencia,0.088,0.0,0.0,-,0.0,0.0489,0.0,-,-,0.2355,0.0618,0.0,-,0.4342
8135,Esteban Burgos,Eibar,-,-,-,0.0598,0.0,0.0,0.0,0.2065,0.0188,-,0.0,0.1435,-,0.4286
8891,Gonzalo Verdú,Elche,0.0,0.0,0.1168,0.0,0.0,0.0752,0.1699,0.0648,0.0,0.0,-,-,-,0.4267
5666,Mouctar Diakhaby,Valencia,0.1095,0.0459,0.0577,0.085,0.0217,0.0,0.1046,-,-,-,-,-,-,0.4244
8949,Jeremías Ledesma,Cadiz,-,-,-,0.0694,0.0,0.0,0.0,0.0,0.0,0.0,0.0,0.3539,-,0.4233
2064,Sergio Escudero,Sevilla,-,0.2975,-,0.064,-,-,0.0,0.06,-,-,-,-,-,0.4215
8774,Dani Gómez,Levante,0.0,0.0,-,0.0584,0.0,0.024,-,0.0216,0.0212,0.0,0.2936,-,-,0.4188
6149,Unai Núñez,Athletic Club,-,0.0,0.0187,0.3064,-,-,-,-,-,-,0.084,-,-,0.4091
7829,Eder Militão,Real Madrid,-,-,-,-,0.0535,-,0.3508,-,-,-,-,-,-,0.4043
6282,Emiliano Rigoni,Elche,-,-,-,0.0662,0.0,0.336,0.0,-,-,-,-,-,-,0.4022
5128,Oier,Osasuna,0.0,0.0348,0.0271,0.1251,0.0,0.0,0.1308,0.0,0.0489,0.032,0.0,0.0,-,0.3987
6124,Maxi Gómez,Valencia,0.0682,0.0,0.0,0.0,0.031,0.0235,-,0.2299,0.0176,-,0.0,0.0242,-,0.3944
8470,Kike Pérez,Real Valladolid,0.0,0.0113,0.1074,0.0206,0.1152,0.0579,0.0655,0.0,-,-,-,0.0141,0.0,0.392
5153,Kévin Rodrigues,Eibar,-,0.0,0.1017,0.1406,0.015,0.1161,0.017,0.0,0.0,-,-,-,-,0.3904
4146,Fidel,Elche,0.0141,0.0,0.0,0.0917,0.0865,0.0752,0.1056,-,0.0,0.0159,-,-,-,0.389
8122,Sergio Carreira,Celta Vigo,-,-,-,-,-,0.0,0.0,0.3825,-,-,-,-,-,0.3825
9031,Jota,Real Valladolid,-,-,-,-,-,-,-,-,-,0.0,0.0,0.0485,0.3282,0.3767
323,Adnan Januzaj,Real Sociedad,0.0,0.055,0.1144,0.0981,-,0.0,-,-,0.0172,0.0899,0.0,-,-,0.3746
47,Yoshinori Muto,Eibar,-,-,0.0,0.0,0.0,0.0724,-,0.0598,0.0301,0.0718,0.0973,0.0368,-,0.3682
5994,Saidy Janko,Real Valladolid,-,-,-,-,-,-,0.0655,-,-,0.0,0.0,0.0,0.3007,0.3662
8890,Edgar Badía,Elche,0.0,0.0,0.0721,0.0917,0.0,0.0752,0.1056,0.0,0.0,0.0159,-,-,-,0.3605
8894,Raúl Guti,Elche,0.0,0.1377,0.1168,0.0,0.0,0.0752,0.0,0.0127,0.0,0.0159,-,-,-,0.3583
8767,Kelechi Nwakali,SD Huesca,0.0,-,-,-,-,-,0.0289,0.3283,0.0,0.0,-,-,-,0.3572
5212,Sergi Guardiola,Real Valladolid,0.0,0.0,0.1318,0.0,0.0,0.0,0.0528,-,0.0372,0.0342,0.0981,-,-,0.3541
9033,Iván Marcone,Elche,-,-,-,0.0,0.0,0.0752,0.1699,0.0648,0.0277,0.0159,-,-,-,0.3535
3248,Omenuke Mfulu,Elche,0.0,0.065,0.1168,0.0,0.0,0.0,0.1699,0.0,0.0,0.0,-,-,-,0.3517
4130,Raúl Navas,Osasuna,-,-,0.0,-,-,-,-,-,-,0.3515,-,-,-,0.3515
5037,Darko Brasanac,Osasuna,-,-,-,-,-,-,-,-,-,0.3515,0.0,0.0,-,0.3515
6076,Nemanja Maksimovic,Getafe,0.1381,0.1415,0.0,0.0,0.0,0.0,0.0366,0.0301,-,-,0.0,-,-,0.3463
7605,Manuel Sánchez,Atletico Madrid,-,-,-,0.3444,-,-,-,-,-,-,-,-,-,0.3444
6151,Djené Dakonam,Getafe,0.0,0.1415,0.0,0.0,0.0,0.0,0.0,0.1278,0.0,0.0,0.0731,-,-,0.3424
8739,Alberto Cifuentes,Cadiz,-,0.0,0.3418,-,-,-,-,-,-,-,-,-,-,0.3418
701,Eden Hazard,Real Madrid,-,-,-,-,-,-,0.2582,-,0.0802,0.0,-,-,-,0.3384
5058,Carles Aleñá,Barcelona,-,-,-,-,-,-,-,-,0.333,-,-,-,-,0.333
2305,Adrián,Osasuna,0.0502,0.0,0.0,0.0,0.0,0.0,0.1308,0.1516,0.0,-,-,-,-,0.3326
6225,Paulo Oliveira,Eibar,0.0,0.0223,0.0,-,0.015,0.0162,0.0,0.2065,0.0,0.0718,-,-,-,0.3318
2275,Ángel Correa,Atletico Madrid,0.1362,0.0,0.0,0.1123,0.0,0.0,0.0,0.0,0.0729,0.0,-,-,-,0.3214
5179,Jon Guridi,Real Sociedad,-,-,-,-,-,-,0.0445,0.0936,0.1798,0.0,-,-,-,0.3179
5114,Raúl García,Real Valladolid,-,-,0.0,0.0734,-,0.0,0.0528,0.1898,0.0,-,-,-,-,0.316
7050,Lucas Torró,Osasuna,0.0,0.2578,0.05,0.0,-,-,0.0,0.0,-,-,-,-,-,0.3078
2088,Edgar Méndez,Alaves,0.0,0.0,0.2683,0.0,0.0,0.0,0.0316,0.0,0.0,-,0.0,0.0,-,0.2999
7349,Enric Gallego,Osasuna,-,-,0.0,0.0,0.0,0.0,0.1308,0.1531,0.0137,0.0,0.0,0.0,-,0.2976
1706,Antonio Barragán,Elche,-,-,-,0.0,0.0,0.0752,0.1699,0.0521,0.0,0.0,-,-,-,0.2972
2155,Jorge Molina,Granada,-,0.0,0.0,0.1309,-,0.142,0.0,0.0,0.022,0.0,0.0,-,-,0.2949
2543,Borja Iglesias,Real Betis,0.0693,0.1303,-,0.0,0.0,0.0,0.0,-,-,0.0913,0.0,0.0,-,0.2909
2400,Raúl García,Athletic Club,0.0,0.0,0.0,0.0,0.1747,0.0269,0.0,0.0275,0.0,0.0,0.0586,-,-,0.2877
8761,Shon Weissman,Real Valladolid,0.0,0.0,-,0.0,0.0,0.0,0.0,0.1403,-,-,-,0.0146,0.1219,0.2768
5169,Youssef En-Nesyri,Sevilla,0.0328,0.0,0.0496,0.0,0.0,0.1487,0.0,0.0,0.0224,0.0,-,-,-,0.2535
8744,Juan Cruz,Osasuna,0.0502,0.0157,0.022,-,-,0.0,-,0.1132,0.0,0.0,-,0.0515,-,0.2526
2442,Kevin Gameiro,Valencia,-,-,0.0577,0.0,0.0427,0.0,0.1307,-,0.0,0.019,0.0,0.0,-,0.2501
1189,Lucas Boyé,Elche,0.0,0.065,0.0,-,-,0.0,0.1699,0.0127,0.0,-,-,-,-,0.2476
2103,Aleix Vidal,Sevilla,-,-,-,-,-,-,-,-,0.0,0.246,-,-,-,0.246
2415,David Soria,Getafe,0.0,0.0,0.0768,0.0,0.0,0.0,0.0,0.1207,0.0471,0.0,0.0,-,-,0.2446
6114,Pedro Alcalá,Cadiz,-,-,-,-,-,-,-,-,0.1105,-,0.1329,0.0,-,0.2434
7208,Samuel Chukwueze,Villarreal,0.0397,0.0,0.0,0.0,0.0,0.0835,0.0195,0.0,-,0.0667,0.027,0.0,-,0.2364
7863,Antonio Puertas,Granada,0.0,0.0,0.047,0.0562,0.0,0.0,0.0495,-,-,0.0,0.0801,-,-,0.2328
1235,Ante Budimir,Osasuna,-,-,-,-,-,-,0.0,0.0,0.1042,0.0,0.1138,0.0,-,0.218
6546,Jawad El Yamiq,Real Valladolid,-,-,-,0.0,0.0,0.0,0.184,-,0.0,-,-,0.0307,-,0.2147
2119,Rober Correa,Eibar,0.0,0.0575,0.0567,-,0.01,-,-,-,-,0.0,0.0,0.0904,-,0.2146
7779,Oihan Sancet,Athletic Club,0.0,0.1375,0.0,0.0,-,-,0.0,0.0522,0.0,0.0,0.0204,-,-,0.2101
2197,Pedro León,Eibar,0.0,0.0777,0.0459,0.0833,-,-,0.0,-,0.0,0.0,-,-,-,0.2069
2452,De Marcos,Athletic Club,0.2057,-,-,-,-,-,-,-,-,0.0,-,-,-,0.2057
8329,Unai Vencedor,Athletic Club,0.0,-,-,-,0.0,-,-,-,0.0,0.0665,0.1383,-,-,0.2048
2311,Roberto Soldado,Granada,0.0367,0.0,-,0.0562,0.0203,-,-,0.0,0.0,0.0,0.0874,-,-,0.2006
6919,Toni Villa,Real Valladolid,-,-,0.0331,0.0158,0.0,0.0262,0.0,0.094,-,0.0,-,0.0307,-,0.1998
2105,Jordi Masip,Real Valladolid,0.0,-,-,-,-,-,-,0.1094,0.0,0.0342,0.0139,0.0307,0.0,0.1882
7101,Martín Merquelanz,Real Sociedad,-,-,-,-,-,-,-,0.0,0.1626,-,-,0.0208,-,0.1834
2394,Etxeita,Getafe,0.0416,0.1395,0.0,0.0,-,-,-,-,-,-,0.0,-,-,0.1811
5045,Manu García,Alaves,-,-,0.0,0.0,0.0,-,0.1765,0.0,0.0,0.0,-,-,-,0.1765
1836,Franco Vázquez,Sevilla,-,0.1249,-,0.0,0.0454,0.0,0.0,-,-,-,-,-,-,0.1703
8727,Jon Morcillo,Athletic Club,0.0,0.0721,0.0,0.0,0.0,0.0,0.097,0.0,0.0,0.0,0.0,-,-,0.1691
2517,Martin Odegaard,Real Madrid,0.0549,0.0,-,0.0,-,-,-,0.0,0.0802,0.0331,-,-,-,0.1682
6485,Júnior Firpo,Barcelona,-,-,-,-,-,-,-,-,0.1632,-,-,-,-,0.1632
6533,Anthony Lozano,Cadiz,0.0,-,0.0,0.0,0.1606,0.0,0.0,0.0,0.0,-,-,-,-,0.1606
2098,Luis Suárez,Atletico Madrid,0.0,0.0,0.0,0.0404,0.1181,-,0.0,-,-,0.0,-,-,-,0.1585
2287,John Guidetti,Alaves,-,0.0,-,0.0494,-,-,-,-,-,0.1056,-,-,-,0.155
5642,Erick Cabaco,Getafe,0.0,-,0.0,-,0.1173,0.0,0.0366,0.0,-,0.0,0.0,-,-,0.1539
2500,Luisinho,SD Huesca,0.0,-,0.1156,-,-,0.0343,-,0.0,-,-,-,-,-,0.1499
8410,Rodrigo Sánchez,Real Betis,-,-,-,-,-,-,-,-,0.0,0.1469,-,-,-,0.1469
7354,Diego Lainez,Real Betis,0.0,-,-,-,-,0.0,-,0.0,-,0.0913,0.0545,-,-,0.1458
2071,Diego González,Elche,-,-,-,0.0,-,-,0.0643,0.0648,0.0,0.0159,-,-,-,0.145
3388,Karim Rekik,Sevilla,-,-,-,-,-,-,-,-,0.1398,-,-,-,-,0.1398
8103,Modibo Sagnan,Real Sociedad,-,-,-,-,0.0,-,0.0,0.1168,-,-,-,0.0219,-,0.1387
8390,Rafa Soares,Eibar,0.0,0.051,-,-,0.0873,-,-,0.0,-,-,-,-,-,0.1383
6224,Marko Dmitrovic,Eibar,0.0,0.051,0.0,0.0,0.0,0.0347,0.0,0.0,0.0188,0.0111,0.0,0.016,-,0.1316
2326,Rober,Levante,0.1312,-,-,-,-,-,-,-,-,0.0,-,-,-,0.1312
2380,Paco Alcácer,Villarreal,0.0,0.0,0.0,0.0,0.0,0.0,0.0,0.1004,0.0286,-,-,0.0,-,0.129
4076,Jason,Valencia,-,0.1216,0.0,0.0,0.0,0.0,0.0,0.0,0.0,-,0.0,0.0,-,0.1216
5075,Rubén Peña,Villarreal,0.1202,-,-,-,-,-,0.0,-,-,0.0,-,-,-,0.1202
3367,Youssouf Kone,Elche,-,0.0,0.1168,-,0.0,-,-,-,-,-,-,-,-,0.1168
8091,Ronald Araújo,Barcelona,-,0.0814,0.0352,-,-,-,-,-,-,-,-,-,-,0.1166
866,Joselu,Alaves,0.0,0.0,0.0,-,0.0,0.0815,0.0316,0.0,0.0,0.0,0.0,0.0,-,0.1131
5110,Mariano,Real Madrid,-,-,-,-,-,-,-,0.0,0.0802,0.0308,-,-,-,0.111
1131,Rodrigo Ely,Alaves,0.0,0.0,-,0.0,0.0,0.1083,-,-,0.0,-,-,-,-,0.1083
5066,David Timor,Getafe,0.0,0.0,0.0,0.0,0.0,0.0,0.0257,0.0694,0.0098,0.0,-,-,-,0.1049
7195,Roberto López,Real Sociedad,0.0,-,0.0,0.0,0.0,0.0,0.0,0.0,-,-,0.0,0.1026,-,0.1026
6783,Idrissa Doumbia,SD Huesca,-,-,-,-,-,-,-,-,0.0,-,-,0.1022,-,0.1022
7245,Javi Sánchez,Real Valladolid,-,0.0,0.0244,0.0598,0.0,-,-,-,-,0.0,0.0,0.0141,0.0,0.0983
8728,Oier Zarraga,Athletic Club,-,-,-,-,0.0,0.0,0.097,0.0,-,-,-,-,-,0.097
2337,Recio,Eibar,0.0,0.0202,0.0,0.0,-,-,-,-,-,-,-,0.0759,-,0.0961
2353,Pedro Bigas,Eibar,0.0,0.0,0.0,0.0,-,-,-,-,0.0,0.0,0.0,0.0904,-,0.0904
6528,Loren Morón,Real Betis,-,-,0.0,0.0,-,0.0,0.0,-,0.0,0.0,0.0,0.0884,-,0.0884
7525,Waldo Rubio,Real Valladolid,0.0,0.0,-,0.0871,0.0,0.0,-,0.0,0.0,-,-,-,-,0.0871
5131,Eugeni,SD Huesca,0.0,0.086,-,-,-,-,-,0.0,-,-,-,-,-,0.086
8738,Filip Malbasic,Cadiz,0.029,0.0,0.0,0.0,0.0,0.0568,0.0,0.0,-,0.0,0.0,-,-,0.0858
9132,Oussama Idrissi,Sevilla,-,-,-,-,-,-,-,0.06,-,0.0222,-,-,-,0.0822
584,Joel Robles,Real Betis,-,-,0.0,0.0819,0.0,-,-,-,-,-,0.0,0.0,-,0.0819
5191,Álvaro Fernández,SD Huesca,-,-,-,-,-,-,-,-,-,-,-,0.0804,-,0.0804
7351,Victor Mollejo,Getafe,-,-,-,-,0.0,-,-,0.0176,-,-,0.0605,-,-,0.0781
8893,Josan,Elche,0.0,0.0,0.0,0.0,0.0,0.0,0.0643,0.0127,-,0.0,-,-,-,0.077
6228,Luka Jovic,Real Madrid,-,0.0758,0.0,-,0.0,-,-,0.0,-,-,-,-,-,0.0758
2350,Cifuentes,Elche,0.0,-,-,-,-,0.0752,-,-,-,-,-,-,-,0.0752
2539,Jaume Costa,Villarreal,-,-,-,0.0743,-,0.0,-,-,-,-,-,-,-,0.0743
6164,Andrés Guardado,Real Betis,-,-,-,-,0.0,-,-,-,-,0.0,0.0,0.0727,-,0.0727
4142,Álvaro,Cadiz,-,-,-,-,0.0669,0.0,-,-,-,0.0,0.0,0.0,-,0.0669
4069,Fede Vico,Granada,0.0,-,0.0,-,0.0,-,-,-,0.0665,-,-,-,-,0.0665
6656,Sergio Gómez,SD Huesca,-,0.0,-,0.0,-,0.0,0.0289,0.0376,0.0,0.0,-,-,-,0.0665
8108,Daniel Cárdenas,Levante,-,-,-,-,-,-,-,-,-,0.0655,-,-,-,0.0655
8921,Iñigo Vicente,Athletic Club,-,-,0.0394,-,-,0.0189,-,-,-,-,-,-,-,0.0583
6914,Javi Moyano,Real Valladolid,0.0578,0.0,-,-,-,-,-,-,-,-,-,-,-,0.0578
2070,Carlos Fernández,Sevilla,-,-,0.0,0.0322,0.0,0.0,0.0252,-,-,-,-,-,-,0.0574
8713,Gabriel Veiga,Celta Vigo,-,0.0562,-,0.0,-,0.0,0.0,-,0.0,-,-,-,-,0.0562
8149,Vicente Esquerdo,Valencia,0.056,0.0,0.0,-,-,-,-,-,-,-,-,-,-,0.056
2163,Diego Llorente,Real Sociedad,0.0555,-,-,-,-,-,-,-,-,-,-,-,-,0.0555
8863,Marvin Park,Real Madrid,0.051,-,-,-,-,-,-,-,-,-,-,-,-,0.051
2483,Adrián Marín,Alaves,-,-,-,-,-,0.0497,-,0.0,-,-,-,-,-,0.0497
5087,Roberto Jiménez,Real Valladolid,-,0.0113,0.0,0.037,0.0,0.0,0.0,-,-,-,-,-,-,0.0483
2238,Jon Bautista,Real Sociedad,0.0282,0.0,0.0,-,0.0,-,0.0183,-,-,-,-,0.0,-,0.0465
8707,Damian Kadzior,Eibar,0.0,0.0434,0.0,0.0,-,-,-,0.0,-,-,-,-,-,0.0434
2519,Tejero,Eibar,-,-,0.0,0.0408,-,-,-,-,-,-,-,-,-,0.0408
4188,Quique González,Eibar,-,0.0,0.0,0.0355,-,0.0,-,-,-,-,-,-,-,0.0355
2267,Augusto Fernández,Cadiz,-,0.0,0.0,0.0,0.0235,0.0,-,0.0,0.0099,-,-,0.0,-,0.0334
5117,Víctor Díaz,Granada,0.0,0.0,0.0313,-,-,-,-,-,-,-,-,-,-,0.0313
8769,Dani Escriche,SD Huesca,-,0.0,0.0,-,-,-,0.0289,-,-,-,-,0.0,-,0.0289
1934,Gastón Silva,SD Huesca,-,-,-,0.0,-,-,0.0289,0.0,-,-,-,-,-,0.0289
8734,Sergio González,Cadiz,0.0289,-,-,-,-,-,-,-,-,-,-,-,-,0.0289
8726,Alberto Soro,Granada,-,-,0.0,-,-,0.0,0.0,-,0.0281,0.0,-,-,-,0.0281
2494,Denis Cheryshev,Valencia,0.0,-,-,-,-,0.0,-,0.0,0.0276,0.0,-,-,-,0.0276
8938,Jon Ander Garrido,Cadiz,-,-,-,0.0,-,0.0275,-,0.0,0.0,0.0,-,-,-,0.0275
4017,Juan Sánchez Miño,Elche,-,-,0.0,0.0,-,0.0,0.0263,-,-,-,-,-,-,0.0263
4051,Ramón Azeez,Granada,0.0,-,0.0256,-,-,-,-,-,-,-,-,-,-,0.0256
5232,Alexander Isak,Real Sociedad,0.0255,0.0,0.0,0.0,0.0,0.0,0.0,-,-,0.0,-,0.0,-,0.0255
626,Eliaquim Mangala,Valencia,0.0,-,-,-,-,-,-,-,-,-,0.0,0.0242,-,0.0242
6495,Koke,Levante,-,-,-,-,0.0232,-,-,-,-,-,-,-,-,0.0232
7402,Álex Blanco,Valencia,-,-,-,0.0,0.0217,0.0,-,-,-,-,-,-,-,0.0217
8417,Álex Baena,Villarreal,-,-,-,-,-,-,-,-,-,-,-,0.0208,-,0.0208
7862,Yan Eteki,Granada,-,-,0.0203,-,-,0.0,0.0,0.0,-,-,0.0,-,-,0.0203
7942,Bobby Adekanye,Cadiz,-,-,-,-,-,-,-,-,-,-,0.0187,0.0,-,0.0187
6216,Chema Rodríguez,Getafe,-,-,-,-,-,-,-,0.0176,0.0,0.0,0.0,-,-,0.0176
2149,Francisco Portillo,Getafe,-,-,0.0,-,-,-,0.0167,-,-,0.0,-,-,-,0.0167
2418,Álvaro Odriozola,Real Madrid,-,-,0.0158,-,-,-,-,-,-,-,-,-,-,0.0158
8712,Miguel Rodriguez,Celta Vigo,-,-,-,-,0.0119,0.0,-,-,0.0,0.0,-,-,-,0.0119
5272,Emre Mor,Celta Vigo,0.0,0.0,0.0,0.0,0.0119,0.0,-,0.0,-,-,-,-,-,0.0119
7258,Joaquín Muñoz,SD Huesca,0.0,0.0114,0.0,-,-,-,-,-,-,-,-,-,-,0.0114
6150,Iñigo Córdoba,Athletic Club,-,0.0,-,0.0,-,-,-,-,-,-,-,-,-,0.0
2403,Íñigo Lekue,Athletic Club,-,-,0.0,-,-,-,-,-,0.0,-,-,-,-,0.0
7548,Riqui Puig,Barcelona,-,-,-,0.0,-,-,-,-,-,-,-,-,-,0.0
5047,Rubén Sobrino,Valencia,0.0,0.0,-,-,-,-,-,-,0.0,-,0.0,-,-,0.0
5120,Nano,Cadiz,-,-,-,-,-,-,0.0,-,-,-,-,-,-,0.0
9170,John Finn,Getafe,-,-,-,-,-,-,-,-,-,-,0.0,-,-,0.0
8823,Ante Palaversa,Getafe,-,-,0.0,-,-,-,-,-,-,-,-,-,-,0.0
8862,Sergio Arribas,Real Madrid,0.0,-,-,-,-,-,-,-,-,-,-,-,-,0.0
8730,David Gil,Cadiz,0.0,-,-,-,-,-,-,-,-,-,-,-,-,0.0
8861,Urko Gonzalez,Real Sociedad,-,0.0,-,-,-,-,-,-,-,-,-,-,-,0.0
4799,Abdoulaye Diaby,Getafe,-,-,-,-,-,-,0.0,-,-,-,-,-,-,0.0
5129,Kenan Kodro,Athletic Club,-,-,0.0,-,-,-,-,-,-,-,-,-,-,0.0
897,Juanmi,Real Betis,-,0.0,-,0.0,0.0,-,-,-,-,-,-,-,-,0.0
2187,Toño,Levante,-,-,0.0,-,-,0.0,-,-,-,-,-,-,-,0.0
5095,Sergio León,Levante,0.0,-,-,-,-,-,0.0,0.0,0.0,0.0,0.0,-,-,0.0
2135,Sergi Enrich,Eibar,0.0,0.0,-,-,-,0.0,0.0,0.0,-,0.0,0.0,0.0,-,0.0
8209,Miguel Ángel Atienza,Eibar,-,0.0,-,-,-,0.0,-,-,-,-,-,-,-,0.0
8708,Unai Arietaleanizbeaskoa,Eibar,-,-,-,0.0,-,-,-,-,-,-,-,-,-,0.0
9035,Jeison Lucumí,Elche,-,-,-,-,0.0,-,-,-,-,0.0,-,-,-,0.0
8709,Eñaut Mendía,Eibar,-,-,-,-,0.0,-,-,-,-,-,-,-,-,0.0
8897,Ramón Folch,Elche,-,0.0,-,-,-,-,-,-,-,-,-,-,-,0.0
8896,Nino,Elche,0.0,0.0,-,-,-,0.0,0.0,-,-,-,-,-,-,0.0
5159,Marc Cardona,Osasuna,0.0,0.0,0.0,-,-,-,-,-,-,-,-,-,-,0.0
8413,Javier López,Alaves,0.0,-,0.0,-,0.0,0.0,-,-,0.0,-,0.0,-,-,0.0
8414,Mahmoud Abdallahi,Alaves,-,0.0,-,-,-,-,-,-,-,-,-,-,-,0.0
8751,Sergi García,Alaves,0.0,-,-,0.0,-,-,-,-,-,-,-,-,-,0.0
3424,Guido Carrillo,Elche,-,-,-,0.0,-,-,-,0.0,0.0,-,-,-,-,0.0
9032,Tomás Tavares,Alaves,-,-,-,-,-,-,-,0.0,-,-,-,-,-,0.0
2597,Dani Calvo,Elche,0.0,0.0,0.0,0.0,0.0,-,-,-,-,-,-,-,-,0.0
2567,Luismi,Elche,0.0,0.0,0.0,0.0,-,-,-,-,0.0,-,-,-,-,0.0
9115,Daniel Plomer,Granada,-,-,-,-,-,-,-,0.0,-,-,-,-,-,0.0
9114,Juan Brunet,Granada,-,-,-,-,-,-,-,0.0,-,-,-,-,-,0.0
9113,Álvaro Bravo,Granada,-,-,-,-,-,-,-,0.0,-,-,-,-,-,0.0
8271,Fernando Niño,Villarreal,0.0,-,-,-,-,-,-,-,-,-,-,0.0,-,0.0
9174,Edgar Sevikyan,Levante,-,-,-,-,-,-,-,-,-,-,0.0,-,-,0.0
7286,Juan Miranda,Real Betis,-,-,-,-,-,0.0,-,-,-,-,-,0.0,-,0.0
2471,Víctor Rodríguez,Elche,0.0,-,-,-,-,0.0,-,-,-,-,-,-,-,0.0
7355,Paul Akouokou,Real Betis,-,0.0,-,0.0,-,-,-,-,-,-,-,-,-,0.0
597,Ramiro Funes Mori,Villarreal,-,-,0.0,0.0,-,-,-,-,-,-,-,-,-,0.0
6306,Juan Foyth,Villarreal,-,-,-,-,-,-,0.0,-,-,-,-,-,-,0.0
8306,Sofian Chakla,Villarreal,-,0.0,-,-,-,-,-,-,-,-,-,-,-,0.0
9112,Kingsley Fobi,Granada,-,-,-,-,-,-,-,0.0,-,-,-,-,-,0.0
2158,Quini,Granada,-,-,-,-,-,-,-,-,-,0.0,0.0,-,-,0.0
7516,Nehuén Pérez,Granada,-,-,-,-,-,0.0,-,0.0,-,-,-,-,-,0.0
8215,Pepe Sanchez,Granada,-,-,-,-,-,-,-,0.0,-,-,-,-,-,0.0
9109,Ángel Jiménez,Granada,-,-,-,-,-,-,-,0.0,-,-,-,-,-,0.0
9110,Sergio Barcia,Granada,-,-,-,-,-,-,-,0.0,-,-,-,-,-,0.0
9111,Isma Ruiz,Granada,-,-,-,-,-,-,-,0.0,-,-,-,-,-,0.0
9008,Jairo Izquierdo,Cadiz,-,-,-,-,-,0.0,0.0,-,0.0,0.0,0.0,0.0,-,0.0
