id,name,team,1,2,3,4,5,6,7,8,9,10,11,12,13,14,15,16,17,18,19,20,21,22,23,24,total
224,Thomas Müller,Bayern Munich,2,4,7,3,2,2,5,0,3,2,2,2,3,4,3,2,2,4,1,2,-,-,1,4,60
6345,Jadon Sancho,Borussia Dortmund,3,1,-,1,2,2,1,-,1,4,3,2,2,4,7,3,3,4,3,3,0,2,7,-,58
64,Filip Kostic,Eintracht Frankfurt,4,0,-,-,-,-,0,1,3,0,0,0,2,2,1,4,4,5,1,5,7,3,4,10,56
5266,Vincenzo Grifo,Freiburg,1,3,1,0,1,1,1,3,3,7,3,1,3,1,3,0,6,4,3,3,0,0,2,0,50
3300,Christopher Nkunku,RasenBallsport Leipzig,2,1,4,1,7,3,2,1,2,1,-,-,-,-,-,4,2,1,0,8,2,2,1,4,48
1040,Angelino,RasenBallsport Leipzig,3,0,4,1,5,1,1,3,1,1,-,0,6,2,3,1,4,2,2,5,1,1,-,-,47
223,Joshua Kimmich,Bayern Munich,4,3,1,-,2,2,0,-,-,-,-,-,1,3,1,5,1,8,3,2,0,5,2,3,46
3455,Raphael Guerreiro,Borussia Dortmund,-,1,2,3,3,0,8,1,-,-,4,0,4,2,1,3,3,0,5,3,2,0,0,-,45
4243,Christian Günter,Freiburg,1,3,0,5,3,1,3,3,2,3,2,1,2,1,2,2,1,2,2,0,3,0,1,1,44
7075,Borna Sosa,VfB Stuttgart,-,1,0,-,-,2,3,0,1,1,2,2,1,2,2,5,2,-,3,-,4,2,5,4,42
6145,Daichi Kamada,Eintracht Frankfurt,3,3,4,5,2,2,4,1,3,1,1,0,-,1,2,0,0,2,1,1,3,3,0,-,42
5717,Amine Harit,Schalke 04,1,-,-,1,1,3,1,1,-,-,-,1,1,2,4,0,4,5,3,2,2,4,3,-,39
7875,Christopher Trimmel,Union Berlin,0,1,2,1,1,-,1,1,5,1,4,4,2,1,1,2,-,3,-,3,0,2,0,3,38
320,Jonas Hofmann,Borussia M.Gladbach,2,3,5,2,2,1,1,-,-,-,-,-,-,7,3,0,2,3,3,0,1,3,0,-,38
5221,Leon Bailey,Bayer Leverkusen,-,0,0,3,2,3,2,1,2,2,1,2,0,0,2,3,3,1,0,4,2,1,3,-,37
316,Gonzalo Castro,VfB Stuttgart,1,3,2,1,1,3,3,4,1,2,-,3,0,2,4,2,-,2,0,-,-,1,2,-,37
8397,Florian Wirtz,Bayer Leverkusen,0,0,3,-,0,5,5,2,2,4,2,0,2,1,-,-,4,0,2,2,1,0,1,-,36
6556,Moussa Diaby,Bayer Leverkusen,0,0,1,1,2,2,3,0,1,4,0,1,1,1,1,2,3,4,1,5,2,0,-,1,36
7080,Matheus Cunha,Hertha Berlin,1,0,1,5,1,5,3,0,0,2,-,2,0,2,-,2,1,2,3,2,1,2,0,-,35
153,Maximilian Arnold,Wolfsburg,0,0,4,2,2,-,1,2,1,0,2,2,-,1,2,-,2,0,0,1,4,2,2,2,32
226,Kingsley Coman,Bayern Munich,-,0,-,0,3,-,0,1,4,3,4,3,0,-,2,2,1,1,1,2,0,3,-,2,32
157,Daniel Caligiuri,Augsburg,1,1,0,0,1,5,1,1,2,2,0,2,2,1,2,2,2,1,0,0,0,0,3,2,31
8292,Dani Olmo,RasenBallsport Leipzig,3,0,1,5,0,0,0,1,4,0,1,0,1,2,2,0,1,1,2,3,0,1,2,1,31
82,Nadiem Amiri,Bayer Leverkusen,1,0,0,0,3,0,2,1,-,5,3,2,1,1,1,2,2,3,-,-,1,-,1,2,31
208,Lars Stindl,Borussia M.Gladbach,0,4,2,1,2,0,1,1,0,2,0,0,3,1,2,3,0,0,2,2,1,3,0,-,30
5240,Ondrej Duda,FC Cologne,1,0,0,0,1,4,0,5,1,1,2,-,0,4,0,0,3,2,3,1,0,1,0,0,29
319,Marco Reus,Borussia Dortmund,0,1,0,0,0,1,2,2,4,-,0,4,1,2,3,0,1,1,3,0,0,2,2,0,29
27,Vladimir Darida,Hertha Berlin,3,0,0,0,2,0,1,0,2,0,1,-,4,5,2,2,0,1,0,3,-,-,0,2,28
8791,Ritsu Doan,Arminia Bielefeld,2,1,1,2,2,0,0,0,1,5,2,3,3,0,1,0,0,1,2,0,1,1,0,-,28
6271,Ihlas Bebou,Hoffenheim,0,3,1,0,-,-,1,0,0,3,0,0,1,1,3,2,0,2,3,1,1,3,1,1,27
7052,Wout Weghorst,Wolfsburg,1,0,1,1,0,3,0,1,1,5,0,2,2,0,2,0,0,0,0,2,2,1,1,2,27
337,Leroy Sané,Bayern Munich,5,1,-,-,2,0,0,1,1,0,0,0,1,0,3,1,0,0,1,1,2,5,0,3,27
6083,Ludwig Augustinsson,Werder Bremen,3,2,1,3,-,-,-,0,1,3,1,2,1,1,1,-,-,-,2,2,-,-,3,-,26
993,Serge Gnabry,Bayern Munich,3,2,1,3,-,0,1,0,0,0,1,3,2,2,-,0,1,3,3,0,-,-,0,1,26
261,Julian Brandt,Borussia Dortmund,0,2,1,1,4,4,0,4,0,1,0,0,1,-,0,1,3,2,1,0,0,0,0,0,25
8191,Giovanni Reyna,Borussia Dortmund,1,3,4,0,0,0,1,0,2,1,3,2,0,1,0,-,0,1,1,2,1,0,2,-,25
6708,Bote Baku,Wolfsburg,-,-,0,2,2,1,0,2,0,0,3,1,1,0,1,1,2,0,3,2,2,1,1,0,25
90,Sebastian Rudy,Hoffenheim,-,-,-,1,1,2,3,-,0,2,1,1,0,0,-,1,2,0,2,2,2,2,2,1,25
5235,Aymen Barkok,Eintracht Frankfurt,3,0,1,0,0,1,2,2,-,1,0,2,3,0,0,5,1,-,2,-,-,0,1,-,24
227,Robert Lewandowski,Bayern Munich,2,0,1,3,0,-,1,3,0,0,1,0,0,3,0,2,2,2,1,0,0,2,0,1,24
5273,Kerem Demirbay,Bayer Leverkusen,2,1,2,2,-,2,-,1,4,-,-,0,0,2,1,1,0,0,2,1,1,2,-,0,24
43,Danny Latza,Mainz 05,0,1,1,0,1,0,1,-,-,-,2,0,0,2,1,3,2,2,1,1,3,1,1,0,23
300,Daniel Didavi,VfB Stuttgart,5,2,0,2,2,-,1,3,-,-,-,2,1,-,1,0,1,3,-,-,0,-,0,-,23
5353,Josip Brekalo,Wolfsburg,0,0,2,2,-,2,1,3,3,2,0,1,2,2,0,1,1,1,0,0,-,0,-,-,23
7831,Stefan Lainer,Borussia M.Gladbach,0,0,0,2,2,1,0,3,0,1,1,0,4,1,2,0,0,0,1,2,1,1,-,1,23
7295,Joshua Sargent,Werder Bremen,1,3,1,2,0,1,3,2,-,0,3,0,0,1,0,1,1,1,1,0,0,0,2,-,23
6484,Renato Steffen,Wolfsburg,1,0,-,0,0,0,1,1,0,2,-,-,2,4,0,0,0,1,1,2,2,2,2,1,22
8808,Wataru Endo,VfB Stuttgart,1,0,0,0,0,3,0,2,0,1,1,0,1,1,3,1,0,2,0,1,1,0,3,0,21
419,Maximilian Mittelstädt,Hertha Berlin,3,2,3,1,0,2,-,0,-,1,-,3,0,0,0,1,1,1,1,0,0,0,1,1,21
8792,Fabian Klos,Arminia Bielefeld,0,0,1,1,0,0,1,0,2,1,0,2,0,2,1,2,1,1,4,1,0,1,0,-,21
155,Max Kruse,Union Berlin,0,1,0,1,6,3,4,0,3,1,-,-,-,-,-,-,-,-,-,-,-,-,1,1,21
956,Andrej Kramaric,Hoffenheim,0,1,0,-,-,-,-,3,2,1,2,0,0,1,2,3,0,0,3,1,-,0,2,0,21
7501,Amadou Haidara,RasenBallsport Leipzig,3,0,0,-,-,2,2,1,0,1,0,0,1,6,2,1,0,0,0,0,1,0,-,1,21
7422,Christoph Baumgartner,Hoffenheim,1,1,1,0,0,0,2,1,1,2,0,2,0,1,1,-,2,2,1,0,2,0,1,0,21
6531,Alexander Sørloth,RasenBallsport Leipzig,-,0,1,1,3,4,0,0,0,0,1,0,1,0,0,-,1,2,0,4,0,0,1,1,20
420,Patrick Herrmann,Borussia M.Gladbach,0,1,1,0,3,1,1,2,3,1,2,-,0,3,0,0,1,0,0,0,-,-,-,1,20
6445,Elvis Rexhbecaj,FC Cologne,1,1,1,1,1,-,0,1,0,1,3,3,0,0,0,0,1,1,1,1,0,1,0,2,20
5249,Emil Forsberg,RasenBallsport Leipzig,4,1,0,0,0,0,1,1,2,2,1,0,2,1,0,2,0,1,-,-,-,-,1,1,20
8807,Silas Wamangituka,VfB Stuttgart,2,1,1,0,0,0,0,1,6,0,2,1,0,0,1,1,-,2,0,1,0,0,1,0,20
6088,Orel Mangala,VfB Stuttgart,1,0,2,0,0,0,0,2,0,1,2,-,0,0,3,0,1,3,2,1,0,1,0,1,20
7107,Jean-Paul Boëtius,Mainz 05,0,0,1,1,1,0,2,3,1,4,1,-,0,0,2,0,0,-,1,-,0,0,0,3,20
7814,Taiwo Awoniyi,Union Berlin,-,0,-,0,1,0,0,1,1,0,1,0,3,2,2,0,0,1,1,1,6,-,-,-,20
285,Bastian Oczipka,Schalke 04,0,0,0,1,0,1,2,3,-,3,2,3,1,1,1,0,0,2,-,-,-,0,0,0,20
7883,Marcus Ingvartsen,Union Berlin,0,1,2,1,2,-,-,0,0,1,0,-,-,0,2,2,0,1,3,1,1,3,0,0,20
6170,André Silva,Eintracht Frankfurt,0,0,1,1,1,1,2,1,1,0,-,2,0,2,1,0,2,1,0,0,3,-,1,0,20
7289,Amin Younes,Eintracht Frankfurt,-,-,-,0,0,1,1,-,-,-,0,0,1,0,1,1,3,1,4,2,1,2,0,1,19
1236,Patrik Schick,Bayer Leverkusen,0,1,1,-,-,-,-,0,0,2,1,1,2,0,0,2,1,-,0,4,0,1,0,3,19
5248,Marcel Sabitzer,RasenBallsport Leipzig,-,-,-,-,0,1,3,0,0,1,1,3,0,1,0,0,3,0,2,0,0,4,0,-,19
8260,Erling Haaland,Borussia Dortmund,1,2,1,2,2,-,0,0,2,-,-,-,-,0,0,1,0,0,0,2,1,2,2,0,18
81,Jonathan Schmid,Freiburg,0,0,0,3,0,1,0,1,1,2,0,3,3,1,-,-,-,0,0,0,0,3,0,0,18
6475,Lucas Höler,Freiburg,1,0,0,2,0,0,2,5,0,0,1,1,1,1,0,1,0,1,1,0,0,0,1,0,18
88,Mark Uth,Schalke 04,0,4,0,-,-,1,2,2,4,1,0,-,-,0,3,0,0,1,0,0,-,-,-,-,18
125,Maximilian Eggestein,Werder Bremen,1,0,1,0,0,1,0,0,1,1,0,1,2,1,0,0,0,1,1,4,0,2,0,-,17
335,Leon Goretzka,Bayern Munich,0,1,1,1,1,-,0,1,1,0,0,-,-,0,0,1,0,2,-,-,-,1,3,4,17
38,Daniel Brosinski,Mainz 05,3,5,1,0,0,1,0,3,1,-,1,-,-,2,0,-,-,-,-,-,-,-,-,0,17
5254,Marcel Halstenberg,RasenBallsport Leipzig,0,-,4,1,-,-,-,-,1,-,0,0,1,0,0,0,1,0,0,0,1,4,4,-,17
5706,Dodi Lukebakio,Hertha Berlin,1,2,1,1,2,1,0,1,0,1,0,0,2,1,1,0,0,-,2,0,0,0,1,0,17
48,Jhon Córdoba,Hertha Berlin,0,0,0,3,0,2,0,-,-,-,-,-,-,1,1,1,3,3,-,-,-,-,0,2,16
8812,Sasa Kalajdzic,VfB Stuttgart,0,3,3,0,2,2,0,1,0,0,-,0,0,0,0,1,0,0,1,0,1,2,0,0,16
391,David Alaba,Bayern Munich,-,1,0,0,0,0,0,4,0,0,1,0,1,0,1,1,0,1,0,0,4,1,1,0,16
7882,Sheraldo Becker,Union Berlin,2,0,2,0,3,-,1,1,1,0,1,2,0,1,1,0,-,0,-,-,-,-,-,-,15
228,Sebastian Rode,Eintracht Frankfurt,1,0,0,3,2,2,-,-,0,1,3,0,2,-,0,-,-,0,0,0,0,1,0,0,15
194,Admir Mehmedi,Wolfsburg,3,0,0,1,1,0,1,3,1,-,-,-,-,1,-,-,0,-,0,-,-,-,0,4,15
7783,Xaver Schlager,Wolfsburg,1,0,1,0,2,0,1,0,1,0,1,1,-,2,0,0,0,1,0,1,0,0,1,2,15
140,Yannick Gerhardt,Wolfsburg,0,0,0,0,0,1,0,-,-,-,-,-,0,0,2,5,0,2,3,1,0,1,0,0,15
2693,Marius Wolf,FC Cologne,-,-,1,2,2,0,1,0,1,1,1,0,0,1,0,2,0,0,1,-,0,0,0,2,15
7065,Florian Neuhaus,Borussia M.Gladbach,0,0,0,0,0,0,0,0,2,3,0,-,1,2,0,0,1,2,0,2,1,1,0,0,15
7345,Alphonso Davies,Bayern Munich,-,2,2,0,0,-,-,-,-,-,0,-,3,1,0,2,-,0,0,-,2,0,0,2,14
409,Philipp Klement,VfB Stuttgart,3,0,2,-,0,2,-,0,-,0,-,1,1,-,1,2,0,1,-,0,-,-,1,-,14
3431,Almamy Touré,Eintracht Frankfurt,-,2,1,0,1,1,2,-,-,-,-,-,-,1,1,1,1,0,1,0,0,1,-,1,14
110,Theodor Gebre Selassie,Werder Bremen,0,0,0,0,1,3,1,0,0,0,0,0,1,0,0,0,3,0,1,3,0,0,1,-,14
6338,Lucas Alario,Bayer Leverkusen,1,-,0,1,0,2,0,0,-,-,1,0,0,1,1,0,2,1,0,-,0,0,4,-,14
3339,Jérôme Roussillon,Wolfsburg,0,1,2,1,1,1,2,1,2,1,0,2,-,-,-,-,-,-,-,-,-,-,-,-,14
604,Emre Can,Borussia Dortmund,1,2,1,0,-,-,-,1,2,2,0,0,1,1,1,1,-,1,-,0,0,0,0,0,14
7877,Robert Andrich,Union Berlin,0,1,0,2,1,1,0,0,0,1,-,-,-,1,1,1,2,0,1,0,1,1,0,0,14
5759,Matteo Guendouzi,Hertha Berlin,-,-,-,-,-,0,0,0,0,1,0,0,2,2,0,1,2,0,1,1,3,0,1,0,14
5250,Yussuf Poulsen,RasenBallsport Leipzig,1,1,-,0,2,0,0,0,-,0,4,0,1,1,0,0,0,-,0,0,1,0,0,2,13
8809,Mateo Klimowicz,VfB Stuttgart,1,0,0,1,-,2,1,0,2,-,2,0,1,0,1,0,1,0,-,1,0,0,-,0,13
7109,Leandro Barreiro Martins,Mainz 05,0,0,-,-,0,-,0,5,1,0,-,0,0,3,1,0,0,0,-,0,0,1,1,1,13
7876,Christopher Lenz,Union Berlin,1,1,0,1,0,1,1,0,0,0,2,2,0,1,1,2,0,0,-,-,-,0,0,-,13
7059,Benito Raman,Schalke 04,0,0,-,1,0,0,2,1,1,0,4,1,1,-,0,0,1,1,-,0,0,0,0,0,13
7810,Ruben Vargas,Augsburg,0,-,0,1,2,1,0,2,0,1,1,0,2,0,2,0,0,-,0,0,0,1,-,0,13
7867,Robert Skov,Hoffenheim,-,1,2,1,1,2,-,-,0,0,0,1,2,3,-,-,-,-,-,-,0,-,-,0,13
9076,Philipp Förster,VfB Stuttgart,-,-,-,-,-,0,-,0,0,0,0,2,-,0,1,-,0,-,2,2,2,1,2,1,13
8813,Tanguy Coulibaly,VfB Stuttgart,-,0,0,2,0,1,0,1,0,1,3,1,0,0,0,0,1,2,0,0,0,0,0,1,13
79,Tobias Strobl,Augsburg,0,0,0,0,0,2,1,1,1,1,1,2,1,0,0,-,1,1,0,1,0,0,0,0,13
5680,Thomas Meunier,Borussia Dortmund,0,1,0,1,2,2,1,0,0,-,-,-,0,0,3,1,0,-,-,-,-,0,0,1,12
5735,Jean-Philippe Mateta,Mainz 05,0,2,0,2,3,0,1,1,1,1,0,1,0,0,0,-,-,-,-,-,-,-,-,-,12
307,Suat Serdar,Schalke 04,0,-,0,-,-,-,-,0,1,1,1,0,0,1,2,0,2,1,-,0,0,2,1,0,12
8140,Munas Dabbur,Hoffenheim,1,2,3,0,4,0,0,-,0,-,-,0,0,1,-,0,0,0,0,0,1,0,0,0,12
6096,Sergio Córdova,Arminia Bielefeld,2,0,0,-,0,0,0,-,-,1,0,1,2,0,3,0,1,0,0,0,1,1,0,-,12
2645,Marcel Hartel,Arminia Bielefeld,1,1,1,1,0,1,0,0,0,0,1,0,0,0,2,1,0,1,1,-,-,-,1,-,12
3310,Alassane Pléa,Borussia M.Gladbach,1,1,1,-,1,0,0,-,3,0,1,0,-,0,-,0,2,0,0,0,2,0,0,0,12
6081,Dennis Geiger,Hoffenheim,2,2,0,3,1,0,-,2,1,-,-,-,1,-,-,-,-,-,-,-,-,-,-,-,12
262,Leonardo Bittencourt,Werder Bremen,1,2,1,1,0,1,1,0,1,0,0,0,-,1,-,-,0,1,1,0,1,0,0,-,12
158,Bas Dost,Eintracht Frankfurt,2,0,3,3,0,0,1,0,1,0,1,-,0,-,-,-,-,-,-,-,-,-,-,-,11
7074,Nicolás González,VfB Stuttgart,-,-,-,0,0,1,3,1,-,-,0,0,1,2,2,0,-,1,0,0,-,-,-,-,11
412,André Hahn,Augsburg,0,0,2,0,0,1,0,0,0,-,-,-,-,1,0,1,1,1,0,2,0,0,0,2,11
454,Charles Aránguiz,Bayer Leverkusen,0,1,1,0,-,-,-,-,-,-,-,-,-,-,-,0,2,0,1,1,1,0,3,1,11
2631,Karim Onisiwo,Mainz 05,0,0,1,0,-,1,1,0,0,1,3,1,0,0,0,0,0,0,0,1,1,0,1,-,11
5654,Baptiste Santamaria,Freiburg,-,1,0,1,0,0,0,0,1,0,1,1,0,1,1,0,-,-,1,1,0,1,1,0,11
2276,Lucas Hernández,Bayern Munich,0,-,1,3,1,-,2,0,0,-,-,0,0,-,-,-,0,2,-,0,0,1,1,0,11
8065,Iago,Augsburg,1,1,2,-,0,0,0,0,2,-,-,-,1,3,1,-,0,0,0,-,-,-,-,-,11
7789,Dominick Drexler,FC Cologne,0,0,0,-,-,1,0,0,0,0,0,-,1,0,-,2,2,1,1,-,0,1,1,1,11
188,Kevin Kampl,RasenBallsport Leipzig,1,1,0,-,1,0,2,0,0,0,1,0,1,1,-,0,1,-,0,1,0,-,-,1,11
5329,Stefan Posch,Hoffenheim,-,1,0,0,2,0,-,1,1,0,1,-,3,-,1,0,0,1,0,0,0,-,-,-,11
5294,Salih Özcan,FC Cologne,2,0,-,0,0,0,0,0,3,1,0,1,0,0,0,0,0,-,0,2,2,0,0,-,11
8824,Jude Bellingham,Borussia Dortmund,1,0,2,0,-,2,1,1,-,1,0,0,0,-,-,0,2,0,0,0,0,1,0,0,11
7058,Kevin Stöger,Mainz 05,-,-,-,-,-,0,-,-,0,2,2,0,1,0,2,0,-,1,1,-,0,0,1,0,10
5989,Moussa Niakhate,Mainz 05,0,0,-,0,0,0,0,0,0,1,1,0,0,-,1,0,1,0,0,1,2,0,2,1,10
254,Steven Zuber,Eintracht Frankfurt,2,2,3,1,0,1,0,-,-,-,-,-,1,-,0,-,-,-,-,0,0,0,-,0,10
2624,Djibril Sow,Eintracht Frankfurt,-,0,-,-,0,-,0,1,0,2,0,0,0,2,1,0,1,1,0,0,0,-,0,2,10
2640,Erik Durm,Eintracht Frankfurt,-,-,-,-,-,-,-,0,0,1,1,0,2,0,2,2,-,1,-,0,0,-,1,0,10
6496,Ermedin Demirovic,Freiburg,-,0,-,0,0,0,-,0,1,2,1,1,1,1,2,0,1,0,0,0,0,0,0,0,10
373,Mats Hummels,Borussia Dortmund,0,1,1,1,0,2,0,0,1,0,0,0,0,1,0,0,0,1,0,2,0,0,0,0,10
4250,Nicolas Höfler,Freiburg,0,2,0,1,0,0,0,1,1,2,0,0,0,1,1,1,-,0,0,0,0,0,0,0,10
186,Karim Bellarabi,Bayer Leverkusen,1,2,2,0,0,0,1,0,-,0,1,0,-,0,-,-,-,0,1,-,-,-,2,-,10
290,Mijat Gacinovic,Hoffenheim,1,0,2,0,0,0,1,0,0,0,0,0,-,-,2,0,1,2,0,0,1,-,-,-,10
306,Florian Niederlechner,Augsburg,0,1,0,0,1,-,0,0,1,0,0,-,1,2,1,0,0,1,1,0,0,0,1,0,10
116,Florian Grillitsch,Hoffenheim,-,0,1,0,-,2,1,1,1,0,0,-,1,-,-,-,-,-,1,0,0,1,0,0,9
7809,Mads Pedersen,Augsburg,-,-,-,1,-,-,-,-,-,-,-,-,-,-,1,2,-,-,0,2,2,0,1,0,9
9069,Romano Schmid,Werder Bremen,-,-,-,-,-,-,-,-,-,0,0,0,1,2,0,1,0,2,1,1,0,0,1,-,9
7879,Marius Bülter,Union Berlin,4,1,0,0,0,0,-,-,0,0,0,1,0,-,0,1,0,0,0,-,-,2,0,0,9
7899,Daley Sinkgraven,Bayer Leverkusen,0,0,0,0,3,0,-,1,0,0,1,0,1,-,1,2,0,0,0,0,-,-,-,-,9
6523,Milot Rashica,Werder Bremen,-,-,-,0,-,0,1,2,0,-,-,-,-,-,-,0,0,0,2,0,0,2,2,-,9
118,Levin Öztunali,Mainz 05,0,0,-,0,3,2,0,1,0,-,-,-,-,-,0,1,0,0,1,-,-,-,1,-,9
7352,Tyler Adams,RasenBallsport Leipzig,1,0,-,0,-,-,0,0,1,0,0,0,1,0,0,-,1,0,1,1,1,1,1,0,9
4340,Grischa Prömel,Union Berlin,1,2,1,0,-,-,-,0,0,0,0,1,1,0,-,1,-,0,-,-,1,0,0,1,9
443,Peter Pekarík,Hertha Berlin,1,0,0,0,0,0,0,0,0,0,1,0,0,0,1,2,0,2,-,2,0,-,-,-,9
1673,Edimilson Fernandes,Mainz 05,-,-,-,0,0,0,2,1,1,1,1,1,0,1,-,-,-,-,1,-,-,-,-,-,9
6837,Ryan Sessegnon,Hoffenheim,-,-,-,0,0,0,0,0,1,1,1,1,1,2,-,-,-,-,-,-,-,1,1,0,9
106,Waldemar Anton,VfB Stuttgart,2,0,0,-,-,-,1,0,1,0,0,0,0,0,2,1,1,0,0,1,0,0,0,0,9
5356,Breel Embolo,Borussia M.Gladbach,-,-,0,0,1,0,1,0,0,1,3,0,1,0,0,1,-,0,0,0,0,0,1,0,9
249,Danny da Costa,Mainz 05,-,-,-,-,-,-,-,-,-,-,-,-,-,-,-,-,-,2,0,2,3,0,1,1,9
315,Matthias Ginter,Borussia M.Gladbach,1,0,1,0,0,0,0,0,1,0,2,0,1,1,0,0,0,0,0,1,0,0,0,0,8
8171,Hannes Wolf,Borussia M.Gladbach,2,0,1,0,2,0,0,1,1,0,1,0,0,0,0,0,0,0,0,0,0,0,0,0,8
2627,Jannes Horn,FC Cologne,2,0,0,1,1,0,0,-,0,0,0,0,0,-,0,2,0,1,0,0,0,-,0,1,8
4291,Marc-Oliver Kempf,VfB Stuttgart,2,0,0,0,0,1,0,1,0,0,0,0,0,0,0,1,1,1,0,0,-,0,0,1,8
176,Sven Schipplock,Arminia Bielefeld,0,0,1,1,0,2,0,0,0,1,0,1,1,0,0,0,1,0,0,-,0,0,0,-,8
4248,Nils Petersen,Freiburg,0,0,0,2,1,0,0,0,0,0,2,1,0,1,0,1,0,0,0,0,0,0,-,0,8
3290,Benjamin Stambouli,Schalke 04,0,0,0,-,-,-,-,0,-,1,0,0,1,2,0,1,0,1,0,0,0,0,2,0,8
3347,Ellyes Skhiri,FC Cologne,0,2,0,0,1,0,-,0,0,0,0,0,0,0,1,0,1,0,1,1,0,1,0,0,8
7868,Diadie Samassékou,Hoffenheim,1,1,-,0,0,0,0,0,1,0,1,0,-,0,0,2,1,0,0,0,0,1,0,0,8
8794,Cédric Brunner,Arminia Bielefeld,1,0,1,-,-,0,1,0,1,0,0,0,1,1,0,1,0,1,0,0,0,0,0,-,8
1277,Roland Sallai,Freiburg,1,0,1,2,0,0,1,2,-,0,0,0,0,0,0,0,1,-,-,-,-,0,0,0,8
370,Marvin Friedrich,Union Berlin,0,1,0,0,0,0,0,1,0,0,0,0,0,0,0,0,0,0,1,1,0,1,2,1,8
8205,Jan Thielmann,FC Cologne,1,1,0,-,-,1,0,0,0,1,0,0,0,2,0,-,0,1,0,0,1,-,0,0,8
4336,Raphael Framberger,Augsburg,2,1,1,0,0,0,-,0,-,0,2,0,0,-,-,-,-,-,-,-,-,1,1,0,8
6963,Justin Kluivert,RasenBallsport Leipzig,-,-,-,0,1,-,-,0,-,0,2,0,-,-,-,0,-,2,0,-,-,0,3,-,8
2655,Alfred Finnbogason,Augsburg,1,0,0,-,-,1,2,1,-,-,1,0,1,-,-,1,0,0,-,-,-,-,-,-,8
135,Yuya Osako,Werder Bremen,0,0,-,-,0,0,1,-,1,2,0,0,1,0,-,-,1,0,2,0,0,-,-,-,8
5659,Nordi Mukiele,RasenBallsport Leipzig,0,0,1,1,0,-,1,-,1,0,0,0,1,-,-,0,1,0,0,0,1,0,1,0,8
2665,Jeffrey Gouweleeuw,Augsburg,0,0,0,0,1,0,0,0,1,0,1,1,0,1,-,0,0,1,0,0,0,0,0,2,8
74,Pavel Kaderábek,Hoffenheim,0,1,1,-,-,-,-,-,-,-,-,-,-,-,-,-,-,0,2,1,0,0,0,3,8
8213,Paulo Otávio,Wolfsburg,0,0,0,-,-,-,-,-,0,0,-,0,0,2,1,0,0,1,0,3,1,0,0,0,8
421,Lars Bender,Bayer Leverkusen,0,3,-,1,0,1,0,0,1,1,0,-,-,-,0,-,0,0,-,-,-,-,-,-,7
75,Niklas Süle,Bayern Munich,0,-,0,0,-,0,-,-,0,0,-,0,0,0,0,-,-,1,0,0,0,0,3,3,7
9108,Marco John,Hoffenheim,-,-,-,-,-,-,-,-,-,-,-,-,-,-,1,0,1,0,1,1,0,1,2,0,7
7108,Jonathan Burkardt,Mainz 05,1,0,0,0,0,0,1,-,0,0,0,0,-,0,1,0,0,0,0,1,0,0,0,3,7
7784,Joao Victor,Wolfsburg,2,1,-,-,1,0,1,0,1,-,-,0,0,0,-,-,-,-,0,0,1,-,0,0,7
8146,Ismail Jakobs,FC Cologne,-,-,-,0,2,1,1,0,0,0,1,0,-,-,0,0,-,0,0,0,-,1,1,0,7
3363,Benjamin Pavard,Bayern Munich,0,1,0,0,-,0,-,0,0,1,0,-,-,0,0,1,1,-,1,2,-,-,-,-,7
3349,Ramy Bensebaini,Borussia M.Gladbach,1,0,0,0,-,1,2,-,-,-,-,-,-,0,1,0,0,0,1,0,0,0,0,1,7
8789,Manuel Prietl,Arminia Bielefeld,0,0,0,0,1,0,0,0,0,0,0,-,0,0,-,-,-,-,-,1,2,2,1,-,7
418,Niklas Stark,Hertha Berlin,0,0,0,0,0,0,0,1,1,0,1,1,0,0,0,1,0,0,0,0,0,0,0,2,7
3603,Corentin Tolisso,Bayern Munich,1,0,0,2,-,-,0,-,1,-,0,0,0,1,-,0,0,-,-,0,2,-,-,-,7
7267,Woo-Yeong Jeong,Freiburg,2,0,0,0,0,0,0,-,-,-,0,0,2,-,0,-,0,0,1,1,0,1,0,0,7
7044,Kevin Möhwald,Werder Bremen,-,-,-,0,0,0,2,0,0,-,0,0,2,-,0,2,1,-,0,0,0,0,0,-,7
7431,Jean-Manuel Mbom,Werder Bremen,-,1,1,0,1,0,0,0,0,-,0,0,-,0,0,2,1,0,0,-,0,0,-,-,6
1275,Robin Quaison,Mainz 05,1,1,0,0,1,0,0,0,1,0,1,0,0,1,0,0,0,0,0,-,-,-,-,0,6
6522,Cedric Teuchert,Union Berlin,0,0,-,-,-,0,0,0,-,0,2,0,2,0,1,0,0,0,1,0,0,-,0,-,6
7090,Krzysztof Piatek,Hertha Berlin,0,0,1,0,0,0,0,2,0,0,0,0,0,0,0,0,0,0,0,0,0,1,1,1,6
4247,Maximilian Philipp,Wolfsburg,-,-,-,1,0,1,2,0,0,0,1,0,-,-,-,0,0,-,-,1,-,0,0,-,6
7813,Jeremiah St. Juste,Mainz 05,0,0,0,0,1,0,0,0,1,0,1,0,0,0,0,-,-,0,1,0,0,1,0,1,6
187,Christoph Kramer,Borussia M.Gladbach,0,0,0,1,0,0,0,0,0,0,-,0,0,1,0,0,0,1,1,1,1,0,0,-,6
5992,Marcus Thuram,Borussia M.Gladbach,0,0,0,1,0,0,2,0,1,1,1,0,0,-,-,-,-,0,0,0,-,0,0,0,6
42,Julian Baumgartlinger,Bayer Leverkusen,0,-,0,0,1,1,0,0,3,0,0,1,0,0,0,0,-,0,-,-,-,-,-,-,6
52,Alexander Hack,Mainz 05,-,0,0,-,-,-,-,1,1,0,0,0,1,1,1,0,1,-,-,-,-,0,-,-,6
4468,Dedryck Boyata,Hertha Berlin,0,0,0,0,0,2,1,1,1,0,0,1,0,-,-,-,-,-,-,-,-,-,-,-,6
3743,Lucas Tousart,Hertha Berlin,0,2,0,0,0,1,-,-,-,0,0,0,-,0,1,0,1,0,0,0,0,1,0,0,6
3834,Ishak Belfodil,Hoffenheim,0,-,0,2,-,0,0,-,-,-,0,0,1,2,0,0,-,-,1,0,-,-,-,-,6
7880,Sebastian Andersson,FC Cologne,2,1,0,1,0,0,1,1,-,0,-,0,-,-,-,-,-,-,-,-,-,-,-,-,6
7439,Tahith Chong,Werder Bremen,2,0,0,-,0,0,0,0,0,0,2,-,1,1,0,-,-,-,-,-,-,-,-,-,6
983,Kevin Mbabu,Wolfsburg,-,-,-,-,-,-,-,-,-,-,2,1,0,-,0,0,0,2,0,0,0,1,0,0,6
393,Douglas Costa,Bayern Munich,-,-,-,0,3,0,-,2,0,1,-,0,-,0,0,-,-,-,0,0,-,-,-,-,6
8796,Christian Gebauer,Arminia Bielefeld,0,-,-,0,-,-,-,-,-,-,0,1,0,0,0,0,2,1,-,0,0,2,-,-,6
7106,Philipp Mwene,Mainz 05,-,-,0,-,-,-,-,-,-,-,-,-,-,0,-,0,0,0,0,1,3,1,0,1,6
9160,Matthew Hoppe,Schalke 04,-,-,-,-,-,-,-,-,1,1,-,0,-,2,0,1,1,0,0,0,0,0,0,0,6
8083,Noah Katterbach,FC Cologne,0,-,-,-,1,1,0,0,-,-,0,-,1,0,-,-,0,2,0,-,0,-,1,0,6
2668,Martin Hinteregger,Eintracht Frankfurt,0,0,0,0,0,1,1,0,0,1,0,1,1,0,0,0,0,0,1,0,0,0,0,0,6
5257,Willi Orban,RasenBallsport Leipzig,-,-,0,0,2,0,0,0,0,0,1,0,1,0,0,0,-,0,0,0,1,0,0,-,5
7073,Pierre Kunde,Mainz 05,-,-,0,0,1,1,0,1,0,0,1,1,0,-,-,-,-,-,-,-,-,-,-,-,5
69,Carlos Gruezo,Augsburg,0,0,1,0,0,0,1,-,0,0,0,0,1,1,1,0,0,0,0,0,0,-,-,-,5
205,Mahmoud Dahoud,Borussia Dortmund,-,1,-,0,0,-,-,2,-,0,-,-,-,-,-,-,-,-,0,0,0,1,1,0,5
8192,Melayro Bogarde,Hoffenheim,-,-,-,-,-,-,1,-,-,-,0,-,-,1,2,-,0,0,-,-,-,1,-,0,5
762,Demarai Gray,Bayer Leverkusen,-,-,-,-,-,-,-,-,-,-,-,-,-,-,-,-,-,-,-,0,1,2,2,0,5
5230,Thomas Delaney,Borussia Dortmund,0,-,0,0,1,2,0,-,-,-,-,-,-,1,0,-,0,-,0,0,0,0,-,1,5
23,Marvin Plattenhardt,Hertha Berlin,-,0,-,0,-,1,2,1,0,0,0,0,-,1,0,-,-,-,-,-,-,-,-,-,5
8805,Deyovaisio Zeefuik,Hertha Berlin,0,0,0,1,0,-,-,0,-,0,-,1,0,0,1,-,0,-,-,-,-,-,1,1,5
2456,Omar Mascarell,Schalke 04,-,0,0,2,0,0,0,0,0,1,1,0,0,0,-,-,0,-,1,0,-,0,0,0,5
206,Oscar Wendt,Borussia M.Gladbach,0,0,-,1,1,0,-,1,1,0,0,0,-,0,0,-,1,-,-,0,-,-,0,-,5
8797,Nils Seufert,Arminia Bielefeld,-,-,-,0,2,-,0,0,1,-,0,-,0,-,-,0,1,0,0,1,-,0,-,-,5
171,Michael Gregoritsch,Augsburg,0,0,0,1,0,0,0,0,0,2,1,0,0,0,0,0,-,-,0,-,-,-,1,0,5
96,Salif Sané,Schalke 04,-,1,0,1,0,1,2,-,-,-,0,0,0,-,-,-,-,-,-,-,-,-,-,-,5
60,Christian Gentner,Union Berlin,1,-,-,0,0,2,0,-,-,-,0,-,-,-,-,-,0,0,1,0,1,-,0,0,5
22,John Brooks,Wolfsburg,0,0,2,1,0,0,0,0,0,0,0,-,0,0,0,0,0,0,0,0,1,1,-,0,5
5251,Rani Khedira,Augsburg,0,0,1,0,0,-,0,2,0,-,0,1,0,0,0,0,0,0,-,-,0,0,0,1,5
8876,Dimitris Limnios,FC Cologne,-,1,0,-,1,0,2,1,-,-,-,0,-,0,-,-,-,-,-,-,0,-,-,0,5
5219,Aleksandar Dragovic,Bayer Leverkusen,-,0,-,-,0,-,0,0,1,2,0,1,0,0,1,0,-,-,-,0,-,-,0,-,5
9028,Kilian Ludewig,Schalke 04,-,-,-,0,0,1,3,0,1,-,-,-,-,-,-,-,-,-,-,-,-,-,-,-,5
7785,Kingsley Ehizibue,FC Cologne,1,1,0,2,0,-,-,0,0,-,-,1,-,-,-,0,0,0,-,0,-,0,-,-,5
5340,Marco Friedl,Werder Bremen,0,0,0,0,0,2,0,1,0,0,0,0,0,1,0,0,0,0,0,0,0,1,0,-,5
6352,Valentino Lazaro,Borussia M.Gladbach,-,-,-,-,-,0,0,1,0,0,1,0,1,-,-,-,-,-,-,-,0,1,1,0,5
6722,Konstantinos Mavropanos,VfB Stuttgart,-,-,0,-,-,-,-,-,0,1,2,0,-,0,-,-,-,1,0,0,0,0,0,0,4
6357,Marco Richter,Augsburg,-,-,-,0,0,-,0,0,0,1,0,0,0,0,1,-,0,1,1,0,0,0,0,0,4
6147,Denis Zakaria,Borussia M.Gladbach,-,-,-,-,-,-,-,0,0,2,0,0,0,0,0,1,0,1,0,0,-,0,0,0,4
5222,Joel Pohjanpalo,Union Berlin,-,-,0,0,0,0,1,-,-,-,-,-,-,-,-,-,-,-,1,0,2,0,0,0,4
7197,Fredrik Jensen,Augsburg,0,0,1,0,0,-,-,-,-,-,-,-,-,-,-,-,2,0,1,0,-,-,-,-,4
8070,Mateu Morey,Borussia Dortmund,-,-,-,-,0,-,-,-,-,3,0,1,0,-,-,-,-,0,0,-,-,0,0,0,4
2676,Erik Thommy,VfB Stuttgart,-,-,-,-,-,-,-,-,-,-,-,-,-,-,-,-,-,1,-,2,0,1,-,-,4
3059,Axel Witsel,Borussia Dortmund,0,0,1,2,0,1,0,0,0,0,0,0,0,0,0,-,-,-,-,-,-,-,-,-,4
8853,Maxence Lacroix,Wolfsburg,0,-,0,0,0,0,0,0,1,0,1,0,0,0,-,0,0,0,0,0,1,0,0,1,4
5258,László Bénes,Borussia M.Gladbach,-,-,-,-,-,-,1,-,0,0,0,1,-,-,-,0,2,-,-,-,-,-,-,-,4
7049,Evan Ndicka,Eintracht Frankfurt,-,-,-,-,-,-,-,1,1,0,0,-,-,0,0,1,0,0,1,0,0,0,-,0,4
9301,Emmanuel Dennis,FC Cologne,-,-,-,-,-,-,-,-,-,-,-,-,-,-,-,-,-,-,1,0,1,1,0,1,4
202,Håvard Nordtveit,Hoffenheim,-,-,-,-,-,-,-,1,-,0,0,-,1,-,-,1,0,0,1,-,-,-,-,-,4
8790,Cebio Soukou,Arminia Bielefeld,0,0,2,-,-,-,0,0,0,-,1,-,0,-,0,-,0,-,1,-,-,-,-,-,4
342,Sead Kolasinac,Schalke 04,-,-,-,-,-,-,-,-,-,-,-,-,-,-,0,0,2,-,1,0,0,1,0,0,4
8793,Fabian Kunze,Arminia Bielefeld,0,0,-,1,-,-,0,0,-,0,-,1,0,0,0,0,0,0,0,1,1,0,-,-,4
7320,Amos Pieper,Arminia Bielefeld,0,0,1,0,0,0,1,0,1,-,-,-,0,0,0,0,0,0,0,0,0,0,1,-,4
8795,Jacob Laursen,Arminia Bielefeld,0,-,1,-,0,-,0,-,-,-,-,-,-,-,0,1,1,0,0,1,0,0,0,-,4
241,Mathew Leckie,Hertha Berlin,1,-,-,1,-,-,0,0,0,0,0,1,-,-,-,-,-,1,0,0,0,0,-,-,4
7815,Christian Groß,Werder Bremen,-,0,0,0,0,2,0,1,0,0,0,0,1,0,-,-,-,-,-,0,-,0,-,-,4
2611,Philipp Lienhart,Freiburg,0,0,0,0,0,0,0,1,0,0,1,0,0,0,0,0,1,0,0,0,0,1,0,0,4
339,Eric Maxim Choupo-Moting,Bayern Munich,-,-,-,0,1,0,-,0,-,-,0,-,-,0,-,0,-,1,0,0,0,1,1,0,4
5263,Lukas Kübler,Freiburg,0,-,0,-,-,1,0,-,-,-,-,-,-,0,1,1,0,0,0,0,0,-,0,1,4
213,Thorgan Hazard,Borussia Dortmund,0,-,-,-,0,2,0,-,0,-,-,-,-,-,-,-,-,-,-,-,-,-,1,1,4
5243,Dayotchanculle Upamecano,RasenBallsport Leipzig,0,0,2,0,0,1,-,0,0,1,0,0,0,0,0,0,0,0,0,0,-,-,0,0,4
7376,Ozan Kabak,Schalke 04,0,1,-,-,-,-,1,-,0,0,0,0,0,0,1,0,1,0,0,-,-,-,-,-,4
7900,Sargis Adamyan,Hoffenheim,-,-,-,-,1,1,0,-,-,-,-,-,2,0,0,0,0,0,-,-,-,0,0,-,4
7522,Nassim Boujellab,Schalke 04,-,0,-,-,-,-,-,-,0,0,2,0,0,-,-,-,0,1,0,0,0,0,-,-,3
3393,Bouna Sarr,Bayern Munich,-,-,-,-,2,0,0,-,-,-,-,-,-,-,-,-,-,-,-,-,1,-,-,-,3
8855,Bartosz Bialek,Wolfsburg,-,-,-,-,-,0,-,0,1,-,0,0,0,1,-,-,0,0,0,0,-,0,0,1,3
7524,Tuta,Eintracht Frankfurt,-,-,0,-,0,-,-,-,-,-,-,-,0,-,-,-,0,1,0,0,0,0,2,-,3
90,Sebastian Rudy,Schalke 04,0,3,-,-,-,-,-,-,-,-,-,-,-,-,-,-,-,-,-,-,-,-,-,-,3
8117,Nick Woltemade,Werder Bremen,0,-,-,2,-,-,-,-,0,1,0,0,-,-,-,-,-,-,-,-,-,-,-,-,3
7051,Gonçalo Paciência,Schalke 04,0,1,0,0,0,0,2,0,-,-,-,-,-,-,-,-,-,-,-,-,-,-,-,-,3
150,Josuha Guilavogui,Wolfsburg,-,1,2,0,0,-,-,-,-,-,-,0,0,-,0,0,0,0,0,0,-,0,0,-,3
7122,Javairo Dilrosun,Hertha Berlin,-,-,-,1,0,0,-,-,-,1,1,0,0,-,-,-,-,-,-,-,-,-,-,-,3
7997,Julian Ryerson,Union Berlin,-,0,1,-,0,0,-,0,-,0,0,0,0,0,0,0,0,-,0,1,-,-,-,1,3
282,Makoto Hasebe,Eintracht Frankfurt,0,0,0,0,0,0,0,-,-,-,-,0,0,0,0,0,0,0,0,0,2,1,0,0,3
161,Robin Knoche,Union Berlin,1,0,0,0,0,0,1,0,0,0,0,0,0,0,0,0,0,0,0,0,0,0,1,0,3
5625,Kwon Chang-Hoon,Freiburg,0,0,0,1,0,2,0,-,-,-,-,-,-,0,-,-,-,-,-,-,-,-,-,-,3
5242,Stefan Ilsanker,Eintracht Frankfurt,0,0,1,0,0,0,1,0,1,0,0,0,0,-,0,-,-,0,-,0,-,0,-,0,3
6228,Luka Jovic,Eintracht Frankfurt,-,-,-,-,-,-,-,-,-,-,-,-,-,-,-,0,0,1,0,0,0,1,0,1,3
8786,Stefan Ortega Moreno,Arminia Bielefeld,1,1,0,0,0,0,0,0,0,1,0,0,0,0,0,0,0,0,0,0,0,0,0,-,3
8341,Lazar Samardzic,RasenBallsport Leipzig,-,-,0,-,-,1,-,-,1,-,-,-,-,-,0,-,-,1,-,-,-,-,-,0,3
8986,Omar Alderete,Hertha Berlin,-,-,-,-,1,0,0,0,0,-,-,-,-,1,0,0,0,1,-,0,0,-,-,0,3
360,Ádám Szalai,Mainz 05,-,-,-,-,-,-,-,-,-,-,-,-,-,0,0,0,0,0,0,1,1,0,0,1,3
6490,Manuel Akanji,Borussia Dortmund,0,0,0,-,1,0,0,0,1,-,0,0,1,0,0,0,0,0,0,0,0,-,-,-,3
8430,Chris Richards,Bayern Munich,0,-,3,-,-,-,-,-,-,0,-,-,-,-,-,-,-,-,-,-,-,-,-,-,3
8875,Tolu Arokodare,FC Cologne,-,1,0,-,-,0,-,0,-,-,-,-,-,0,1,-,0,-,-,0,1,-,-,-,3
5358,Lukas Klostermann,RasenBallsport Leipzig,0,0,0,0,-,-,-,-,-,-,-,-,-,0,0,1,0,-,0,0,0,0,0,2,3
131,Jonas Hector,FC Cologne,0,0,-,-,-,-,-,-,-,-,-,0,0,0,1,0,1,1,-,-,-,-,-,0,3
5133,Aarón Martín,Mainz 05,-,-,0,-,-,-,-,-,0,1,-,0,2,-,-,-,-,-,-,-,-,-,-,-,3
2663,Felix Passlack,Borussia Dortmund,1,-,0,1,1,0,-,-,0,-,-,-,-,-,-,-,-,-,-,-,-,-,-,-,3
8806,Roberto Massimo,VfB Stuttgart,0,0,0,-,0,-,-,-,1,0,0,-,1,-,-,-,1,-,0,0,-,-,-,-,3
8958,Reinhold Yabo,Arminia Bielefeld,-,-,0,0,-,0,0,0,2,0,-,-,-,0,0,1,0,0,0,-,-,-,-,-,3
8406,Can Bozdogan,Schalke 04,-,-,1,0,0,0,0,-,-,0,0,-,-,1,-,0,-,-,-,-,-,-,-,1,3
8148,Timo Becker,Schalke 04,0,-,-,-,-,-,-,-,-,-,-,-,-,0,0,1,0,1,0,-,0,0,1,0,3
7056,Niko Gießelmann,Union Berlin,1,-,-,-,-,0,-,0,-,0,-,0,0,-,-,-,0,0,1,0,1,0,-,-,3
7394,Rabbi Matondo,Schalke 04,1,-,-,-,2,-,-,-,-,-,-,0,-,-,-,-,-,-,-,-,-,-,-,-,3
8845,Hee-Chan Hwang,RasenBallsport Leipzig,0,1,-,0,-,0,0,-,-,-,-,-,-,-,0,-,-,0,-,1,-,0,-,0,2
435,Benjamin Henrichs,RasenBallsport Leipzig,0,0,0,1,1,0,0,-,-,-,-,-,-,-,-,-,-,-,-,-,-,-,-,0,2
283,David Abraham,Eintracht Frankfurt,0,0,0,0,-,2,0,0,0,0,0,0,-,0,0,0,-,-,-,-,-,-,-,-,2
220,Jérôme Boateng,Bayern Munich,0,0,0,-,0,0,1,0,0,0,0,1,0,0,-,0,0,0,0,-,-,0,0,0,2
326,Pascal Stenzel,VfB Stuttgart,-,1,-,0,0,0,0,0,-,0,0,0,0,0,0,0,1,0,-,-,-,0,0,-,2
6100,Felix Uduokhai,Augsburg,0,0,0,0,0,0,0,0,0,1,0,0,0,0,0,0,0,0,1,0,-,0,0,0,2
8877,Sava-Arangel Cestic,FC Cologne,-,-,-,-,-,-,-,-,0,1,0,0,-,-,-,0,0,0,-,0,0,0,1,-,2
129,Dominique Heintz,Freiburg,0,0,0,1,1,0,0,0,0,-,-,-,-,-,0,-,0,-,-,-,0,0,0,0,2
7024,Kasim Nuhu,Hoffenheim,0,-,-,-,-,-,-,-,0,-,-,1,-,0,0,1,0,0,0,-,-,0,-,0,2
6327,Kevin Akpoguma,Hoffenheim,0,0,0,0,1,0,0,0,0,-,0,0,1,0,-,-,-,-,-,-,-,-,-,-,2
5258,László Bénes,Augsburg,-,-,-,-,-,-,-,-,-,-,-,-,-,-,-,-,-,-,-,1,0,0,0,1,2
7786,Rafael Czichos,FC Cologne,0,1,0,0,0,0,0,0,0,-,-,-,-,1,0,0,0,-,0,0,0,0,0,-,2
9328,Jeremie Frimpong,Bayer Leverkusen,-,-,-,-,-,-,-,-,-,-,-,-,-,-,-,-,-,-,-,1,-,1,0,0,2
338,Max Meyer,FC Cologne,-,-,-,-,-,-,-,-,-,-,-,-,-,-,-,-,-,-,0,-,-,1,0,1,2
133,Kevin Vogt,Hoffenheim,0,0,0,0,0,0,1,-,-,0,0,0,0,1,0,0,0,-,0,0,0,-,0,-,2
2210,Jorge Meré,FC Cologne,-,-,-,-,-,-,-,1,-,-,-,0,0,0,0,-,-,0,1,0,0,0,0,0,2
8815,Klauss,Hoffenheim,-,-,-,-,0,1,1,0,-,-,-,-,-,-,-,-,-,-,-,-,-,-,-,-,2
8317,Edmond Tapsoba,Bayer Leverkusen,0,0,0,0,1,0,0,-,-,0,0,0,0,0,0,0,0,0,0,0,0,0,1,0,2
6708,Bote Baku,Mainz 05,0,0,-,-,-,-,-,-,-,-,-,-,-,-,-,-,2,-,-,-,-,-,-,-,2
9327,Petar Musa,Union Berlin,-,-,-,-,-,-,-,-,-,-,-,-,-,-,-,-,-,-,-,1,0,0,0,1,2
7054,Steven Skrzybski,Schalke 04,0,-,-,0,-,-,1,1,0,0,0,-,0,0,-,-,-,-,-,-,-,-,-,-,2
433,Nico Schulz,Borussia Dortmund,-,-,0,-,-,-,-,0,-,1,0,-,0,-,-,-,-,-,0,-,0,-,-,1,2
311,Sven Bender,Bayer Leverkusen,1,1,0,0,0,0,0,0,-,-,-,-,-,-,-,-,-,-,-,0,0,0,-,-,2
7995,Akaki Gogia,Union Berlin,-,-,-,-,-,-,1,1,0,-,-,0,0,-,0,-,-,0,-,-,-,-,-,-,2
2638,Alessandro Schöpf,Schalke 04,0,-,0,0,-,0,0,-,0,-,0,1,0,0,0,-,-,0,0,0,-,0,1,-,2
5238,Jordan Torunarigha,Hertha Berlin,1,1,-,-,-,-,-,-,-,0,0,0,0,-,-,-,-,-,0,0,-,-,-,-,2
8787,Nathan de Medina,Arminia Bielefeld,0,-,-,0,1,-,-,-,-,-,-,0,1,0,-,0,-,-,-,-,0,-,0,-,2
8788,Anderson-Lenda Lucoqui,Arminia Bielefeld,0,1,0,0,-,0,-,0,0,1,0,0,-,0,0,-,-,-,-,-,-,-,-,-,2
29,Vedad Ibisevic,Schalke 04,-,1,1,0,-,-,0,-,-,-,-,-,-,-,-,-,-,-,-,-,-,-,-,-,2
8378,Malick Thiaw,Schalke 04,-,-,-,-,0,0,-,0,1,1,-,-,0,-,0,-,-,-,0,0,0,0,0,0,2
7160,Nemanja Radonjic,Hertha Berlin,-,-,-,-,-,-,-,-,-,-,-,-,-,-,-,-,-,-,-,1,1,0,0,-,2
8418,Jamal Musiala,Bayern Munich,0,0,0,0,0,-,-,0,-,0,0,1,0,0,-,0,0,0,0,-,-,1,0,-,2
40,Stefan Bell,Mainz 05,-,-,-,-,-,-,-,-,-,-,-,-,-,-,-,0,0,1,0,0,0,0,1,0,2
1702,Mike van der Hoorn,Arminia Bielefeld,0,0,1,0,0,0,0,0,0,0,0,0,0,1,-,-,0,-,0,0,-,-,-,-,2
8826,Rocco Reitz,Borussia M.Gladbach,-,-,-,-,2,-,-,-,-,-,-,-,-,-,-,-,-,-,-,-,-,-,-,-,2
8951,Keita Endo,Union Berlin,-,-,0,0,0,-,0,-,-,-,1,-,0,-,-,-,0,-,-,0,-,1,-,0,2
4280,Davie Selke,Werder Bremen,1,0,0,0,-,-,-,-,0,1,-,-,-,0,0,0,0,0,-,0,-,-,0,-,2
403,Lukas Klünter,Hertha Berlin,-,-,-,-,-,-,-,-,-,-,-,-,-,-,-,-,-,-,0,-,-,1,0,1,2
6098,Niclas Füllkrug,Werder Bremen,1,0,1,0,0,-,-,-,-,-,-,-,-,0,0,-,-,-,-,-,0,0,0,-,2
7485,Nico Schlotterbeck,Union Berlin,-,0,0,-,-,-,-,-,-,-,-,-,-,-,-,-,-,1,0,1,-,0,0,-,2
8804,Felix Agu,Werder Bremen,-,-,-,-,-,-,-,1,0,-,-,0,-,-,-,0,0,0,0,-,1,0,0,-,2
45,Yunus Malli,Wolfsburg,-,2,-,-,-,-,-,-,-,-,-,-,-,-,-,-,-,-,-,-,-,-,-,-,2
269,Dominik Kohr,Mainz 05,-,-,-,-,-,-,-,-,-,-,-,-,-,-,-,-,0,0,2,0,0,0,-,0,2
549,Timothy Fosu-Mensah,Bayer Leverkusen,-,-,-,-,-,-,-,-,-,-,-,-,-,-,-,-,-,0,1,0,0,1,0,-,2
8401,Luca Netz,Hertha Berlin,-,-,-,-,-,-,-,-,-,-,-,-,-,0,0,0,1,1,0,-,0,0,0,0,2
138,Frederik Sörensen,FC Cologne,0,1,0,-,-,-,-,-,-,-,-,-,-,-,-,-,-,-,-,-,-,-,-,-,1
1292,Sami Khedira,Hertha Berlin,-,-,-,-,-,-,-,-,-,-,-,-,-,-,-,-,-,-,-,0,1,0,0,-,1
9351,Michel Vlap,Arminia Bielefeld,-,-,-,-,-,-,-,-,-,-,-,-,-,-,-,-,-,-,-,1,0,0,0,-,1
5298,Arne Maier,Hertha Berlin,1,0,-,-,-,-,-,-,-,-,-,-,-,-,0,-,-,-,-,-,-,-,-,-,1
7791,Sebastiaan Bornauw,FC Cologne,0,0,1,0,0,0,0,-,0,0,0,0,0,0,0,0,0,0,-,-,-,-,-,-,1
137,Anthony Modeste,FC Cologne,-,-,-,0,0,-,-,-,-,-,1,0,-,0,0,0,-,0,-,-,-,-,-,-,1
9326,Robert Glatzel,Mainz 05,-,-,-,-,-,-,-,-,-,-,-,-,-,-,-,-,-,-,-,0,1,0,0,0,1
225,Javi Martínez,Bayern Munich,-,-,0,0,1,0,0,0,0,0,-,-,-,-,-,0,0,-,-,-,-,0,0,0,1
6229,William,Schalke 04,-,-,-,-,-,-,-,-,-,-,-,-,-,-,-,-,-,-,0,0,0,0,0,1,1
5298,Arne Maier,Arminia Bielefeld,-,-,-,-,0,-,1,-,-,-,-,-,-,0,0,-,-,0,-,-,-,-,0,-,1
127,Timo Horn,FC Cologne,0,0,0,0,0,0,0,0,0,0,0,0,0,0,0,0,0,0,0,0,0,0,0,1,1
451,Matija Nastasic,Schalke 04,-,-,0,0,0,0,0,0,0,-,0,-,-,0,1,0,0,0,0,0,-,-,-,-,1
6084,Johannes Eggestein,Werder Bremen,-,1,0,-,-,-,-,-,-,-,-,-,-,-,-,-,-,-,-,-,-,-,-,-,1
4271,Janik Haberer,Freiburg,-,-,-,-,-,-,-,-,-,-,-,-,-,-,-,0,0,0,0,0,0,0,1,-,1
6045,Davy Klaassen,Werder Bremen,0,1,0,-,-,-,-,-,-,-,-,-,-,-,-,-,-,-,-,-,-,-,-,-,1
2691,Milos Veljkovic,Werder Bremen,-,0,0,0,0,0,-,-,-,-,-,-,1,0,0,0,0,0,0,0,0,0,0,-,1
1936,Niklas Moisander,Werder Bremen,0,-,0,-,0,0,1,-,-,-,0,-,-,-,-,-,0,0,0,0,-,-,-,-,1
9128,Andreas Voglsammer,Arminia Bielefeld,-,-,-,-,-,-,-,0,0,0,-,-,-,-,-,-,-,-,-,1,0,0,0,-,1
7401,Keven Schlotterbeck,Freiburg,-,-,0,-,-,-,-,-,0,0,0,0,0,0,0,0,0,1,0,0,-,0,0,0,1
84,Ermin Bicakcic,Hoffenheim,1,0,-,-,-,-,-,-,-,-,-,-,-,-,-,-,-,-,-,-,-,-,-,-,1
184,Ömer Toprak,Werder Bremen,-,-,-,0,-,0,0,0,0,0,0,0,0,0,0,1,0,0,0,0,0,0,0,-,1
8398,Márton Dárdai,Hertha Berlin,-,-,-,-,-,-,0,-,0,-,-,-,-,-,-,-,-,-,-,-,-,0,0,1,1
914,Nabil Bentaleb,Schalke 04,0,0,0,1,0,0,-,0,-,-,-,-,-,-,-,-,-,-,-,-,0,-,0,-,1
7807,Luca Kilian,Mainz 05,-,-,0,0,1,0,0,0,-,-,-,-,-,-,-,-,-,-,-,-,-,-,-,-,1
276,Dong-Won Ji,Mainz 05,-,-,-,0,0,0,0,1,-,-,-,-,0,-,-,-,-,-,-,-,-,-,-,-,1
9227,Steffen Tigges,Borussia Dortmund,-,-,-,-,-,-,-,-,-,-,-,-,-,0,0,-,0,1,-,-,-,-,-,0,1
543,Reece Oxford,Augsburg,0,0,0,-,-,-,0,-,-,-,0,0,-,0,1,0,0,0,0,0,0,0,0,-,1
2659,Noah Joel Sarenren Bazee,Augsburg,-,-,-,-,-,1,-,-,-,-,-,-,-,-,0,0,-,-,-,-,-,-,-,0,1
269,Dominik Kohr,Eintracht Frankfurt,0,-,-,-,-,0,1,0,-,0,-,0,-,0,-,-,-,-,-,-,-,-,-,-,1
7113,Santiago Arias,Bayer Leverkusen,-,-,1,-,-,-,-,-,-,-,-,-,-,-,-,-,-,-,-,-,-,-,-,-,1
426,Daniel Ginczek,Wolfsburg,-,0,0,-,-,-,-,-,-,0,-,0,1,0,-,-,-,-,-,-,-,-,-,0,1
5086,Marc Roca,Bayern Munich,-,-,-,-,-,0,-,-,-,-,-,0,-,-,-,-,-,-,1,-,-,0,-,-,1
6097,Florian Hübner,Union Berlin,-,-,-,-,-,1,-,-,-,-,-,-,-,0,0,0,0,-,-,-,0,-,-,-,1
8803,Robert Gumny,Augsburg,-,-,-,-,0,0,0,0,0,0,0,0,-,-,0,0,-,0,-,1,0,0,0,-,1
217,Manuel Neuer,Bayern Munich,0,0,0,0,0,0,0,0,0,0,0,0,0,0,0,0,0,0,0,1,0,0,0,0,1
281,Lukas Hradecky,Bayer Leverkusen,0,0,0,0,1,0,0,0,0,0,0,0,0,0,0,0,0,0,0,0,0,-,-,-,1
8325,Exequiel Palacios,Bayer Leverkusen,-,-,-,0,1,0,-,-,-,-,-,-,-,-,-,-,-,-,-,-,-,-,-,-,1
8847,Niklas Tauer,Mainz 05,0,-,-,-,-,-,-,-,-,-,-,-,-,-,-,0,1,0,-,0,-,-,-,-,1
8044,Joshua Zirkzee,Bayern Munich,0,1,-,-,-,0,-,-,-,-,-,-,-,-,-,-,-,-,-,-,-,-,-,-,1
212,Nico Elvedi,Borussia M.Gladbach,0,0,0,0,0,0,0,0,-,-,0,0,0,0,0,0,0,0,0,-,0,1,0,0,1
5288,Gregor Kobel,VfB Stuttgart,0,1,0,0,0,0,0,0,0,0,0,0,0,0,0,0,0,0,0,0,0,0,0,0,1
8825,Reinier,Borussia Dortmund,-,0,0,-,-,0,-,-,-,-,0,-,-,-,-,-,-,-,-,1,-,0,0,0,1
5355,Jacob Bruun Larsen,Hoffenheim,-,-,-,0,1,-,-,-,-,-,-,-,-,-,-,-,-,-,-,-,-,-,-,-,1
9274,Naouirou Ahamada,VfB Stuttgart,-,-,-,-,-,-,-,-,-,-,-,-,-,-,-,-,-,-,-,1,-,-,-,-,1
9133,Youssoufa Moukoko,Borussia Dortmund,-,-,-,-,-,-,-,0,0,0,0,0,1,-,-,0,0,0,-,0,0,0,-,-,1
8811,Alkhaly Momo Cissé,VfB Stuttgart,1,-,-,-,-,-,-,-,-,-,-,-,-,-,-,-,-,-,-,-,0,-,-,0,1
310,Lukasz Piszczek,Borussia Dortmund,-,-,-,1,-,0,-,0,-,-,-,0,-,-,-,-,-,-,0,-,-,-,-,-,1
207,Ibrahima Traoré,Borussia M.Gladbach,-,-,0,0,-,-,-,-,-,-,0,1,0,-,-,-,-,-,-,-,-,-,-,0,1
5222,Joel Pohjanpalo,Bayer Leverkusen,0,-,-,-,-,-,-,-,-,-,-,-,-,-,-,-,-,-,-,-,-,-,-,-,0
37,Loris Karius,Union Berlin,-,-,-,-,-,-,-,-,-,-,-,-,-,-,-,-,-,-,0,-,0,0,0,-,0
7885,Joshua Mees,Union Berlin,0,-,-,-,-,-,-,-,-,-,-,-,-,-,-,-,-,-,-,-,-,-,-,-,0
417,Tin Jedvaj,Bayer Leverkusen,-,-,-,-,-,-,-,-,0,-,-,-,-,-,-,-,-,-,-,-,-,-,-,-,0
9187,Sebastian Müller,Arminia Bielefeld,-,-,-,-,-,-,-,-,-,-,0,0,-,-,-,-,-,-,-,-,-,-,-,-,0
6440,Niklas Lomb,Bayer Leverkusen,-,-,-,-,-,-,-,-,-,-,-,-,-,-,-,-,-,-,-,-,0,0,-,-,0
185,Wendell,Bayer Leverkusen,0,-,0,-,-,-,0,-,-,-,0,0,-,-,-,-,0,0,0,-,0,0,0,0,0
8962,Joscha Wosz,RasenBallsport Leipzig,-,-,0,-,-,-,-,-,-,-,0,-,-,-,-,-,-,-,-,-,-,-,-,-,0
9129,Lennart Grill,Bayer Leverkusen,-,-,-,-,-,-,-,-,-,-,-,-,-,-,-,-,-,-,-,-,-,-,0,0,0
5241,Péter Gulácsi,RasenBallsport Leipzig,0,0,0,0,0,0,0,0,0,0,0,0,0,0,0,0,0,0,0,0,0,0,0,0,0
8874,Jóan Símun Edmundsson,Arminia Bielefeld,-,0,0,0,0,0,-,-,-,-,-,-,-,-,-,-,-,-,-,-,-,-,-,-,0
5260,Andreas Luthe,Union Berlin,0,0,0,0,0,0,0,0,0,0,0,0,0,0,0,0,0,0,0,0,-,-,-,0,0
8502,Dennis Borkowski,RasenBallsport Leipzig,-,-,-,-,-,-,-,-,-,-,0,-,0,-,-,-,-,-,-,-,-,-,-,-,0
9100,Tim Maciejewski,Union Berlin,-,-,-,-,-,-,0,-,-,-,-,-,-,-,-,-,-,-,-,-,-,-,-,-,0
8801,Sebastian Griesbeck,Union Berlin,0,0,0,-,0,0,0,0,0,0,0,0,0,0,0,-,0,-,0,0,-,0,-,-,0
8799,Joakim Nilsson,Arminia Bielefeld,-,-,-,-,-,0,-,-,0,0,0,0,-,-,0,0,0,0,0,0,0,0,0,-,0
6326,Ibrahima Konaté,RasenBallsport Leipzig,-,-,-,-,0,-,0,0,0,0,-,0,-,-,-,-,-,-,-,-,0,0,-,0,0
7266,Leon Dajaku,Union Berlin,-,-,-,-,-,-,-,-,-,-,-,-,-,-,-,-,0,-,0,-,-,-,-,-,0
9006,Brian Behrendt,Arminia Bielefeld,-,-,-,0,0,0,-,-,-,-,-,-,-,-,-,-,-,-,-,-,-,-,-,-,0
367,Jan Morávek,Augsburg,-,-,-,-,-,-,-,-,-,-,-,-,-,-,-,-,-,-,-,-,-,0,-,-,0
6937,Georginio Rutter,Hoffenheim,-,-,-,-,-,-,-,-,-,-,-,-,-,-,-,-,-,-,-,-,-,0,-,-,0
19,Rune Jarstein,Hertha Berlin,-,-,-,-,-,-,-,-,-,-,-,-,-,-,-,-,-,-,0,0,0,0,0,0,0
449,Robin Zentner,Mainz 05,0,0,0,0,0,0,0,0,0,0,0,0,0,-,0,0,0,0,0,0,0,0,0,0,0
6596,Finn Dahmen,Mainz 05,-,-,-,-,-,-,-,-,-,-,-,-,-,0,-,-,-,-,-,-,-,-,-,-,0
7181,Issah Abass,Mainz 05,0,-,-,-,-,-,-,-,-,-,0,-,-,-,-,-,-,-,-,-,-,-,-,-,0
8846,Paul Nebel,Mainz 05,0,0,0,0,-,-,-,-,-,-,-,-,-,-,-,-,-,-,-,-,-,-,-,-,0
9178,Merveille Papela,Mainz 05,-,-,-,-,-,-,-,-,-,-,-,-,-,0,-,-,-,-,-,-,-,-,-,-,0
183,Jonathan Tah,Bayer Leverkusen,-,0,-,-,-,0,-,0,0,0,0,0,0,0,0,0,0,0,0,0,0,-,0,0,0
9229,Tiago Dantas,Bayern Munich,-,-,-,-,-,-,-,-,-,-,-,-,-,-,-,-,-,-,-,-,-,-,0,-,0
9162,Kerim Çalhanoglu,Schalke 04,-,-,-,-,-,-,-,-,-,-,-,-,-,-,-,-,-,-,-,-,-,-,-,0,0
8396,Jessic Ngankam,Hertha Berlin,-,-,0,-,0,-,0,0,0,-,0,0,0,0,0,-,-,-,0,-,-,0,-,-,0
263,Marwin Hitz,Borussia Dortmund,-,-,0,0,-,-,-,-,-,-,-,-,-,-,-,-,-,-,0,0,0,0,0,0,0
309,Roman Bürki,Borussia Dortmund,0,0,-,-,0,0,0,0,0,0,0,0,0,0,0,0,0,0,-,-,-,-,-,-,0
6103,Dan-Axel Zagadou,Borussia Dortmund,-,-,-,-,-,-,-,-,-,0,0,0,-,0,0,0,-,-,-,-,-,-,0,0,0
7981,Nianzou Kouassi,Bayern Munich,-,-,-,-,-,-,-,-,0,-,-,-,-,-,-,-,-,-,-,-,-,-,-,-,0
9186,Tim Civeja,Augsburg,-,-,-,-,-,-,-,-,-,-,-,-,-,-,-,0,-,-,0,0,-,-,-,-,0
5262,Alexander Schwolow,Hertha Berlin,0,0,0,0,0,0,0,0,0,0,0,0,0,0,0,0,0,0,-,-,-,-,-,-,0
9161,Jan-Luca Schuler,Schalke 04,-,-,-,-,-,-,-,-,0,-,-,-,-,-,-,-,-,-,-,-,-,-,-,0,0
201,Tony Jantschke,Borussia M.Gladbach,-,-,-,0,0,-,-,-,0,-,-,-,-,-,0,-,0,-,-,0,-,-,-,-,0
7043,Eduard Löwen,Hertha Berlin,-,-,-,0,0,-,0,0,-,-,-,-,-,-,-,-,-,-,0,-,-,-,-,0,0
7918,Daishawn Redan,Hertha Berlin,-,0,-,-,-,-,-,-,-,-,0,-,0,-,-,0,0,0,-,-,-,-,-,-,0
9201,Eren Sami Dinkci,Werder Bremen,-,-,-,-,-,-,-,-,-,-,-,-,0,-,-,-,-,-,-,-,0,-,-,-,0
6082,Jiri Pavlenka,Werder Bremen,0,0,0,0,0,0,0,0,0,0,0,0,0,0,0,0,0,0,0,0,0,0,0,-,0
28,Mitchell Weiser,Bayer Leverkusen,-,-,-,-,-,-,-,0,-,0,0,0,-,0,-,-,-,-,-,-,-,-,-,-,0
7040,Patrick Erras,Werder Bremen,-,-,-,-,-,-,-,-,-,0,-,0,-,-,-,-,-,-,-,-,-,-,-,-,0
8000,Ilia Gruev,Werder Bremen,-,-,-,-,-,-,-,-,-,-,-,-,-,-,-,0,-,-,-,-,-,-,-,-,0
6289,Santiago Ascacibar,Hertha Berlin,-,-,-,-,-,-,-,-,-,-,-,-,-,-,-,-,-,-,0,0,0,-,-,0,0
7309,Ahmed Kutucu,Schalke 04,-,-,-,-,0,-,-,0,-,-,-,0,0,0,0,0,-,-,-,-,-,-,-,-,0
330,Ralf Fährmann,Schalke 04,0,0,0,-,-,-,-,-,-,-,0,0,0,0,0,0,0,0,0,0,0,0,-,-,0
340,Klaas-Jan Huntelaar,Schalke 04,-,-,-,-,-,-,-,-,-,-,-,-,-,-,-,-,-,-,0,-,-,-,-,-,0
1699,Shkodran Mustafi,Schalke 04,-,-,-,-,-,-,-,-,-,-,-,-,-,-,-,-,-,-,-,0,0,-,0,0,0
5728,Hamza Mendyl,Schalke 04,-,-,-,-,-,-,-,-,-,0,-,0,0,-,-,-,-,-,-,-,-,-,-,-,0
7048,Frederik Rönnow,Schalke 04,-,-,0,0,0,0,0,0,0,-,-,-,-,-,-,-,-,-,-,-,-,-,-,0,0
7220,Michael Langer,Schalke 04,-,-,-,-,-,-,-,-,-,0,-,-,-,-,-,-,-,-,-,-,-,0,0,-,0
199,Yann Sommer,Borussia M.Gladbach,0,0,0,0,0,0,0,0,0,0,-,0,0,0,0,0,0,0,0,0,0,0,0,0,0
214,Tobias Sippel,Borussia M.Gladbach,-,-,-,-,-,-,-,-,-,-,0,-,-,-,-,-,-,-,-,-,-,-,-,-,0
8206,Yannik Keitel,Freiburg,-,-,-,-,-,-,-,-,-,-,-,-,-,-,-,-,0,0,0,0,-,-,-,-,0
427,Marco Höger,FC Cologne,0,-,0,-,-,-,-,-,-,-,-,-,-,-,-,-,-,-,-,-,-,-,-,-,0
7026,Joshua Brenet,Hoffenheim,0,-,-,-,-,-,-,-,-,-,-,-,-,-,-,-,-,-,-,-,-,-,-,-,0
7790,Darko Churlinov,VfB Stuttgart,-,-,-,-,0,0,-,-,-,0,0,-,-,-,-,-,0,-,-,-,-,-,-,0,0
8810,Hamadi Al Ghaddioui,VfB Stuttgart,0,0,-,0,-,-,-,-,-,-,-,-,-,-,-,-,-,-,-,-,-,-,0,-,0
8878,Atakan Karazor,VfB Stuttgart,-,-,0,0,0,0,0,-,0,-,-,-,-,-,-,-,-,-,0,-,0,0,-,0,0
8987,Lilian Egloff,VfB Stuttgart,-,-,-,0,-,-,-,-,-,-,0,-,-,-,-,-,-,-,-,-,-,-,-,-,0
91,Ron-Robert Zieler,FC Cologne,-,-,-,-,-,-,0,-,-,-,-,-,-,-,-,-,-,-,-,-,-,-,-,-,0
5253,Benno Schmitz,FC Cologne,-,-,-,0,-,-,-,-,-,0,0,-,0,-,0,-,-,-,-,0,-,-,-,-,0
7869,Philipp Pentke,Hoffenheim,-,-,-,-,0,-,-,-,-,-,-,-,-,-,-,-,-,-,-,-,-,-,-,-,0
5292,Manuel Gulde,Freiburg,0,0,0,-,-,-,0,-,0,0,0,0,0,0,0,0,0,0,0,0,0,0,0,-,0
73,Oliver Baumann,Hoffenheim,0,0,0,0,-,0,0,0,0,0,0,0,0,0,0,0,0,0,0,0,0,0,0,0,0
5265,Amir Abrashi,Freiburg,0,-,-,-,-,-,-,-,-,-,-,0,0,0,-,0,-,-,-,-,-,-,-,-,0
5328,Florian Müller,Freiburg,0,0,0,0,0,0,0,0,0,0,0,0,0,0,0,0,0,0,0,0,0,0,0,0,0
7771,Guus Til,Freiburg,-,-,-,-,-,-,-,0,-,0,-,-,-,-,-,-,-,0,-,-,-,-,-,0,0
7811,Lino Tempelmann,Freiburg,-,-,-,-,0,-,0,0,-,-,0,0,-,-,0,0,0,-,-,-,-,-,-,-,0
6085,Marcin Kaminski,VfB Stuttgart,0,-,-,0,0,-,-,-,-,-,-,-,-,-,-,-,-,-,-,-,-,-,-,-,0
8137,Maximilian Beier,Hoffenheim,-,-,-,-,-,-,-,0,-,-,-,0,-,-,-,-,-,-,-,-,-,-,-,-,0
6557,Louis Beyer,Borussia M.Gladbach,-,-,-,-,-,-,-,-,-,-,-,-,-,-,-,-,-,-,-,-,-,-,0,-,0
7053,Pavao Pervan,Wolfsburg,-,0,-,-,-,-,-,-,-,-,-,-,-,-,-,-,-,-,-,-,-,-,-,-,0
6148,Michaël Cuisance,Bayern Munich,0,-,-,-,-,-,-,-,-,-,-,-,-,-,-,-,-,-,-,-,-,-,-,-,0
7808,Marek Suchy,Augsburg,-,0,-,-,-,-,-,-,-,0,-,-,-,-,-,-,-,-,-,-,0,-,-,-,0
5293,Rafal Gikiewicz,Augsburg,0,0,0,0,0,0,0,0,0,0,0,0,0,0,0,0,0,0,0,0,0,0,0,0,0
159,Koen Casteels,Wolfsburg,0,-,0,0,0,0,0,0,0,0,0,0,0,0,0,0,0,0,0,0,0,0,0,0,0
350,Felix Klaus,Wolfsburg,0,0,-,-,0,0,-,0,-,-,0,-,-,-,-,-,-,-,-,-,-,-,-,-,0
6229,William,Wolfsburg,-,-,-,-,-,-,-,-,-,-,0,-,-,-,0,-,-,-,-,-,-,-,-,-,0
8303,Marin Pongracic,Wolfsburg,-,-,-,-,-,-,0,-,-,-,-,0,0,0,0,-,-,-,-,-,-,0,0,-,0
8430,Chris Richards,Hoffenheim,-,-,-,-,-,-,-,-,-,-,-,-,-,-,-,-,-,-,-,0,-,0,0,0,0
8393,Omar Marmoush,Wolfsburg,-,-,-,-,-,-,-,-,-,0,-,-,-,-,-,-,-,-,-,-,-,-,-,-,0
249,Danny da Costa,Eintracht Frankfurt,0,0,-,-,0,-,-,-,0,-,0,0,-,-,-,-,-,-,-,-,-,-,-,-,0
359,Timothy Chandler,Eintracht Frankfurt,0,-,0,-,0,-,-,-,-,-,-,-,0,-,-,-,0,-,-,-,-,-,-,0,0
3286,Kevin Trapp,Eintracht Frankfurt,0,0,0,0,0,0,0,0,0,0,0,0,0,0,0,0,0,0,0,0,0,0,0,0,0
8869,Ragnar Ache,Eintracht Frankfurt,-,0,0,-,-,-,-,-,-,-,-,-,-,-,-,-,-,-,-,-,-,0,-,-,0
9023,Ajdin Hrustic,Eintracht Frankfurt,-,-,-,-,-,-,-,-,-,-,-,-,0,-,-,0,0,0,0,-,0,-,0,-,0
9352,Masaya Okugawa,Arminia Bielefeld,-,-,-,-,-,-,-,-,-,-,-,-,-,-,-,-,-,-,-,-,0,0,0,-,0
