id,name,team,1,2,3,4,5,6,7,8,9,10,11,12,13,14,15,16,17,18,19,20,21,22,23,24,25,26,27,28,29,30,31,32,33,34,35,36,37,38,total
646,Christian Eriksen,Tottenham,2,1,2,5,-,3,1,3,1,5,2,1,1,7,3,2,4,5,5,2,4,1,3,4,0,7,4,2,2,3,4,4,4,4,3,5,-,3,112
447,Kevin De Bruyne,Manchester City,1,3,4,6,3,3,-,4,0,1,6,4,0,5,1,3,7,4,1,2,3,4,1,2,1,2,1,4,1,0,-,4,5,4,7,0,4,2,103
499,Mesut Özil,Arsenal,-,1,2,4,2,3,1,5,1,3,5,0,3,4,2,1,1,7,-,-,3,3,6,2,2,-,-,3,5,0,0,4,2,2,6,2,12,3,100
701,Eden Hazard,Chelsea,1,3,2,4,1,1,0,1,1,5,1,5,1,1,0,-,2,4,5,1,3,0,2,2,2,3,2,-,3,3,5,1,5,1,4,3,5,5,88
592,Ross Barkley,Everton,3,2,2,1,2,3,7,-,1,3,1,3,2,-,2,3,2,0,2,4,4,0,2,3,2,5,4,1,3,1,3,2,4,1,2,2,1,1,84
617,David Silva,Manchester City,2,1,5,1,-,4,4,7,1,2,4,0,-,2,1,0,1,2,2,0,3,2,2,4,2,3,1,3,3,6,3,3,-,-,2,5,1,0,82
714,Gylfi Sigurdsson,Swansea,0,2,0,0,0,3,1,2,1,6,2,1,2,0,6,4,2,3,2,3,1,2,3,1,2,2,5,4,1,2,1,3,0,2,4,3,1,2,79
498,Alexis Sánchez,Arsenal,1,3,1,1,2,2,8,1,0,1,4,1,5,5,5,3,1,2,5,3,2,3,1,0,3,1,1,2,3,1,1,0,2,1,0,1,0,2,78
482,Roberto Firmino,Liverpool,1,4,5,4,-,5,1,1,4,0,4,3,1,1,0,1,1,4,2,2,1,1,0,2,1,3,3,-,2,2,4,1,5,3,2,0,-,4,78
536,Dimitri Payet,West Ham,1,-,-,6,6,2,5,3,7,3,7,3,3,1,1,8,7,6,3,2,-,-,-,-,-,-,-,-,-,-,-,-,-,-,-,-,-,-,74
840,Dusan Tadic,Southampton,6,2,2,2,6,3,1,6,0,0,3,-,-,-,1,0,0,0,1,0,1,2,1,-,3,5,1,4,4,3,3,0,2,1,0,-,3,0,66
488,Philippe Coutinho,Liverpool,2,3,1,0,2,4,4,2,3,4,5,2,1,-,-,-,-,-,-,-,1,1,1,1,3,3,2,0,2,3,2,3,1,0,0,2,6,1,65
686,Cesc Fàbregas,Chelsea,-,2,-,3,0,0,-,-,-,-,-,-,-,2,0,5,1,2,5,1,0,2,0,1,1,5,0,3,7,0,0,0,2,1,7,7,1,4,62
514,Jason Puncheon,Crystal Palace,1,0,6,3,4,8,2,2,-,0,1,2,1,2,1,-,0,3,2,0,1,2,0,3,2,1,2,0,1,1,0,0,2,1,3,0,3,0,60
535,Manuel Lanzini,West Ham,-,-,1,2,0,0,1,4,4,2,0,1,0,2,1,1,0,-,1,1,2,5,0,0,0,1,0,2,3,3,1,3,2,5,2,4,2,1,57
1740,Paul Pogba,Manchester United,-,2,1,1,0,3,4,1,0,6,1,2,2,3,0,4,0,2,4,1,0,4,3,1,1,4,-,-,2,1,1,1,-,-,-,-,-,2,57
790,Nathan Redmond,Southampton,4,2,2,2,4,2,1,3,1,0,2,0,1,1,2,1,2,1,-,0,2,2,0,1,2,5,1,1,5,3,0,0,1,0,1,0,2,0,57
489,James Milner,Liverpool,-,4,2,2,2,2,2,1,1,-,1,2,1,0,2,0,2,2,0,3,1,3,1,2,1,0,2,1,1,0,2,2,2,1,2,2,3,1,56
645,Dele Alli,Tottenham,1,2,0,3,4,2,1,2,2,1,-,0,1,3,1,2,2,0,0,0,2,0,0,2,0,1,1,1,3,3,2,0,1,3,1,1,2,2,52
750,Riyad Mahrez,Leicester,1,2,2,3,1,0,0,0,1,2,2,2,1,3,1,3,1,0,1,0,-,-,2,2,2,1,1,1,1,5,2,1,1,0,1,0,1,5,52
775,Andros Townsend,Crystal Palace,2,3,1,1,2,0,0,3,3,0,2,0,0,1,2,-,0,2,1,0,1,0,1,1,2,2,0,2,1,4,4,4,0,2,3,1,0,-,51
700,Willian,Chelsea,3,-,5,6,3,3,3,-,1,0,-,-,0,0,0,4,2,2,1,0,1,0,0,0,0,1,1,3,1,1,0,0,0,0,1,0,7,2,51
865,Marko Arnautovic,Stoke,2,0,0,2,0,1,1,2,2,3,-,1,1,2,2,0,-,-,-,3,0,2,2,1,1,0,1,-,1,2,3,2,4,1,4,2,2,-,50
1741,Zlatan Ibrahimovic,Manchester United,2,1,1,0,1,2,1,1,1,4,1,-,5,0,1,2,2,5,2,1,0,2,1,3,6,1,-,-,0,2,0,-,-,-,-,-,-,-,48
753,Marc Albrighton,Leicester,-,1,3,1,1,0,2,0,-,0,-,1,0,2,3,1,6,3,3,1,1,0,1,-,0,2,2,2,-,2,0,1,1,0,1,2,1,3,47
594,Romelu Lukaku,Everton,-,2,3,1,2,2,2,0,5,2,0,1,1,1,0,1,0,2,2,2,0,2,1,2,0,1,0,3,1,1,0,0,3,0,1,0,0,3,47
1691,Robert Snodgrass,Hull,2,4,0,2,2,0,0,2,0,-,2,3,2,1,3,1,5,2,2,7,5,-,-,-,-,-,-,-,-,1,-,-,-,-,-,-,-,-,46
618,Raheem Sterling,Manchester City,1,1,2,0,1,1,0,1,2,2,-,1,5,-,1,3,1,1,1,4,1,1,1,0,2,2,-,2,0,1,4,0,2,0,2,0,-,-,46
588,Leighton Baines,Everton,1,1,1,2,2,-,-,-,-,-,-,0,1,1,1,3,0,0,3,2,0,1,2,0,1,3,0,1,3,2,0,0,6,1,1,1,3,3,46
603,Nathaniel Clyne,Liverpool,1,2,0,3,2,5,1,0,0,1,2,0,2,2,1,2,4,0,0,2,-,1,1,0,2,3,1,1,0,0,0,1,0,1,0,1,1,2,45
554,Juan Mata,Manchester United,1,2,0,-,1,1,0,-,2,8,1,1,3,-,-,1,-,2,1,0,0,2,2,1,4,3,5,-,-,-,-,-,-,-,2,0,2,-,45
771,Georginio Wijnaldum,Liverpool,2,3,1,3,0,0,3,-,1,0,2,2,0,0,1,1,0,2,0,1,0,1,1,-,1,1,1,0,1,1,1,1,1,3,1,1,2,4,43
843,James Ward-Prowse,Southampton,1,-,1,1,-,0,0,1,0,-,2,-,2,2,3,2,-,2,1,3,1,2,-,3,2,1,2,0,2,0,1,1,-,0,1,-,4,2,43
595,Kevin Mirallas,Everton,1,1,2,4,1,0,0,0,1,3,0,0,2,2,1,0,-,1,1,1,1,2,2,0,-,1,2,2,-,0,3,4,3,0,0,0,1,1,43
453,Son Heung-Min,Tottenham,-,-,-,3,5,2,2,1,1,2,0,0,0,1,0,1,1,0,2,0,0,0,2,4,1,0,-,0,1,1,1,4,1,0,2,1,1,3,43
838,Sadio Mané,Liverpool,0,-,1,3,1,3,0,0,3,3,2,0,1,1,5,3,1,2,0,4,-,-,1,3,1,1,2,1,1,0,-,-,-,-,-,-,-,-,43
486,Adam Lallana,Liverpool,3,2,2,0,0,2,0,0,0,0,4,-,-,0,3,1,0,1,3,3,0,1,0,2,1,1,1,0,2,-,-,-,-,-,1,1,4,4,42
802,Diego Costa,Chelsea,0,0,2,2,2,0,3,1,0,2,4,4,2,2,3,1,0,-,0,0,-,0,0,0,1,0,1,0,0,0,0,0,3,2,1,4,-,2,42
687,Pedro,Chelsea,0,0,2,-,0,0,0,3,2,1,3,0,0,1,0,0,-,0,-,0,0,1,1,4,2,1,1,3,4,1,3,0,1,1,1,2,0,4,42
647,Harry Kane,Tottenham,1,2,0,0,5,-,-,-,-,-,0,0,2,2,1,3,3,0,3,0,2,1,0,2,0,2,1,-,-,-,1,4,1,0,0,2,2,1,41
888,Xherdan Shaqiri,Stoke,1,-,-,-,-,4,1,1,5,1,-,1,4,2,3,0,-,-,1,-,3,0,-,-,-,-,-,-,-,-,-,2,2,0,3,1,2,4,41
904,Chris Brunt,West Bromwich Albion,-,-,-,-,-,-,-,0,0,2,1,1,0,2,0,2,2,0,0,1,0,1,1,2,1,2,3,1,3,1,1,2,1,4,3,1,1,1,40
574,Troy Deeney,Watford,1,0,0,0,0,2,2,0,2,2,1,1,2,3,3,0,1,1,1,3,1,1,0,2,0,1,1,1,-,2,0,2,0,1,0,3,0,0,40
638,Kyle Walker,Tottenham,3,0,0,1,1,1,1,1,0,3,1,0,1,1,2,5,5,1,-,1,2,0,1,0,1,0,2,1,-,1,-,1,2,0,0,0,-,-,39
847,Cédric Soares,Southampton,0,1,1,1,2,2,1,-,-,-,-,1,3,2,-,-,2,0,-,0,4,3,1,3,1,0,1,0,3,1,0,2,0,1,3,-,0,0,39
522,Wilfried Zaha,Crystal Palace,0,2,1,2,0,-,0,1,5,2,2,2,0,1,3,0,0,1,0,0,-,-,1,2,0,1,0,1,1,0,4,1,0,1,1,0,1,2,38
749,Christian Fuchs,Leicester,1,0,0,0,5,0,2,0,2,1,1,1,2,2,0,0,2,-,1,2,0,0,2,1,0,3,1,0,2,3,-,1,1,0,0,0,0,2,38
572,Etienne Capoue,Watford,1,0,2,1,1,2,0,0,1,2,1,5,1,0,1,0,2,0,0,3,4,0,2,1,0,1,1,0,2,0,-,1,0,0,0,1,0,1,37
629,Wayne Rooney,Manchester United,1,2,5,2,2,0,0,0,-,0,3,0,1,-,-,3,1,-,-,-,1,2,0,-,-,3,-,0,-,-,-,3,-,0,1,3,2,1,36
552,Ander Herrera,Manchester United,0,0,-,1,-,0,1,0,2,2,-,3,0,0,4,0,0,3,3,2,1,2,1,1,2,-,-,-,0,2,2,2,0,2,0,0,0,-,36
568,José Holebas,Watford,1,1,1,0,0,0,2,1,1,2,1,-,1,1,2,1,2,0,1,0,0,0,-,2,0,2,3,-,1,0,2,1,4,-,-,2,1,0,36
204,Granit Xhaka,Arsenal,0,1,1,-,2,0,0,1,-,-,1,0,0,0,2,0,1,1,1,2,0,3,-,-,-,0,2,0,3,4,1,0,2,0,0,0,6,1,35
337,Leroy Sané,Manchester City,-,-,-,1,0,-,0,1,2,-,-,-,1,2,-,0,1,-,-,-,-,0,1,1,2,3,3,1,0,1,1,1,3,2,1,3,2,2,35
516,Yohan Cabaye,Crystal Palace,1,0,2,-,-,1,0,1,3,2,1,0,3,-,0,2,0,1,1,0,1,1,1,2,0,2,2,1,1,1,1,2,1,0,-,-,0,-,34
323,Adnan Januzaj,Sunderland,0,4,1,3,3,0,-,-,-,0,-,-,0,-,3,0,1,-,2,1,2,0,-,2,0,4,3,2,1,-,-,0,0,-,-,-,0,2,34
1036,Jack Wilshere,Bournemouth,-,-,-,1,1,1,0,2,2,6,1,4,-,0,0,0,1,1,2,-,0,3,0,4,0,1,-,0,1,1,0,2,0,-,-,-,-,-,34
1659,Scott Arfield,Burnley,1,0,0,1,1,0,1,-,1,1,2,0,0,3,2,1,0,2,3,2,-,-,4,1,0,0,0,0,2,1,-,-,-,-,0,4,1,0,34
648,Nacer Chadli,West Bromwich Albion,-,-,-,0,2,1,4,0,0,0,-,-,0,0,0,2,1,1,0,0,0,1,2,3,0,2,0,1,4,0,3,2,0,3,-,0,1,-,33
1737,Matt Phillips,West Bromwich Albion,0,0,3,3,1,0,3,2,0,-,3,1,2,3,0,2,2,0,2,2,0,1,1,0,1,-,-,-,-,-,0,0,1,-,-,-,-,-,33
614,Fernandinho,Manchester City,0,0,2,2,1,0,1,1,1,2,1,0,3,1,-,-,-,2,1,0,-,-,0,0,2,0,1,0,0,0,-,0,1,4,3,2,2,0,33
836,Victor Wanyama,Tottenham,0,0,2,0,1,1,0,2,2,3,0,0,2,1,1,2,1,0,0,0,2,0,1,1,0,2,2,1,0,-,-,0,0,3,0,0,1,1,32
606,Christian Benteke,Crystal Palace,-,-,2,1,1,1,0,0,3,0,2,0,3,0,0,2,0,0,0,1,2,0,0,1,1,1,1,0,2,3,1,1,2,0,0,0,1,0,32
883,Steven Davis,Southampton,1,2,2,0,2,0,2,5,0,2,2,0,-,-,0,0,1,1,1,-,-,-,1,0,1,0,2,2,1,-,0,1,0,0,0,1,1,1,32
1683,Ryan Fraser,Bournemouth,-,1,1,-,-,-,-,-,0,0,1,-,-,1,0,-,0,-,0,1,1,2,2,3,0,4,1,4,1,2,0,0,1,3,2,0,1,0,32
605,Jordan Henderson,Liverpool,2,3,0,0,1,2,2,1,1,2,2,0,6,2,2,1,0,0,0,-,0,1,0,4,0,-,-,-,-,-,-,-,-,-,-,-,-,-,32
881,Harry Arter,Bournemouth,0,1,1,2,0,2,0,0,0,0,1,1,1,0,1,2,0,1,1,1,1,-,0,1,1,0,0,2,-,0,2,1,1,3,0,2,3,-,32
966,Alex Oxlade-Chamberlain,Arsenal,0,1,0,0,-,-,0,2,0,2,1,1,1,4,2,1,0,-,1,3,1,-,1,2,1,2,1,-,1,1,0,-,0,2,1,-,-,-,32
604,Emre Can,Liverpool,0,-,-,-,-,0,0,1,2,1,1,2,4,1,-,-,1,0,0,0,5,0,0,1,0,1,0,2,0,2,3,0,0,1,0,2,1,1,32
1652,Matthew Lowton,Burnley,2,1,0,2,1,2,1,0,0,0,1,1,2,-,3,1,0,-,2,0,1,1,0,1,1,0,1,1,0,1,1,1,0,0,1,1,0,1,31
755,Jamie Vardy,Leicester,2,1,0,0,3,0,0,0,1,1,0,1,0,0,0,2,0,-,-,-,2,1,2,2,0,2,2,1,2,0,1,0,0,1,1,1,1,1,31
952,Gastón Ramírez,Middlesbrough,3,0,2,1,1,0,0,1,2,1,-,4,2,1,-,-,2,3,0,1,-,-,-,-,1,2,0,1,1,-,-,1,1,-,-,-,-,-,31
619,Sergio Agüero,Manchester City,2,1,1,-,-,2,0,0,0,2,3,0,1,0,-,-,-,-,0,0,0,1,0,0,1,0,0,1,2,1,4,0,1,3,-,0,2,3,31
627,Antonio Valencia,Manchester United,1,0,3,0,0,1,1,1,3,-,-,0,2,1,1,-,1,0,3,0,1,2,1,2,2,2,0,1,-,-,0,-,0,2,-,-,-,-,31
531,Michail Antonio,West Ham,0,2,0,0,2,1,1,1,1,3,0,1,1,-,0,1,1,0,0,2,4,1,1,1,1,1,-,1,3,-,0,1,-,-,-,-,-,-,31
575,Nordin Amrabat,Watford,0,0,2,-,0,0,4,0,0,6,2,1,1,1,1,1,1,0,0,-,-,-,-,-,-,-,-,0,2,0,0,0,1,0,4,1,2,0,30
825,Adam Smith,Bournemouth,0,0,1,1,1,0,2,1,0,1,1,-,1,0,1,3,1,1,0,1,0,1,2,-,0,2,0,1,1,0,0,0,0,0,4,2,0,1,30
730,Patrick van Aanholt,Sunderland,0,2,1,1,-,1,1,0,2,0,2,3,1,5,2,2,1,0,1,2,1,2,-,0,-,-,-,-,-,-,-,-,-,-,-,-,-,-,30
465,Joshua King,Bournemouth,1,0,2,0,1,-,0,1,0,0,1,0,1,1,0,0,1,0,0,1,0,0,2,1,1,1,0,1,3,1,0,1,0,1,5,1,2,-,30
742,Billy Jones,Sunderland,-,-,-,-,-,-,-,1,0,0,1,1,1,2,0,1,-,2,1,-,-,1,1,1,0,1,1,2,2,2,1,1,1,-,2,2,1,0,29
317,Henrikh Mkhitaryan,Manchester United,0,1,1,1,-,-,-,-,-,-,-,-,1,0,1,-,-,3,4,3,2,3,0,3,3,-,-,1,1,0,-,1,0,0,0,0,0,-,29
1712,Stewart Downing,Middlesbrough,3,1,0,3,1,4,0,1,1,0,0,0,-,0,-,0,1,-,0,0,-,-,-,0,-,0,-,2,0,4,2,2,1,1,0,0,0,2,29
459,Charlie Daniels,Bournemouth,2,2,0,1,0,1,0,2,1,2,3,0,-,-,3,0,0,0,1,1,0,1,-,-,0,1,1,2,1,0,0,2,0,1,0,0,1,0,29
873,Charlie Adam,Stoke,-,-,-,0,-,0,-,0,-,1,1,5,2,0,1,2,0,-,1,4,2,1,3,2,2,1,-,-,-,0,1,0,0,-,0,-,-,-,29
660,Ben Davies,Tottenham,-,-,-,1,0,1,-,1,-,-,-,-,-,-,-,-,1,-,0,-,0,-,1,0,2,1,4,0,0,2,0,3,3,1,0,1,4,3,29
558,Jesse Lingard,Manchester United,-,-,-,1,-,2,4,-,1,4,0,-,0,-,-,0,2,3,-,0,-,3,-,-,0,0,2,3,1,1,0,1,0,0,1,0,-,0,29
590,Gareth Barry,Everton,2,0,2,1,0,0,1,0,2,2,0,-,0,0,1,-,1,0,2,0,0,3,-,1,1,-,0,2,2,0,1,0,0,1,-,1,0,2,28
1711,Adam Forshaw,Middlesbrough,0,1,1,0,0,0,1,0,0,3,0,0,3,2,0,1,2,0,1,2,1,1,0,0,2,2,-,-,0,-,0,-,0,1,2,0,2,0,28
480,Joe Allen,Stoke,0,1,0,4,2,2,0,2,1,3,2,0,-,0,1,0,2,0,0,0,1,0,0,0,0,0,0,0,0,1,0,0,-,2,1,2,1,0,28
541,Victor Moses,Chelsea,0,2,0,0,0,-,2,0,1,2,1,1,0,1,0,0,2,1,1,0,1,2,0,0,1,1,0,2,-,-,1,0,1,0,0,2,-,3,28
835,Ryan Bertrand,Southampton,-,-,-,0,0,3,0,-,-,3,0,0,0,1,-,1,2,1,-,-,0,2,1,1,3,1,1,1,-,0,0,0,0,0,4,2,-,1,28
492,Héctor Bellerín,Arsenal,0,2,1,0,1,2,1,0,0,1,0,-,-,-,3,0,0,0,1,0,-,0,-,0,1,0,1,1,2,0,1,3,0,0,2,2,1,2,28
548,Daley Blind,Manchester United,0,0,0,1,-,3,4,2,1,3,-,1,-,-,-,0,-,0,3,-,-,1,2,2,1,-,-,-,0,1,-,0,0,0,-,2,-,-,27
1715,Álvaro Negredo,Middlesbrough,1,3,0,1,0,0,0,2,1,2,0,0,0,1,-,0,0,0,3,0,1,1,0,1,0,0,-,0,2,1,0,0,1,0,1,0,3,1,26
813,Salomón Rondón,West Bromwich Albion,3,1,0,0,2,1,0,0,0,2,1,1,2,0,0,1,0,0,0,2,1,1,0,2,1,2,0,0,0,0,1,1,1,0,0,0,0,0,26
1685,Ahmed Elmohamady,Hull,1,0,0,0,0,0,-,1,0,1,0,0,1,0,3,0,0,1,3,4,-,-,-,-,0,2,0,2,0,0,1,0,0,0,2,1,3,0,26
697,Nemanja Matic,Chelsea,0,0,2,1,1,1,0,1,1,2,3,0,2,-,0,0,0,1,1,1,0,0,0,1,1,1,0,0,1,0,1,1,0,2,0,1,-,-,26
1728,Fernando Llorente,Swansea,0,1,1,1,2,1,-,-,0,3,0,-,1,0,0,0,1,3,1,2,1,0,2,0,0,0,0,0,1,-,-,0,2,0,2,0,0,1,26
641,Danny Rose,Tottenham,0,0,0,-,-,-,0,-,1,1,4,3,-,0,1,2,4,2,3,0,4,1,0,-,-,-,-,-,-,-,-,-,-,-,-,-,-,-,26
500,Alex Iwobi,Arsenal,1,-,-,1,3,1,1,1,2,0,1,-,-,0,0,0,0,2,5,1,2,3,0,0,0,1,0,0,-,-,-,-,-,-,-,-,1,0,26
668,Idrissa Gueye,Everton,0,1,2,3,1,1,1,0,0,1,-,0,1,1,0,1,0,1,0,0,-,-,-,-,0,0,0,0,0,1,0,2,0,0,2,2,3,1,25
596,Tom Cleverley,Watford,-,-,-,-,-,-,-,-,-,-,-,-,-,-,-,-,-,-,-,-,1,3,1,4,1,1,2,0,2,1,0,2,2,2,2,-,0,1,25
642,Mousa Dembélé,Tottenham,-,-,-,-,3,-,-,1,1,0,0,0,1,1,0,-,2,2,-,1,1,0,1,1,0,0,0,2,0,3,1,1,2,0,0,0,0,1,25
553,Anthony Martial,Manchester United,3,0,2,0,0,-,1,-,2,-,-,0,-,2,0,-,-,0,2,-,1,-,-,-,1,1,0,2,-,1,-,2,0,1,0,2,2,0,25
719,Wayne Routledge,Swansea,4,5,1,-,-,2,1,1,0,1,0,0,2,0,1,0,2,1,-,1,1,1,0,0,0,0,-,1,0,-,0,0,-,-,-,-,-,-,25
1621,Marcos Alonso,Chelsea,-,-,-,-,-,0,4,1,1,0,3,0,2,2,0,2,0,0,0,2,0,0,0,1,0,1,0,0,0,0,0,-,1,0,2,1,-,1,24
533,Mark Noble,West Ham,0,3,1,1,2,1,0,0,2,0,0,-,0,0,0,2,2,1,1,-,2,0,0,0,1,2,2,0,-,-,0,1,-,-,0,0,-,-,24
1734,Sofiane Boufal,Southampton,-,-,-,-,-,-,-,-,1,0,3,0,-,4,2,2,1,0,3,1,-,-,1,0,-,0,0,2,-,-,1,0,0,0,0,1,0,1,23
718,Kyle Naughton,Swansea,1,3,0,0,1,3,0,2,2,0,-,0,0,0,-,-,-,-,2,1,0,0,0,0,1,0,0,-,-,1,0,0,2,1,2,0,0,1,23
1657,Steven Defour,Burnley,-,1,0,2,0,6,2,0,-,-,1,0,1,-,2,-,0,0,1,0,2,3,1,-,-,-,-,-,-,0,1,-,-,-,-,-,-,0,23
3231,Kamil Grosicki,Hull,-,-,-,-,-,-,-,-,-,-,-,-,-,-,-,-,-,-,-,-,-,-,-,1,1,1,3,2,1,2,3,1,1,2,1,2,1,1,23
504,Aaron Ramsey,Arsenal,0,-,-,-,-,-,-,-,-,2,0,0,2,1,-,-,-,2,0,0,1,2,0,-,-,-,1,-,0,1,2,1,2,1,1,1,2,1,23
809,Darren Fletcher,West Bromwich Albion,0,0,2,0,0,1,0,0,0,1,0,0,0,1,0,1,1,0,1,0,0,2,1,1,0,2,2,0,0,1,1,0,1,0,1,1,0,2,23
740,Sebastian Larsson,Sunderland,-,-,-,-,-,-,-,-,-,-,-,-,-,1,1,0,0,1,1,0,2,2,0,1,0,2,1,2,-,3,0,-,-,-,1,4,0,1,23
990,James Morrison,West Bromwich Albion,0,-,-,-,2,0,0,-,1,0,1,2,1,2,0,1,0,-,0,1,0,1,1,1,1,0,1,0,-,0,1,2,0,2,0,-,0,2,23
826,Benik Afobe,Bournemouth,1,-,-,-,-,0,0,0,0,2,3,1,0,1,1,1,0,0,1,-,0,0,0,1,1,1,0,2,1,1,0,1,0,2,2,-,-,0,23
1655,Stephen Ward,Burnley,0,0,0,0,1,0,1,1,0,0,-,0,0,3,1,0,1,0,1,1,0,0,4,0,1,0,1,0,0,2,0,1,0,0,2,0,1,0,22
681,César Azpilicueta,Chelsea,1,0,1,0,0,1,1,0,1,0,0,0,0,0,2,1,2,0,0,2,0,0,0,0,0,0,1,2,0,1,1,1,0,1,1,1,0,1,22
463,Junior Stanislas,Bournemouth,-,-,-,0,0,0,1,3,-,-,2,1,1,0,-,-,-,0,2,3,1,3,0,-,-,-,-,-,-,-,-,-,1,0,0,1,2,1,22
751,N&#039;Golo Kanté,Chelsea,0,1,0,1,0,0,2,2,2,0,1,0,0,0,2,1,0,-,1,1,0,0,1,0,1,0,0,1,0,0,1,0,2,0,-,-,2,0,22
720,Modou Barrow,Swansea,2,3,2,0,2,0,1,3,3,1,0,1,1,0,0,1,0,-,1,-,-,-,-,-,-,-,-,-,-,-,-,-,-,-,-,-,-,-,21
804,Craig Dawson,West Bromwich Albion,1,0,0,2,0,0,1,0,1,0,2,2,1,0,3,-,1,0,0,0,0,1,1,0,0,1,0,1,0,1,1,0,0,0,0,0,0,1,21
734,Wahbi Khazri,Sunderland,0,-,-,0,0,-,2,4,3,0,-,-,-,-,-,0,0,0,-,0,-,-,-,-,1,0,1,0,1,0,-,5,2,2,-,0,-,-,21
4422,Ashley Barnes,Burnley,-,-,-,-,-,-,-,-,-,1,0,0,1,2,1,0,0,0,2,0,0,0,3,0,0,0,-,0,1,3,0,1,0,0,2,2,2,0,21
1691,Robert Snodgrass,West Ham,-,-,-,-,-,-,-,-,-,-,-,-,-,-,-,-,5,-,-,-,-,-,0,1,6,0,2,1,1,1,1,1,1,-,0,1,0,0,21
616,Jesús Navas,Manchester City,3,2,-,-,-,0,1,-,0,0,3,-,0,1,1,0,1,-,0,1,-,-,-,-,-,-,0,-,3,1,2,0,0,1,0,0,-,1,21
862,Glenn Whelan,Stoke,1,0,2,0,2,0,2,2,1,1,0,-,-,0,-,0,1,0,-,0,1,0,1,1,0,0,4,0,-,0,-,0,-,-,1,0,1,0,21
772,Moussa Sissoko,Tottenham,-,-,-,0,1,1,1,1,2,-,-,-,-,4,1,2,2,1,-,0,-,0,1,0,0,-,0,-,0,1,0,1,0,0,-,-,2,0,21
1717,Adam Clayton,Middlesbrough,0,0,0,0,0,0,-,-,1,1,2,1,0,0,0,1,1,0,0,1,-,0,4,0,0,-,1,0,1,0,1,2,1,1,0,0,1,0,20
735,Jermain Defoe,Sunderland,0,0,0,0,0,0,1,0,0,0,2,3,0,1,0,2,2,0,1,1,1,0,0,0,0,0,0,1,1,0,0,1,0,2,0,0,1,-,20
556,Marcus Rashford,Manchester United,-,-,1,1,0,0,2,0,0,1,-,1,0,0,0,0,0,-,0,3,-,1,3,0,0,0,1,0,3,0,1,0,1,1,0,0,0,-,20
518,Yannick Bolasie,Everton,-,2,1,5,1,1,1,2,1,2,0,2,2,0,-,-,-,-,-,-,-,-,-,-,-,-,-,-,-,-,-,-,-,-,-,-,-,-,20
1688,Andrew Robertson,Hull,0,1,0,2,0,0,0,0,-,-,-,-,0,0,1,1,1,0,0,-,1,0,1,1,1,2,0,2,0,0,1,0,2,0,0,2,0,0,19
1674,Sofiane Feghouli,West Ham,-,-,-,-,2,1,-,-,0,0,0,-,0,-,-,-,-,1,0,1,0,0,1,0,3,3,0,3,-,1,-,1,-,-,-,-,1,1,19
456,Simon Francis,Bournemouth,0,0,0,0,0,0,1,2,1,1,1,0,2,0,4,1,1,2,1,0,-,-,1,0,0,-,-,0,0,0,1,0,0,0,0,0,0,0,19
466,Marc Pugh,Bournemouth,-,-,-,-,-,-,-,-,-,-,-,0,-,-,1,0,2,-,-,-,1,0,-,1,0,0,0,2,1,0,0,1,2,2,1,0,4,1,19
1660,Andre Gray,Burnley,0,1,1,1,0,-,-,-,-,1,-,0,-,1,1,0,0,0,1,0,1,0,2,0,0,0,1,0,3,1,0,0,0,1,0,0,1,2,19
1695,Tom Huddlestone,Hull,0,3,0,0,1,0,0,0,1,-,0,-,-,1,2,1,1,1,0,1,1,0,2,1,0,0,0,0,0,-,-,-,1,0,0,0,-,2,19
878,Yaya Touré,Manchester City,-,-,-,-,-,-,-,-,-,-,-,0,2,0,0,1,1,2,1,2,0,0,0,1,0,0,1,0,1,-,0,1,1,-,2,2,1,0,19
814,James McClean,West Bromwich Albion,1,4,1,-,0,0,0,0,0,1,-,0,2,0,0,0,-,0,0,0,0,1,2,0,-,1,1,0,1,0,0,1,0,1,0,0,1,1,19
900,Adama Traoré,Middlesbrough,-,-,-,0,-,0,-,0,1,0,1,1,0,-,0,1,0,0,1,1,-,2,0,2,1,0,1,0,1,3,1,0,-,-,1,0,-,-,18
481,Jordon Ibe,Bournemouth,0,1,1,2,1,2,1,3,2,1,1,-,0,1,-,-,1,0,-,-,-,1,0,0,0,-,-,-,0,-,0,0,-,-,-,0,0,0,18
644,Erik Lamela,Tottenham,0,5,3,1,2,2,1,0,4,-,-,-,-,-,-,-,-,-,-,-,-,-,-,-,-,-,-,-,-,-,-,-,-,-,-,-,-,-,18
711,Leroy Fer,Swansea,0,2,1,1,0,0,0,0,-,0,0,0,0,1,-,-,0,-,0,1,0,0,1,0,2,0,2,0,1,2,0,2,0,0,1,0,0,1,18
630,Marouane Fellaini,Manchester United,0,0,2,3,2,-,-,0,1,0,0,-,0,0,0,-,0,0,0,-,0,0,-,0,0,0,0,2,1,3,2,0,1,-,-,-,1,-,18
887,Erik Pieters,Stoke,2,1,0,0,-,0,0,1,0,0,0,1,1,0,1,0,0,2,0,1,0,0,1,2,0,1,0,1,0,1,0,0,1,0,-,0,0,1,18
1656,George Boyd,Burnley,2,0,1,0,0,0,0,0,-,0,0,0,0,0,0,0,0,0,2,0,1,1,1,1,1,1,0,1,1,0,1,0,1,0,1,1,0,-,17
1682,Islam Slimani,Leicester,-,-,-,-,0,1,1,0,2,-,0,-,0,1,2,0,1,1,0,-,-,-,-,-,1,-,0,0,1,4,0,-,-,-,1,0,0,1,17
534,Aaron Cresswell,West Ham,-,-,-,-,-,-,-,2,-,0,0,0,0,-,0,0,0,1,4,0,1,2,0,0,0,1,0,1,1,1,-,-,-,0,1,0,0,2,17
872,Peter Crouch,Stoke,-,-,0,-,-,1,0,-,-,0,0,2,0,1,0,-,-,1,0,3,2,0,1,0,1,0,1,-,0,0,1,-,0,2,0,-,0,1,17
585,Seamus Coleman,Everton,-,-,-,1,0,1,0,0,0,0,0,1,2,0,0,0,0,0,2,1,1,2,1,1,1,2,0,1,0,-,-,-,-,-,-,-,-,-,17
842,Oriol Romeu,Southampton,0,0,1,1,0,0,0,1,1,0,0,0,0,0,0,2,-,1,0,0,0,1,1,1,1,0,0,0,1,-,-,0,0,0,1,0,1,3,17
502,Olivier Giroud,Arsenal,-,0,-,1,-,0,-,-,-,0,0,0,2,-,0,0,0,1,1,2,0,2,0,0,-,0,0,0,0,0,1,0,1,0,0,2,4,-,17
762,Demarai Gray,Leicester,0,-,-,-,0,0,1,-,0,-,1,0,0,1,0,-,1,0,1,0,0,1,1,2,3,0,1,-,1,1,1,0,0,-,0,0,1,0,17
343,Pierre-Emile Højbjerg,Southampton,1,2,0,1,0,2,2,-,0,0,-,0,2,0,-,-,1,0,1,-,3,1,-,-,0,-,-,-,0,0,0,-,-,-,-,0,-,-,16
1720,Didier Ndong,Sunderland,-,-,-,0,0,2,0,0,1,1,0,0,0,1,0,-,0,0,1,0,-,-,0,1,0,0,0,0,3,0,2,0,1,1,0,0,2,-,16
613,Gaël Clichy,Manchester City,0,-,0,-,2,-,-,0,-,-,2,-,1,0,-,1,0,1,-,1,1,1,-,0,-,0,1,0,0,0,1,1,-,0,0,2,-,1,16
789,Robbie Brady,Burnley,-,-,-,-,-,-,-,-,-,-,-,-,-,-,-,-,-,-,-,-,-,-,-,1,0,2,0,0,2,0,0,2,2,4,-,1,1,1,16
1730,Vincent Janssen,Tottenham,1,2,0,1,0,2,0,4,0,1,0,0,0,-,-,-,-,0,0,-,-,-,0,0,0,-,0,0,1,1,1,0,-,-,0,-,2,0,16
1752,Fabio,Middlesbrough,-,-,-,-,-,-,-,-,-,-,-,0,0,3,0,0,2,1,0,1,0,-,0,1,1,2,0,1,0,-,-,1,0,0,1,1,1,0,16
653,Tom Carroll,Swansea,-,-,-,-,-,-,-,-,-,-,-,-,-,-,-,-,-,-,-,-,-,1,0,0,1,0,3,1,1,4,0,0,0,1,2,1,0,1,16
633,James McArthur,Crystal Palace,-,-,0,0,0,2,0,1,1,0,3,0,1,0,0,0,0,-,-,-,0,2,2,0,0,0,0,-,-,-,0,0,-,0,1,1,2,0,16
484,Divock Origi,Liverpool,1,0,0,-,0,-,1,0,1,0,-,0,1,1,0,2,0,0,0,0,0,1,0,0,-,0,1,2,0,0,2,0,2,0,1,0,0,0,16
692,Oscar,Chelsea,3,1,3,3,2,-,1,-,-,-,2,0,0,-,-,-,-,-,-,-,-,-,-,-,-,-,-,-,-,-,-,-,-,-,-,-,-,-,15
1661,Sam Vokes,Burnley,0,0,0,2,0,0,0,1,1,0,2,1,0,0,1,1,0,1,1,0,0,1,0,0,0,0,1,0,0,1,0,0,0,-,0,1,0,0,15
737,Fabio Borini,Sunderland,1,-,0,-,-,-,-,-,-,-,-,-,-,-,-,0,1,0,0,0,1,0,0,-,0,1,1,1,1,2,0,1,0,2,2,1,0,0,15
759,Daniel Amartey,Leicester,1,-,2,1,0,1,0,0,0,-,-,1,1,2,0,0,0,0,1,2,-,-,-,-,0,0,-,-,1,-,0,-,-,-,-,0,1,1,15
713,André Ayew,West Ham,0,-,-,-,-,-,-,-,-,1,0,1,0,0,0,0,1,1,0,0,-,-,-,-,-,0,1,0,1,1,0,2,0,1,1,2,0,2,15
752,Daniel Drinkwater,Leicester,1,1,2,0,0,0,1,1,1,0,0,0,-,-,-,-,-,0,0,-,2,1,0,0,0,0,1,0,2,1,0,0,0,1,0,-,-,-,15
1663,Johann Berg Gudmundsson,Burnley,0,0,3,0,0,1,1,1,2,2,2,0,0,-,-,-,-,0,0,2,-,-,-,-,-,-,-,-,-,-,-,-,-,0,-,0,1,0,15
1723,Roberto Pereyra,Watford,-,-,1,3,1,2,2,0,1,2,0,1,1,1,-,0,-,-,-,-,-,-,-,-,-,-,-,-,-,-,-,-,-,-,-,-,-,-,15
1690,Sam Clucas,Hull,0,0,0,0,0,0,1,0,2,1,2,2,0,1,0,0,1,0,0,0,0,1,0,0,0,-,0,0,0,0,0,0,2,0,0,1,1,0,15
497,Francis Coquelin,Arsenal,1,1,-,0,1,0,-,0,0,1,0,0,-,1,2,0,0,1,0,1,-,0,1,1,2,0,-,0,-,-,0,1,-,1,0,0,-,0,15
621,Aleksandar Kolarov,Manchester City,0,0,0,0,0,1,2,-,0,0,0,1,0,1,2,1,0,0,0,0,-,2,0,0,0,1,0,-,-,-,0,-,2,1,-,-,1,-,15
537,Andy Carroll,West Ham,1,-,-,-,-,-,-,-,-,-,-,-,-,0,0,2,1,1,1,0,0,1,1,0,-,-,0,1,4,0,0,-,1,-,-,-,-,-,14
1763,Stefano Okaka,Watford,-,-,-,1,-,-,-,-,-,-,-,0,0,0,0,-,-,-,-,-,1,0,0,-,1,-,1,-,4,-,1,1,1,1,0,1,1,0,14
754,Shinji Okazaki,Leicester,0,1,0,0,-,-,0,-,1,0,0,1,0,0,0,1,-,1,0,0,0,0,0,1,-,0,1,1,1,0,-,-,1,2,1,1,0,-,14
839,Shane Long,Southampton,1,1,0,0,1,2,0,-,-,-,-,0,0,0,0,0,0,0,0,1,1,0,2,0,0,1,0,0,1,0,0,0,1,0,0,2,-,-,14
643,Eric Dier,Tottenham,0,2,1,0,0,-,0,0,0,0,0,0,0,2,-,1,0,0,0,0,0,0,0,0,0,1,0,1,1,1,0,0,0,1,1,1,0,1,14
652,Kieran Trippier,Tottenham,-,-,-,-,-,-,-,-,-,-,0,0,-,-,-,-,-,-,2,-,-,-,-,-,-,-,-,0,1,0,6,-,0,2,0,0,-,3,14
483,Daniel Sturridge,Liverpool,-,0,0,2,1,0,0,0,-,-,0,2,-,-,-,-,0,1,-,0,-,1,-,0,-,-,-,-,-,-,-,1,0,-,0,3,2,1,14
712,Jack Cork,Swansea,3,1,1,0,0,1,0,0,-,0,-,1,1,0,-,0,-,1,0,0,0,0,2,0,0,0,1,1,0,0,0,0,-,-,-,0,0,-,13
1746,Jeff Hendrick,Burnley,-,-,-,0,1,0,2,0,0,0,0,1,0,1,1,0,0,1,-,0,1,0,1,0,-,-,0,1,0,1,1,0,0,1,0,0,0,0,13
1042,Tom Davies,Everton,-,-,0,0,-,-,-,-,-,-,0,-,-,-,-,-,-,0,1,1,0,2,1,1,2,0,0,0,1,0,0,1,2,0,1,0,0,0,13
503,Theo Walcott,Arsenal,1,1,1,1,2,0,2,1,1,-,0,1,0,0,0,0,0,-,-,-,-,-,0,0,0,0,0,0,1,1,-,0,0,-,-,0,0,-,13
620,Kelechi Iheanacho,Manchester City,0,2,-,2,5,-,1,0,1,-,0,-,-,0,2,-,0,0,0,0,0,-,-,-,-,-,0,-,-,-,0,0,-,-,0,-,-,0,13
764,Daryl Janmaat,Watford,-,-,0,0,2,-,-,-,-,1,0,1,1,-,0,0,0,0,-,-,-,0,2,0,0,0,-,1,1,0,0,1,0,0,1,2,0,0,13
1732,Nolito,Manchester City,1,0,3,0,1,-,-,0,0,1,0,2,3,-,0,1,-,0,-,-,-,-,-,-,0,0,-,-,-,1,0,-,-,0,-,-,-,-,13
1694,Adama Diomande,Hull,1,0,2,0,0,0,1,0,1,-,-,-,2,1,0,2,0,0,0,1,2,0,-,-,0,-,0,-,0,-,-,-,-,-,-,-,-,-,13
1698,Abel Hernández,Hull,1,0,0,1,1,0,1,-,1,1,0,-,-,-,-,-,-,-,-,-,0,2,0,0,-,0,1,1,0,0,1,0,0,0,-,2,-,-,13
1689,Jake Livermore,West Bromwich Albion,-,-,-,-,-,-,-,-,-,-,-,-,0,-,-,-,-,-,-,1,-,1,-,1,1,0,1,0,2,0,0,1,2,0,0,1,0,1,12
495,Nacho Monreal,Arsenal,0,1,0,1,0,0,0,1,0,-,0,0,1,1,0,1,1,0,0,0,0,1,0,1,-,1,0,0,0,1,0,0,0,0,0,0,1,0,12
654,Michael Carrick,Manchester United,-,-,-,-,-,0,-,-,-,-,0,0,-,0,0,1,1,1,-,0,0,-,0,-,-,2,0,1,2,-,1,0,0,1,1,1,0,0,12
723,Ki Sung-yueng,Swansea,-,0,1,0,0,1,0,0,2,1,0,0,-,-,-,-,-,-,2,0,0,-,0,-,-,-,-,-,0,-,0,-,1,2,0,0,1,1,12
314,Ilkay Gündogan,Manchester City,-,-,-,-,1,1,0,1,4,4,0,-,-,0,1,0,-,-,-,-,-,-,-,-,-,-,-,-,-,-,-,-,-,-,-,-,-,-,12
863,Jonathan Walters,Stoke,0,0,0,0,1,-,0,0,-,0,2,0,1,0,-,0,1,0,-,0,-,-,-,-,-,-,-,1,1,1,-,1,2,-,-,0,-,1,12
573,Odion Ighalo,Watford,0,0,1,2,0,0,2,-,1,2,1,-,1,0,-,0,0,1,0,0,-,0,-,-,-,-,-,-,-,-,-,-,-,-,-,-,-,-,11
919,Duncan Watmore,Sunderland,0,1,1,0,0,0,2,1,1,0,0,1,1,3,-,-,-,-,-,-,-,-,-,-,-,-,-,-,-,-,-,-,-,-,-,-,-,-,11
1708,George Friend,Middlesbrough,0,1,-,1,1,0,0,2,0,0,1,-,-,-,-,-,0,0,1,0,0,1,-,-,-,-,0,-,-,-,-,1,0,0,1,0,0,1,11
610,Pablo Zabaleta,Manchester City,-,0,0,0,-,0,0,-,-,-,1,0,-,-,4,1,0,-,0,-,0,2,-,0,-,-,-,-,1,-,-,0,1,-,1,0,0,-,11
1710,Marten de Roon,Middlesbrough,0,-,-,0,1,0,0,0,0,-,0,0,1,1,1,2,0,0,0,0,0,0,0,0,1,0,0,0,0,1,-,0,0,0,1,0,2,-,11
746,Danny Simpson,Leicester,0,0,0,0,1,0,0,-,1,0,0,0,1,0,0,-,0,1,0,1,0,0,1,0,0,0,0,1,2,0,-,0,0,0,0,1,0,1,11
565,Nyom,West Bromwich Albion,-,-,-,-,0,0,1,2,0,0,0,2,0,1,0,1,0,1,0,1,-,0,0,0,0,0,0,0,0,0,0,1,-,0,0,0,1,0,11
1726,Abdoulaye Doucouré,Watford,-,0,-,-,-,-,-,-,-,-,-,-,-,-,-,-,-,-,0,1,1,0,0,0,-,0,0,1,1,0,1,1,0,1,3,1,0,0,11
1687,Harry Maguire,Hull,-,-,0,-,0,1,-,0,0,0,0,-,-,-,1,0,0,1,0,0,1,1,0,0,1,0,0,0,0,0,1,-,2,0,1,1,0,-,11
460,Andrew Surman,Bournemouth,0,1,0,0,1,2,1,1,-,1,-,-,-,-,-,-,-,0,0,0,1,1,0,0,0,1,0,-,0,0,-,-,-,-,-,-,-,1,11
944,Glen Johnson,Stoke,-,-,-,-,1,1,0,-,-,-,-,0,0,0,0,0,2,0,0,0,1,1,-,-,0,-,0,-,-,1,-,0,1,0,2,1,0,-,11
5550,Evandro,Hull,-,-,-,-,-,-,-,-,-,-,-,-,-,-,-,-,-,-,-,-,0,2,2,1,4,-,-,-,-,-,1,0,-,0,0,0,1,-,11
818,Victor Anichebe,Sunderland,-,-,-,-,-,0,-,1,-,-,1,0,0,2,1,-,1,0,0,-,-,0,-,-,-,-,-,-,-,0,1,0,2,1,1,0,-,-,11
631,Ashley Young,Manchester United,-,-,-,-,1,0,-,0,-,-,0,-,-,-,-,-,-,-,-,-,-,-,-,1,-,-,3,1,1,-,0,1,0,3,-,-,-,-,11
510,Joel Ward,Crystal Palace,0,0,0,0,0,1,2,0,0,0,0,0,0,0,2,0,0,0,1,0,0,0,0,1,0,2,0,0,0,0,0,2,0,0,0,0,0,0,11
671,Rudy Gestede,Middlesbrough,-,-,-,-,-,-,-,-,-,-,-,-,-,-,-,-,-,-,-,-,0,0,0,-,0,2,2,1,2,1,0,1,0,0,1,0,-,1,11
599,Oumar Niasse,Hull,-,-,-,-,-,-,-,-,-,-,-,-,-,-,-,-,-,-,-,-,0,0,0,0,0,0,2,1,-,0,1,2,0,0,0,3,0,1,10
332,Joel Matip,Liverpool,-,-,0,0,0,0,0,1,1,0,0,0,1,-,0,-,-,-,-,-,-,0,0,0,1,1,1,0,1,0,1,0,0,0,1,0,0,1,10
566,Sebastian Prödl,Watford,0,0,0,0,0,0,1,1,0,0,-,1,0,1,0,0,0,1,0,0,0,0,0,0,2,-,1,0,-,0,-,0,1,0,0,1,0,-,10
545,Kieran Gibbs,Arsenal,-,-,0,-,-,2,-,0,-,3,-,-,-,-,-,-,-,3,-,-,-,-,-,-,1,-,-,-,-,-,-,1,0,0,0,-,0,-,10
812,Craig Gardner,West Bromwich Albion,5,2,0,0,-,-,1,0,-,-,0,2,-,-,-,0,-,-,-,-,-,-,-,-,-,-,-,-,-,-,-,-,-,-,-,-,-,-,10
462,Dan Gosling,Bournemouth,-,1,0,0,1,0,0,0,1,0,2,0,0,0,1,0,-,0,0,1,-,-,-,0,-,0,0,0,0,0,-,-,-,2,-,-,1,0,10
709,Ashley Williams,Everton,-,0,1,0,0,0,0,0,1,0,0,0,0,1,0,1,0,0,1,1,0,1,0,0,0,0,0,0,0,1,1,-,1,0,0,0,0,0,10
715,Jefferson Montero,Swansea,3,0,1,-,0,-,-,-,-,-,1,-,1,0,2,0,1,1,-,-,-,-,-,-,-,-,-,-,-,-,-,0,-,-,0,-,-,-,10
965,Santiago Cazorla,Arsenal,2,0,1,3,1,1,2,0,-,-,-,-,-,-,-,-,-,-,-,-,-,-,-,-,-,-,-,-,-,-,-,-,-,-,-,-,-,-,10
859,Geoff Cameron,Stoke,-,-,0,0,0,0,0,1,1,-,-,-,-,-,-,-,-,-,-,-,-,-,-,-,-,0,1,0,0,-,1,0,0,1,1,2,1,1,10
1676,David Luiz,Chelsea,-,-,-,-,0,1,0,1,0,1,0,0,0,0,0,1,0,0,0,0,0,0,0,0,0,0,0,1,1,0,0,0,1,1,0,0,-,2,10
591,Gerard Deulofeu,Everton,1,1,-,1,0,1,-,0,1,-,-,1,0,1,3,-,-,-,-,-,-,-,-,-,-,-,-,-,-,-,-,-,-,-,-,-,-,-,10
1006,Luke Shaw,Manchester United,0,1,3,0,0,-,-,0,-,0,-,-,-,-,-,-,-,-,-,-,-,-,-,-,-,2,-,-,0,4,-,-,-,0,-,-,-,-,10
5543,Gabriel Jesus,Manchester City,-,-,-,-,-,-,-,-,-,-,-,-,-,-,-,-,-,-,-,-,-,0,1,3,0,-,-,-,-,-,-,-,0,0,1,1,2,2,10
868,Mame Biram Diouf,Stoke,0,0,0,-,1,0,-,-,0,-,0,-,0,1,0,0,2,1,1,1,-,-,-,0,0,-,0,0,1,1,0,-,0,0,-,1,0,0,10
1699,Shkodran Mustafi,Arsenal,-,-,-,0,0,0,0,0,0,1,0,0,0,1,1,-,-,-,-,0,0,1,0,1,0,0,1,1,0,0,-,-,-,-,0,0,2,-,9
1706,Antonio Barragán,Middlesbrough,0,0,1,2,0,0,0,0,0,1,0,1,0,0,0,0,0,1,-,0,-,-,1,-,-,-,-,1,0,0,1,0,0,-,-,-,-,-,9
857,Phil Bardsley,Stoke,1,1,0,-,-,-,0,1,0,0,0,1,-,-,-,-,-,-,-,-,-,-,1,2,0,0,-,2,0,-,-,-,-,-,-,-,-,-,9
985,Mason Holgate,Everton,0,1,1,-,-,-,-,-,-,-,-,-,-,1,-,-,-,0,-,-,0,1,0,0,-,-,-,-,-,0,0,0,1,0,0,0,1,3,9
1738,Hal Robson-Kanu,West Bromwich Albion,-,-,-,-,0,0,0,-,3,0,0,0,0,0,0,0,0,0,1,0,0,0,1,0,0,-,0,1,0,0,2,1,0,-,-,-,0,0,9
1689,Jake Livermore,Hull,0,0,0,0,0,0,1,2,0,0,0,2,0,0,2,0,0,0,1,1,0,-,-,-,-,-,-,-,-,-,-,-,-,-,-,-,-,-,9
1764,Ramadan Sobhi,Stoke,-,0,0,-,-,-,-,-,-,0,0,-,-,-,0,-,0,0,-,-,-,-,-,-,2,1,2,0,0,2,-,0,-,0,-,-,0,2,9
1126,M&#039;Baye Niang,Watford,-,-,-,-,-,-,-,-,-,-,-,-,-,-,-,-,-,-,-,-,-,-,0,2,1,0,0,0,1,2,2,0,0,0,0,0,0,1,9
532,Cheikhou Kouyaté,West Ham,1,1,0,0,0,0,1,0,1,0,0,0,0,-,-,0,0,0,1,0,-,-,-,1,0,1,0,0,0,0,0,0,0,0,1,1,-,-,9
795,Dieumerci Mbokani,Hull,-,-,-,-,0,-,0,-,-,-,0,3,1,-,-,-,2,0,0,0,-,-,-,-,-,2,-,-,-,-,-,-,0,-,-,0,-,-,8
525,Martin Kelly,Crystal Palace,0,-,0,0,1,1,0,0,1,0,0,0,1,0,1,0,2,0,0,1,-,-,-,-,-,-,-,-,0,0,0,0,0,0,0,0,0,0,8
4406,Lazar Markovic,Hull,-,-,-,-,-,-,-,-,-,-,-,-,-,-,-,-,-,-,-,-,-,-,0,-,1,-,0,1,1,1,1,0,2,0,0,1,-,-,8
730,Patrick van Aanholt,Crystal Palace,-,-,-,-,-,1,-,-,-,-,-,-,-,-,-,-,-,-,-,-,-,-,1,0,0,2,1,-,-,-,-,0,0,-,2,0,1,0,8
625,Bacary Sagna,Manchester City,0,-,-,0,0,1,-,-,-,-,-,0,1,-,0,-,1,1,-,1,0,-,0,-,1,1,1,0,-,-,-,-,-,-,-,-,-,0,8
5542,Grant Leadbitter,Middlesbrough,-,-,-,-,-,-,-,-,-,1,-,0,-,-,-,0,-,-,0,0,0,-,-,-,-,-,4,1,-,-,2,0,-,-,-,0,0,0,8
848,Charlie Austin,Southampton,0,0,0,-,1,1,0,0,0,0,2,1,1,2,-,-,-,-,-,-,-,-,-,-,-,-,-,-,-,-,-,-,-,-,-,0,-,0,8
529,Winston Reid,West Ham,0,0,0,0,-,1,1,0,0,0,-,1,-,1,1,0,0,0,0,0,0,0,0,0,0,0,1,1,0,-,-,-,-,0,0,0,1,-,8
649,Ryan Mason,Hull,-,-,-,1,0,0,0,0,2,2,1,1,0,0,-,0,-,0,-,0,1,0,-,-,-,-,-,-,-,-,-,-,-,-,-,-,-,-,8
971,Harry Winks,Tottenham,-,-,0,-,-,0,-,-,-,0,0,1,1,0,0,0,0,0,0,0,0,1,-,0,0,2,1,0,2,-,-,-,-,-,-,-,-,-,8
468,Callum Wilson,Bournemouth,1,0,0,2,0,1,1,2,0,0,-,0,0,1,0,0,0,-,-,0,0,0,0,-,-,-,-,-,-,-,-,-,-,-,-,-,-,-,8
1642,Simone Zaza,West Ham,-,-,-,3,1,2,1,1,0,0,-,0,-,-,-,-,-,-,-,-,-,-,-,-,-,-,-,-,-,-,-,-,-,-,-,-,-,-,8
4430,Joey Barton,Burnley,-,-,-,-,-,-,-,-,-,-,-,-,-,-,-,-,-,-,-,-,0,0,1,0,1,0,0,1,2,1,1,0,1,0,-,-,-,-,8
1653,Michael Keane,Burnley,0,0,0,0,0,1,1,0,0,1,0,0,0,0,0,1,0,0,0,1,0,0,1,0,0,0,0,1,0,0,0,0,0,1,0,-,-,-,8
733,Jack Rodwell,Sunderland,1,0,0,1,-,-,0,0,0,0,-,-,-,-,-,-,-,-,-,1,0,1,1,1,-,-,0,0,0,0,2,-,0,-,-,-,-,0,8
622,Wilfried Bony,Stoke,-,-,-,0,0,1,1,2,0,2,1,0,-,-,-,-,-,0,-,-,-,-,-,-,-,-,-,-,-,-,-,-,-,-,-,-,-,-,7
844,Jay Rodriguez,Southampton,-,0,0,0,-,-,-,1,-,-,0,0,-,-,1,0,0,0,0,1,0,0,-,1,-,-,0,1,0,-,0,0,0,-,1,1,0,-,7
798,Martin Olsson,Swansea,-,-,-,-,-,-,-,-,-,-,-,-,-,-,-,-,-,-,-,-,-,0,0,0,2,0,2,1,-,1,0,0,0,-,0,0,0,1,7
807,Jonny Evans,West Bromwich Albion,0,0,1,0,0,1,0,0,-,0,0,0,1,0,1,-,-,0,0,0,-,-,-,-,1,0,0,0,0,0,0,0,0,1,0,1,0,0,7
707,Angel Rangel,Swansea,0,-,-,0,1,0,1,1,-,0,1,-,0,-,1,0,1,1,-,0,-,0,0,-,-,-,0,0,-,-,-,-,-,-,-,-,-,-,7
602,Dejan Lovren,Liverpool,0,0,0,-,0,-,1,0,0,0,-,0,1,1,0,0,0,0,0,1,0,2,0,-,-,-,-,-,-,0,0,1,0,0,0,0,0,0,7
567,Miguel Britos,Watford,0,1,-,0,0,0,-,1,0,0,0,0,1,-,0,1,0,0,-,0,0,1,0,-,0,0,1,1,0,0,-,-,0,0,-,-,-,-,7
1700,Lucas Pérez,Arsenal,-,-,-,0,0,-,-,-,1,-,-,-,-,-,-,0,-,2,2,1,0,-,1,-,0,0,-,-,-,-,-,-,-,-,-,-,-,-,7
5554,Luciano Narsingh,Swansea,-,-,-,-,-,-,-,-,-,-,-,-,-,-,-,-,-,-,-,-,-,-,1,1,0,0,0,0,0,3,0,0,1,-,-,-,0,1,7
1713,Viktor Fischer,Middlesbrough,-,-,0,1,0,-,1,-,-,0,0,0,0,1,2,0,0,-,-,-,-,-,-,-,-,-,-,-,-,-,-,-,-,-,-,-,2,-,7
640,Jan Vertonghen,Tottenham,0,0,0,0,0,0,0,0,0,0,0,0,0,0,0,0,0,0,-,1,1,-,-,-,-,2,0,1,0,0,0,1,0,0,0,1,0,0,7
924,Steven Pienaar,Sunderland,-,1,0,-,0,0,-,0,0,0,1,-,0,0,0,-,-,-,2,-,-,-,-,0,1,-,-,-,-,-,-,-,-,2,-,-,-,-,7
1709,Cristhian Stuani,Middlesbrough,-,1,1,0,-,0,2,1,0,-,0,-,0,0,0,-,-,0,-,-,1,1,0,0,0,0,0,-,-,0,0,-,-,0,0,-,-,-,7
1672,Jonathan Calleri,West Ham,-,0,0,0,0,-,-,1,0,-,-,-,-,-,-,-,-,-,-,-,-,1,-,0,0,-,-,-,-,0,-,1,0,1,1,1,1,-,7
902,Sam Byram,West Ham,0,0,1,1,-,-,0,-,-,-,-,-,-,-,-,-,-,-,-,-,0,1,0,-,-,-,0,1,0,0,0,0,1,-,-,2,0,0,7
526,Lee Chung-yong,Crystal Palace,3,0,1,1,0,1,0,-,0,0,-,0,-,-,-,0,-,-,0,-,0,1,-,-,-,-,-,-,-,-,-,-,-,-,-,0,-,-,7
1760,Arthur Masuaku,West Ham,0,0,1,1,1,-,-,-,-,-,-,-,-,0,-,-,-,-,-,-,-,-,-,-,-,-,-,-,1,1,0,0,0,0,2,-,-,-,7
539,Enner Valencia,Everton,-,-,-,-,0,0,-,-,0,-,-,0,0,0,0,0,0,-,3,0,-,-,-,-,0,1,0,-,1,0,-,-,1,-,0,1,0,0,7
1681,Ahmed Musa,Leicester,4,0,0,1,-,-,-,0,1,0,0,0,1,0,-,0,0,-,-,0,0,0,0,0,-,-,-,0,-,-,0,-,-,-,-,-,0,-,7
598,Bryan Oviedo,Sunderland,-,-,-,-,-,-,-,-,-,-,-,-,-,-,-,-,-,-,-,-,-,-,-,1,1,0,1,2,0,2,0,-,-,-,-,-,0,0,7
583,Adlène Guédioura,Watford,1,1,0,-,-,-,0,-,0,-,-,0,-,1,3,0,-,1,0,0,-,-,-,-,-,-,-,-,-,-,-,-,-,-,-,-,-,-,7
1693,David Meyler,Hull,0,0,2,1,0,0,1,2,0,0,-,0,0,0,-,0,-,-,0,-,-,0,0,0,-,0,-,0,-,-,-,-,-,-,-,-,-,-,6
806,Gareth McAuley,West Bromwich Albion,0,0,0,0,0,0,0,1,1,0,0,0,0,0,0,0,0,0,0,0,0,1,0,0,0,0,0,0,0,0,0,0,0,2,1,0,-,-,6
593,Aaron Lennon,Everton,0,-,-,-,-,-,-,-,-,0,0,0,1,-,2,0,0,2,-,1,-,-,-,-,0,-,-,-,-,-,-,-,-,-,-,-,-,-,6
511,Damien Delaney,Crystal Palace,0,0,1,0,0,0,0,0,0,-,0,-,-,0,0,1,1,0,-,1,0,0,1,1,0,-,-,0,0,0,0,-,0,0,0,0,0,-,6
542,Pedro Obiang,West Ham,-,0,-,-,-,-,0,1,1,0,0,0,0,0,0,0,0,-,-,1,1,0,0,1,1,0,0,0,0,-,-,-,-,-,-,-,-,-,6
784,Andy King,Leicester,0,0,-,-,0,0,-,0,2,1,0,-,1,0,0,0,1,0,-,1,-,-,-,0,-,-,-,-,-,0,0,0,-,0,0,0,-,0,6
747,Robert Huth,Leicester,-,0,1,0,0,0,0,0,0,0,0,0,0,0,1,2,0,-,0,0,0,1,0,0,0,0,1,0,0,0,0,0,0,0,0,-,-,-,6
551,Morgan Schneiderlin,Everton,-,-,-,-,-,-,-,-,-,-,-,-,-,-,-,-,-,-,-,-,0,0,1,0,0,2,0,1,0,-,-,0,0,0,-,-,0,2,6
1789,Lewis Cook,Bournemouth,1,-,-,-,-,-,-,-,-,-,-,-,-,-,-,-,-,-,-,-,-,-,-,-,-,-,-,-,-,-,-,-,0,3,0,1,1,-,6
512,Scott Dann,Crystal Palace,0,0,0,1,0,-,-,-,-,1,0,0,2,0,0,0,0,0,0,-,0,0,1,1,-,0,0,0,0,-,-,-,-,-,-,-,-,-,6
517,Joe Ledley,Crystal Palace,-,0,-,0,0,0,1,0,2,1,0,-,-,1,0,1,0,-,-,0,0,0,0,0,-,-,-,-,-,-,-,-,-,-,-,-,-,-,6
475,Lucas Leiva,Liverpool,-,-,-,0,0,-,-,-,0,-,0,-,1,0,-,0,0,-,0,0,-,-,-,0,0,0,0,1,0,1,0,-,1,1,1,0,0,0,6
5545,Wilfred Ndidi,Leicester,-,-,-,-,-,-,-,-,-,-,-,-,-,-,-,-,-,-,-,-,0,1,0,0,1,0,0,2,0,0,-,0,1,0,0,0,0,1,6
1654,Ben Mee,Burnley,0,0,0,0,1,0,1,1,0,0,0,0,0,0,0,0,0,0,0,0,0,0,0,1,0,0,0,0,0,0,0,0,1,1,-,-,-,-,6
672,Jordan Ayew,Swansea,-,-,-,-,-,-,-,-,-,-,-,-,-,-,-,-,-,-,-,-,-,-,-,-,0,0,0,0,0,0,1,0,0,1,1,2,0,1,6
508,Calum Chambers,Middlesbrough,-,-,-,-,-,0,0,0,-,0,0,0,0,0,0,0,0,0,0,0,0,2,-,2,1,-,-,-,-,-,-,-,1,0,0,0,0,0,6
528,Angelo Ogbonna,West Ham,-,-,1,-,0,1,2,0,0,1,0,0,0,1,0,0,0,0,0,0,0,0,-,-,-,-,-,-,-,-,-,-,-,-,-,-,-,0,6
1673,Edimilson Fernandes,West Ham,-,-,-,-,-,0,-,0,1,0,0,1,-,1,0,-,1,0,0,0,0,0,0,-,0,0,0,-,0,0,0,0,0,1,1,0,0,0,6
1703,Gökhan Töre,West Ham,0,4,2,0,-,-,0,-,-,-,-,-,-,-,-,-,-,-,-,-,-,-,-,-,-,-,-,-,-,-,-,-,-,-,-,-,-,-,6
833,Virgil van Dijk,Southampton,0,0,0,0,0,0,1,1,0,0,0,0,2,0,0,1,0,0,0,-,1,0,-,-,-,-,-,-,-,-,-,-,-,-,-,-,-,-,6
639,Toby Alderweireld,Tottenham,0,0,0,1,0,0,0,0,-,-,-,-,-,-,0,0,-,-,0,0,0,0,0,0,1,1,0,1,0,0,0,0,0,0,0,0,2,0,6
1383,Manolo Gabbiadini,Southampton,-,-,-,-,-,-,-,-,-,-,-,-,-,-,-,-,-,-,-,-,-,-,-,2,1,1,0,-,-,-,1,0,0,0,1,-,0,0,6
611,Nicolás Otamendi,Manchester City,-,0,0,1,1,1,1,0,-,0,-,0,1,0,-,0,0,0,0,0,0,0,0,-,0,-,0,0,0,-,-,0,0,1,0,0,0,0,6
808,Claudio Yacob,West Bromwich Albion,0,0,0,0,0,2,0,0,0,-,0,0,0,0,0,1,0,0,0,0,0,0,1,-,0,0,-,1,0,0,-,-,0,0,0,1,0,0,6
550,Marcos Rojo,Manchester United,-,-,-,-,-,-,-,-,1,2,0,1,0,0,0,0,0,0,0,1,0,-,0,0,-,0,0,0,0,0,0,-,-,-,-,-,-,-,5
837,Jordy Clasie,Southampton,-,0,-,1,0,-,-,1,0,0,0,-,1,-,1,-,1,-,-,0,-,0,0,-,-,0,-,-,-,0,-,-,-,-,-,0,-,-,5
1724,Isaac Success,Watford,-,-,1,1,0,0,0,0,-,-,-,-,-,-,-,0,1,-,-,-,-,-,0,0,0,0,1,0,0,1,0,-,0,0,-,-,-,-,5
861,Giannelli Imbula,Stoke,1,0,0,0,-,-,-,-,-,-,-,-,1,0,1,-,2,0,0,-,-,0,-,-,-,-,-,0,-,-,-,-,-,-,-,-,-,-,5
1722,Juan Zuñiga,Watford,0,0,-,-,0,0,0,0,1,1,1,0,-,0,0,0,0,0,-,-,0,-,-,-,-,-,-,-,0,-,0,-,1,-,0,1,-,-,5
699,Gary Cahill,Chelsea,0,0,0,0,0,0,1,1,0,0,0,0,0,0,0,0,0,0,0,0,0,0,0,0,0,1,0,0,1,1,0,0,0,0,0,0,-,0,5
5549,Luka Milivojevic,Crystal Palace,-,-,-,-,-,-,-,-,-,-,-,-,-,-,-,-,-,-,-,-,-,-,-,-,0,0,1,1,0,2,0,0,0,0,1,0,0,0,5
1701,Borja Bastón,Swansea,-,-,-,-,0,0,0,0,1,0,0,-,-,0,-,0,1,0,-,-,1,0,-,0,-,-,-,-,0,-,-,-,1,0,-,1,-,-,5
570,Valon Behrami,Watford,0,0,0,1,0,0,0,0,0,1,0,0,0,-,0,-,0,0,-,0,0,-,0,1,-,0,0,1,-,-,-,1,-,-,-,0,0,0,5
501,Danny Welbeck,Arsenal,-,-,-,-,-,-,-,-,-,-,-,-,-,-,-,-,-,-,-,-,0,0,-,0,0,0,2,0,1,0,-,0,0,0,0,0,0,2,5
832,Cuco Martina,Southampton,-,-,-,-,0,0,0,1,0,2,-,-,-,-,1,1,-,-,0,-,-,-,-,-,-,-,-,-,-,-,-,-,-,-,-,-,-,-,5
811,Saido Berahino,Stoke,-,-,-,-,-,-,-,-,-,-,-,-,-,-,-,-,-,-,-,-,-,-,0,0,-,0,0,0,0,0,2,1,0,0,1,-,1,-,5
884,Matt Targett,Southampton,1,2,0,-,-,-,-,2,-,-,-,-,-,-,-,-,-,-,-,-,-,-,-,-,-,-,-,-,-,-,-,-,-,-,-,-,0,-,5
886,Ryan Shawcross,Stoke,0,0,1,0,0,0,0,0,1,0,0,0,-,-,-,1,0,0,0,0,0,0,0,0,0,0,0,0,0,0,0,0,0,0,1,0,0,1,5
834,José Fonte,Southampton,-,0,0,0,0,0,0,2,0,1,0,0,0,0,0,2,-,0,-,0,-,-,-,0,-,-,-,-,-,-,-,-,-,-,-,-,-,-,5
589,James McCarthy,Everton,0,0,-,-,-,-,-,0,-,-,-,0,-,-,0,2,0,-,-,-,0,-,0,2,-,0,1,-,-,-,-,-,-,-,-,-,-,-,5
587,Phil Jagielka,Everton,0,0,1,0,0,0,0,0,0,0,0,0,0,-,-,1,-,-,1,-,-,0,-,-,-,-,-,0,0,0,0,1,0,0,0,0,1,0,5
608,Alberto Moreno,Liverpool,1,0,-,0,-,-,-,0,-,1,-,-,-,-,-,-,-,0,-,3,-,-,-,0,-,0,-,-,-,-,-,-,0,0,-,-,-,0,5
669,Ashley Westwood,Burnley,-,-,-,-,-,-,-,-,-,-,-,-,-,-,-,-,-,-,-,-,-,-,-,0,0,2,0,-,-,-,-,-,0,-,1,0,0,2,5
1658,Dean Marney,Burnley,0,0,0,1,0,0,0,0,1,0,0,1,0,0,0,0,0,0,1,-,0,1,-,-,-,-,-,-,-,-,-,-,-,-,-,-,-,-,5
757,Jeffrey Schlupp,Crystal Palace,-,-,-,-,-,-,-,-,-,-,-,-,-,-,-,-,-,-,-,-,1,0,-,-,0,0,0,0,1,0,2,0,0,0,-,0,0,0,4
581,Craig Cathcart,Watford,0,0,-,0,2,0,-,-,-,-,-,-,-,-,-,-,-,-,0,-,-,0,0,0,0,0,-,0,2,0,0,-,-,-,-,-,-,-,4
597,Ramiro Funes Mori,Everton,0,1,0,-,-,-,0,0,-,0,0,-,-,0,0,0,1,0,0,0,0,0,0,1,0,1,0,0,0,-,-,-,-,-,-,-,-,-,4
485,Mamadou Sakho,Crystal Palace,-,-,-,-,-,-,-,-,-,-,-,-,-,-,-,-,-,-,-,-,-,-,-,-,-,0,0,0,0,1,2,0,-,1,-,-,-,-,4
586,John Stones,Manchester City,0,0,0,0,0,0,0,0,1,1,0,-,-,0,0,-,-,0,0,0,0,0,0,1,1,0,-,0,0,0,0,-,-,-,-,-,0,-,4
748,Wes Morgan,Leicester,1,0,0,0,0,1,0,0,0,0,0,1,0,0,0,0,0,0,0,0,0,0,0,0,0,0,1,-,-,-,-,-,-,-,-,-,-,-,4
1719,Javier Manquillo,Sunderland,-,-,0,1,1,1,0,0,0,-,-,-,-,0,0,-,-,-,-,0,-,-,0,-,-,0,-,-,-,-,0,0,0,0,0,1,0,0,4
5551,Omar Elabdellaoui,Hull,-,-,-,-,-,-,-,-,-,-,-,-,-,-,-,-,-,-,-,-,-,0,0,0,0,0,-,0,2,-,-,-,-,-,-,-,-,2,4
1048,Donald Love,Sunderland,0,1,0,-,-,-,-,-,-,-,0,0,-,-,-,0,1,0,0,0,2,-,-,-,-,-,-,-,-,-,-,-,-,0,-,-,-,-,4
1027,Lynden Gooch,Sunderland,1,2,0,1,-,-,0,-,0,0,0,-,0,-,-,-,-,-,-,-,-,-,-,-,-,-,-,-,-,-,-,-,-,-,-,-,0,0,4
1680,Luis Hernández,Leicester,0,-,-,2,-,-,-,2,-,-,-,-,-,-,-,0,-,-,-,-,-,-,-,-,-,-,-,-,-,-,-,-,-,-,-,-,-,-,4
741,Jordan Pickford,Sunderland,-,-,0,0,1,0,0,0,0,0,0,0,0,0,0,0,1,1,-,-,-,-,-,-,-,0,0,0,0,0,0,0,0,0,1,0,0,0,4
1665,James Tarkowski,Burnley,-,-,0,-,-,-,-,-,0,-,0,-,3,0,0,-,-,-,0,-,0,0,0,-,-,0,0,-,-,-,0,0,-,0,1,0,0,0,4
860,Marc Muniesa,Stoke,-,-,-,-,-,-,-,1,-,-,-,-,0,1,0,0,-,-,-,-,-,-,-,-,-,-,-,-,-,-,1,-,0,-,1,0,-,0,4
892,Stephen Kingsley,Swansea,0,0,1,0,1,-,-,-,0,-,1,-,-,-,-,-,-,0,-,-,1,-,-,-,-,-,-,-,0,-,-,-,-,0,0,-,-,0,4
871,Bojan,Stoke,0,0,0,2,1,-,-,-,-,-,0,0,-,-,-,-,1,-,0,-,-,-,-,-,-,-,-,-,-,-,-,-,-,-,-,-,-,-,4
1692,Shaun Maloney,Hull,-,1,0,0,-,-,0,1,-,-,-,-,-,-,-,-,-,-,-,-,-,-,-,-,-,0,-,-,-,0,-,2,-,-,-,-,0,-,4
845,Maya Yoshida,Southampton,0,-,-,-,-,-,-,-,-,-,1,-,-,-,-,-,0,-,0,0,0,0,0,0,0,1,0,0,0,0,0,2,0,0,0,0,0,0,4
939,Mauro Zárate,Watford,-,-,-,-,-,-,-,-,-,-,-,-,-,-,-,-,-,-,-,-,-,-,-,1,1,2,-,-,-,-,-,-,-,-,-,-,-,-,4
1675,Ashley Fletcher,West Ham,-,1,0,0,0,0,-,-,0,-,0,-,1,1,-,1,-,0,-,-,0,-,0,-,-,-,-,-,-,-,-,-,-,-,-,0,0,0,4
493,Gabriel,Arsenal,-,-,-,-,-,-,-,-,-,-,-,-,0,0,0,0,0,0,0,0,1,0,3,0,-,-,-,0,0,0,0,0,0,-,-,-,-,0,4
496,Mohamed Elneny,Arsenal,0,-,0,-,1,-,0,-,1,1,-,0,0,0,-,-,0,-,0,-,-,-,-,-,0,-,-,-,1,0,-,-,-,-,-,-,-,-,4
202,Håvard Nordtveit,West Ham,0,0,-,-,2,0,-,0,-,-,-,0,-,-,0,0,0,1,0,0,-,-,-,-,-,-,-,-,-,-,-,-,0,1,0,-,0,-,4
1744,Michael Dawson,Hull,-,-,-,-,-,-,-,-,0,0,0,0,0,0,0,0,2,0,0,0,0,0,0,-,-,-,-,-,-,-,0,0,0,0,1,-,1,0,4
655,James Collins,West Ham,1,1,0,0,1,-,0,-,-,-,0,-,0,0,-,-,-,-,-,-,0,0,-,0,0,-,-,-,-,0,0,0,0,0,0,0,1,0,4
1677,Nathaniel Chalobah,Chelsea,-,-,-,-,-,-,0,2,0,-,-,0,-,0,-,0,-,0,0,-,-,-,-,-,-,-,-,-,-,-,-,-,-,-,0,-,2,-,4
1727,Alfie Mawson,Swansea,-,-,-,-,-,-,-,-,0,0,0,-,-,-,0,0,0,0,0,1,0,0,0,0,0,0,0,0,0,0,2,0,0,0,0,0,0,1,4
2144,Alfred N&#039;Diaye,Hull,-,-,-,-,-,-,-,-,-,-,-,-,-,-,-,-,-,-,-,-,-,-,-,1,0,1,0,1,0,0,0,0,0,0,1,0,0,0,4
1735,Jack Stephens,Southampton,-,-,-,-,-,-,-,-,-,-,-,-,-,-,-,-,-,-,-,1,-,0,1,0,0,0,0,0,1,1,0,0,0,0,0,-,0,0,4
598,Bryan Oviedo,Everton,-,-,-,-,-,0,0,0,2,1,0,-,-,-,-,-,-,-,-,-,-,-,-,-,-,0,-,-,-,-,-,-,-,-,-,-,-,-,3
494,Laurent Koscielny,Arsenal,-,0,0,0,0,0,0,0,0,0,0,0,0,0,0,0,0,0,0,0,0,1,1,0,0,0,0,0,-,-,0,0,0,1,-,0,-,0,3
896,Jay Fulton,Swansea,-,-,-,-,-,-,0,-,-,-,-,0,0,0,0,0,2,0,-,0,-,0,-,-,-,-,-,-,-,-,-,-,1,-,-,-,-,-,3
1651,Tom Heaton,Burnley,0,0,0,0,0,0,0,0,0,0,0,0,-,-,1,0,0,0,0,0,0,0,1,0,0,0,-,0,0,0,0,0,0,0,0,0,1,0,3
834,José Fonte,West Ham,-,-,-,-,-,0,-,-,-,-,-,-,-,-,-,-,-,-,-,-,-,-,0,0,0,0,0,1,1,0,1,0,0,0,0,0,0,0,3
783,Nathan Dyer,Swansea,-,0,-,-,-,-,-,-,-,-,-,0,-,-,-,-,-,1,1,0,1,-,-,0,0,-,-,-,-,-,-,-,-,-,-,-,-,-,3
1725,Christian Kabasele,Watford,-,-,0,-,-,-,-,0,-,0,-,-,0,1,0,-,0,-,0,0,2,0,-,-,-,-,-,-,-,-,0,0,-,0,0,0,-,-,3
265,Ragnar Klavan,Liverpool,0,1,-,-,-,0,-,-,-,0,-,-,-,-,0,0,0,1,0,0,0,0,-,-,0,-,0,0,1,0,0,0,-,-,0,-,-,-,3
1047,Will Keane,Hull,-,-,-,0,-,-,-,0,1,2,0,-,-,-,-,-,-,-,-,-,-,-,-,-,-,-,-,-,-,-,-,-,-,-,-,-,-,-,3
509,Wayne Hennessey,Crystal Palace,0,0,-,-,-,-,-,-,-,-,-,0,0,0,0,0,0,0,0,0,0,0,0,0,0,1,0,0,0,0,1,0,0,0,0,0,1,0,3
458,Steve Cook,Bournemouth,0,1,1,0,0,0,0,0,0,0,0,0,0,0,0,0,0,0,0,0,0,0,0,0,0,0,0,0,0,0,1,0,0,0,0,0,0,0,3
1749,Rob Holding,Arsenal,0,0,0,-,-,-,-,-,-,-,-,-,-,-,-,-,-,-,-,-,-,-,-,-,-,-,-,-,-,-,1,-,-,0,0,0,2,0,3
579,Nathan Aké,Bournemouth,-,0,0,-,-,-,-,-,-,-,-,0,1,0,1,0,1,-,0,0,-,-,-,-,-,-,-,-,-,-,-,-,-,-,-,-,-,-,3
628,Chris Smalling,Manchester United,-,0,0,-,0,0,0,0,0,-,-,-,-,-,-,-,0,-,0,0,-,0,1,1,0,-,0,-,-,-,-,-,-,-,1,0,0,-,3
1748,Lys Mousset,Bournemouth,-,-,-,-,-,-,-,-,-,-,1,-,0,-,-,-,-,-,-,-,-,-,-,-,-,0,-,1,-,-,-,1,0,0,0,0,0,0,3
1696,Markus Henriksen,Hull,-,-,-,-,-,0,0,-,-,0,0,1,1,0,0,-,0,0,-,0,-,-,-,-,-,-,-,-,-,0,0,0,-,-,1,-,-,-,3
1522,Andrea Ranocchia,Hull,-,-,-,-,-,-,-,-,-,-,-,-,-,-,-,-,-,-,-,-,-,-,0,1,0,0,0,0,0,0,0,0,1,0,0,0,0,1,3
615,Fernando,Manchester City,-,-,0,0,-,0,0,-,-,0,-,0,0,-,2,1,0,0,-,-,-,-,-,0,-,-,-,0,-,-,0,-,-,-,-,-,0,-,3
682,Branislav Ivanovic,Chelsea,1,0,0,1,1,0,-,-,-,0,-,0,0,-,0,0,0,-,0,-,-,-,-,-,-,-,-,-,-,-,-,-,-,-,-,-,-,-,3
559,Paddy McNair,Sunderland,0,0,-,-,0,0,0,1,0,-,1,1,-,-,-,-,-,-,-,-,-,-,-,-,-,-,-,-,-,-,-,-,-,-,-,-,-,-,3
708,Federico Fernández,Swansea,0,0,0,0,0,-,-,0,-,-,-,0,1,-,-,-,-,-,-,0,0,0,0,0,1,0,0,0,0,0,0,0,1,0,0,0,0,0,3
1707,Ben Gibson,Middlesbrough,0,0,0,0,0,0,0,0,0,0,0,0,0,1,0,0,0,0,0,0,0,0,0,0,0,0,0,0,0,1,0,0,0,0,0,0,1,0,3
1013,Sam Field,West Bromwich Albion,-,-,1,2,-,-,-,-,-,-,-,-,-,-,-,-,-,-,-,-,0,-,-,0,-,0,-,-,0,-,-,-,-,-,0,0,-,-,3
596,Tom Cleverley,Everton,0,-,-,-,0,2,0,0,0,1,0,-,-,0,-,-,-,0,-,-,-,-,-,-,-,-,-,-,-,-,-,-,-,-,-,-,-,-,3
1686,Curtis Davies,Hull,0,1,0,0,0,0,0,0,0,0,0,0,0,0,0,0,0,0,1,0,0,0,-,-,-,-,-,-,0,0,-,-,-,-,-,-,0,0,2
1757,Nsue,Middlesbrough,0,0,1,-,1,-,-,-,-,-,-,-,-,-,-,-,-,-,-,-,-,-,-,-,-,-,-,-,-,-,-,-,-,-,-,-,-,-,2
557,Matteo Darmian,Manchester United,-,-,-,-,-,-,-,-,-,0,1,0,0,0,0,0,1,-,-,0,0,-,-,-,-,-,0,-,-,0,0,0,0,0,0,-,0,-,2
612,Vincent Kompany,Manchester City,-,-,-,-,-,-,-,0,0,-,-,0,-,-,-,-,-,-,-,-,-,-,-,-,-,-,-,-,-,1,-,0,0,1,0,0,0,0,2
736,Younes Kaboul,Watford,-,-,0,0,-,-,1,0,0,0,0,0,0,-,-,-,0,0,0,0,0,0,0,0,1,0,0,0,0,-,-,-,-,-,-,-,-,-,2
5574,Demetri Mitchell,Manchester United,-,-,-,-,-,-,-,-,-,-,-,-,-,-,-,-,-,-,-,-,-,-,-,-,-,-,-,-,-,-,-,-,-,-,-,-,-,2,2
876,Fabian Delph,Manchester City,0,0,-,-,-,-,-,-,-,-,-,-,-,-,-,-,-,-,-,-,-,0,0,-,-,0,-,-,-,1,1,-,-,-,-,-,-,-,2
1714,Jordan Rhodes,Middlesbrough,-,-,-,-,-,0,1,0,-,1,-,-,-,-,0,0,-,-,-,-,-,-,-,-,-,-,-,-,-,-,-,-,-,-,-,-,-,-,2
951,Phil Jones,Manchester United,-,-,-,-,-,-,-,-,-,-,0,0,1,0,0,0,0,1,-,0,0,0,0,-,-,0,0,-,-,-,-,-,-,-,0,0,0,0,2
757,Jeffrey Schlupp,Leicester,-,-,-,-,-,2,-,0,-,0,-,0,-,-,-,-,-,-,-,-,-,-,-,-,-,-,-,-,-,-,-,0,-,-,-,-,-,-,2
1736,Oliver McBurnie,Swansea,-,-,0,-,-,-,-,-,-,-,-,-,-,-,0,-,-,-,0,-,2,-,-,-,-,-,-,-,-,-,0,-,-,-,-,-,-,-,2
1704,Álvaro Arbeloa,West Ham,-,-,-,-,-,0,1,-,-,-,-,-,-,1,-,-,-,-,-,-,-,-,-,-,-,-,-,-,-,-,-,-,-,-,-,-,-,-,2
1671,Ezekiel Fryers,Crystal Palace,-,-,-,-,-,1,-,0,1,-,0,-,0,-,0,0,0,-,-,-,-,-,-,-,-,-,-,-,-,-,-,-,-,-,-,-,-,-,2
830,Leon Britton,Swansea,0,-,-,-,-,0,0,0,1,-,0,-,-,-,0,0,0,0,0,-,-,-,-,-,-,-,-,-,-,-,-,-,-,1,0,0,0,0,2
945,Marc Wilson,West Bromwich Albion,-,-,-,-,-,-,-,-,-,-,-,-,-,-,-,-,-,-,-,-,-,-,-,-,-,-,-,-,-,-,-,-,-,-,1,0,0,1,2
782,Ben Chilwell,Leicester,-,-,-,-,-,-,-,-,-,-,-,-,-,-,-,-,-,0,0,-,1,-,-,-,0,0,-,1,0,-,0,0,-,-,-,0,0,0,2
728,Lamine Koné,Sunderland,1,-,0,0,0,0,0,-,0,0,0,0,0,0,0,0,0,0,0,-,-,-,0,0,0,0,0,-,0,0,0,0,-,1,0,0,0,-,2
513,Pape Souaré,Crystal Palace,0,0,2,-,-,-,-,-,-,-,-,-,-,-,-,-,-,-,-,-,-,-,-,-,-,-,-,-,-,-,-,-,-,-,-,-,-,-,2
710,Neil Taylor,Swansea,-,-,-,0,-,-,-,0,-,0,-,1,0,0,1,0,0,-,0,0,-,-,-,-,-,-,-,-,-,-,-,-,-,-,-,-,-,-,2
690,Loïc Remy,Crystal Palace,-,-,-,-,-,-,-,-,-,-,-,-,-,-,-,-,-,-,-,-,0,1,-,0,0,-,-,-,-,-,-,-,-,-,1,-,-,-,2
1733,Sam McQueen,Southampton,-,-,-,-,-,-,-,1,0,0,-,-,0,0,0,0,-,-,0,1,-,-,0,-,-,-,-,0,0,0,-,-,-,-,-,-,-,-,2
738,Lee Cattermole,Sunderland,-,-,-,-,0,0,-,-,-,-,-,-,-,-,-,-,-,-,-,-,-,-,-,-,-,-,-,-,-,0,0,0,2,-,-,-,0,0,2
1743,Bruno Martins Indi,Stoke,-,-,-,0,0,0,0,0,0,0,0,0,0,0,0,0,0,0,0,0,0,0,0,0,0,0,0,0,0,0,1,0,0,0,0,0,0,1,2
781,Jeremain Lens,Sunderland,-,2,0,-,-,-,-,-,-,-,-,-,-,-,-,-,-,-,-,-,-,-,-,-,-,-,-,-,-,-,-,-,-,-,-,-,-,-,2
921,Darron Gibson,Sunderland,-,-,-,-,-,-,-,-,-,-,-,-,-,-,-,-,-,-,-,-,-,-,-,0,0,0,0,1,0,1,-,0,0,-,-,0,0,0,2
1039,Jason Denayer,Sunderland,-,-,-,0,0,-,0,-,-,-,0,0,0,0,0,1,1,0,-,-,0,0,0,0,0,-,-,0,0,0,0,0,0,-,0,0,-,-,2
1046,George Honeyman,Sunderland,-,-,-,-,-,-,-,-,-,-,-,-,-,-,-,-,-,-,-,-,-,1,0,-,-,0,-,-,-,-,-,-,-,0,1,-,-,-,2
515,Mile Jedinak,Crystal Palace,2,-,-,-,-,-,-,-,-,-,-,-,-,-,-,-,-,-,-,-,-,-,-,-,-,-,-,-,-,-,-,-,-,-,-,-,-,-,2
756,Leonardo Ulloa,Leicester,0,0,0,0,-,-,0,-,-,0,0,-,-,-,-,1,0,0,0,1,-,-,-,-,-,-,-,-,-,-,0,0,0,0,-,-,-,-,2
530,James Tomkins,Crystal Palace,-,0,-,-,0,0,0,0,0,0,-,0,0,0,-,-,-,-,0,0,0,0,0,0,0,1,0,0,0,-,-,-,1,-,-,-,0,0,2
637,Hugo Lloris,Tottenham,0,-,-,0,0,0,0,0,0,0,0,0,0,0,0,1,0,0,0,0,0,0,-,0,0,0,0,0,0,-,1,0,0,0,0,0,0,0,2
879,Jonathan Leko,West Bromwich Albion,-,0,0,0,-,1,-,-,-,1,-,-,-,-,-,-,0,-,-,-,-,-,-,-,-,-,0,-,-,-,-,-,-,0,-,-,-,0,2
721,Jordi Amat,Swansea,0,0,0,0,1,0,0,0,-,-,-,0,0,0,0,0,1,-,0,-,-,-,-,-,-,-,0,0,-,-,-,-,-,-,-,-,-,-,2
1785,Nampalys Mendy,Leicester,-,0,-,-,-,-,-,-,-,-,-,-,-,-,-,-,-,-,-,0,0,2,-,-,-,-,-,-,-,-,-,-,-,-,-,-,-,-,2
917,John Terry,Chelsea,1,0,0,1,-,-,-,-,-,-,0,-,-,-,-,-,-,-,-,-,-,-,-,-,-,-,-,-,-,-,-,-,0,-,0,-,0,0,2
477,Brad Smith,Bournemouth,-,-,-,-,-,-,-,-,-,-,-,-,0,-,-,-,-,0,-,0,-,-,0,2,-,-,-,-,-,-,-,-,-,-,-,-,-,-,2
803,Ben Foster,West Bromwich Albion,1,0,0,0,0,0,0,0,0,0,0,0,0,0,0,0,0,0,0,0,0,0,0,0,0,0,0,0,0,0,0,0,0,0,0,0,0,1,2
5565,Josh Sims,Southampton,-,-,-,-,-,-,-,-,-,-,-,-,1,0,-,-,-,-,0,-,1,-,0,-,-,-,-,-,-,0,-,-,0,-,-,-,-,-,2
974,Yohan Benalouane,Leicester,-,-,-,-,-,-,-,-,-,-,-,-,-,-,-,-,-,-,-,-,-,-,-,-,-,-,-,0,0,0,0,0,0,0,1,0,1,0,2
490,Jon Flanagan,Burnley,-,-,-,-,-,-,-,-,0,0,1,-,-,0,-,-,-,0,-,-,-,-,-,-,-,-,-,-,-,-,-,-,-,-,0,-,-,-,1
5571,Filip Lesniak,Tottenham,-,-,-,-,-,-,-,-,-,-,-,-,-,-,-,-,-,-,-,-,-,-,-,-,-,-,-,-,-,-,-,-,-,-,-,-,1,-,1
455,Artur Boruc,Bournemouth,0,0,0,0,0,0,0,0,0,0,0,-,-,0,0,0,0,0,0,0,0,0,0,0,0,0,0,0,0,0,0,0,0,0,0,1,0,-,1
1791,Trent Alexander-Arnold,Liverpool,-,-,-,-,-,-,-,-,-,-,-,-,-,-,-,0,-,-,-,-,1,-,-,-,0,-,0,-,-,0,-,0,-,0,-,-,-,-,1
524,Adrian Mariappa,Watford,-,-,-,-,-,-,-,-,-,-,-,-,-,-,-,-,-,-,-,-,-,-,-,-,-,-,-,-,-,0,0,0,-,0,1,0,0,-,1
464,Max Gradel,Bournemouth,0,-,-,0,0,0,-,-,0,-,-,-,-,-,-,-,-,-,-,-,-,-,-,-,-,-,0,-,0,-,0,0,-,-,0,1,-,-,1
467,Lewis Grabban,Bournemouth,1,0,0,-,-,-,-,-,-,-,-,-,-,-,-,-,-,-,-,-,-,-,-,-,-,-,-,-,-,-,-,-,-,-,-,-,-,-,1
518,Yannick Bolasie,Crystal Palace,0,-,-,-,-,-,1,-,-,-,-,-,-,-,-,-,-,-,-,-,-,-,-,-,-,-,-,-,-,-,-,-,-,-,-,-,-,-,1
520,Bakary Sako,Crystal Palace,-,-,-,-,-,-,-,-,-,-,-,0,0,0,-,-,-,-,-,0,-,-,-,-,-,-,-,0,-,1,-,-,-,-,-,-,-,0,1
527,Adrián,West Ham,0,0,0,0,0,0,1,0,0,0,0,-,-,-,-,-,-,-,-,-,-,-,-,-,-,-,-,-,-,-,-,-,-,0,0,0,0,0,1
1745,Josh Tymon,Hull,-,-,-,-,-,-,-,-,-,-,-,0,0,-,-,-,-,-,-,-,-,-,0,0,-,-,-,-,-,-,-,-,-,-,-,-,-,1,1
864,Ibrahim Afellay,Stoke,-,-,-,-,-,-,-,-,-,-,-,-,-,-,-,-,-,0,0,1,0,0,0,0,0,0,0,0,-,-,0,-,-,-,-,-,-,-,1
564,Heurelho Gomes,Watford,0,0,0,0,0,0,0,0,0,0,0,0,0,0,0,0,1,0,0,0,0,0,0,0,0,0,0,0,0,0,0,0,0,0,0,0,0,0,1
920,Matthew Pennington,Everton,-,-,-,-,-,-,-,-,-,-,-,-,-,-,-,-,-,-,-,-,-,-,-,-,-,-,-,-,-,0,1,0,-,-,-,-,-,-,1
1071,Papy Djilobodji,Sunderland,-,0,0,0,0,0,-,0,-,0,0,0,-,0,0,1,0,0,0,0,0,0,-,-,-,-,-,-,-,-,-,-,-,-,-,-,-,-,1
1669,Marko Grujic,Liverpool,-,0,-,-,-,1,-,-,-,-,-,-,-,-,-,-,-,-,-,-,-,-,-,-,-,-,-,-,-,-,-,-,-,0,-,0,0,-,1
650,Kevin Wimmer,Tottenham,-,-,-,-,-,-,-,-,-,-,0,-,1,-,-,-,-,-,0,-,-,0,-,-,-,0,-,-,-,-,-,-,-,-,-,-,-,-,1
1782,Albert Adomah,Middlesbrough,1,0,-,-,-,-,-,-,-,-,-,-,-,-,-,-,-,-,-,-,-,-,-,-,-,-,-,-,-,-,-,-,-,-,-,-,-,-,1
831,Fraser Forster,Southampton,0,0,0,0,0,0,0,1,0,0,0,0,0,0,0,0,0,0,0,0,0,0,0,0,0,0,0,0,0,0,0,0,0,0,0,0,0,0,1
689,Kenedy,Watford,-,-,-,-,-,0,-,-,-,-,-,-,-,-,-,-,-,-,-,-,-,-,-,-,-,-,-,-,-,-,-,-,-,-,-,-,1,-,1
5559,Dion Pereira,Watford,-,-,-,-,-,-,-,-,-,-,-,-,-,-,-,-,-,-,-,-,-,-,-,-,-,-,-,-,-,-,-,-,-,-,1,-,-,0,1
972,Jerome Sinclair,Watford,-,-,-,-,-,-,-,-,-,-,-,-,-,0,-,0,-,0,1,0,-,-,-,-,-,-,-,-,-,-,-,-,-,-,-,-,-,-,1
634,Fraizer Campbell,Crystal Palace,-,-,-,-,-,-,-,-,0,0,-,-,-,-,1,0,0,0,0,0,-,-,-,-,-,-,-,-,-,-,-,-,0,0,0,-,-,0,1
656,Diafra Sakho,West Ham,-,-,-,-,-,-,-,-,-,-,-,0,0,-,-,-,-,-,-,-,-,-,-,-,-,-,-,-,-,-,0,-,-,1,-,-,-,-,1
632,Jordon Mutch,Crystal Palace,-,1,-,-,-,-,-,-,-,-,-,-,-,-,-,-,-,0,0,0,-,-,-,-,-,-,-,-,-,-,-,-,-,-,-,-,-,-,1
1784,Jérémy Pied,Southampton,1,-,-,-,-,-,-,-,-,-,-,-,-,-,-,-,-,-,-,-,-,-,-,-,-,-,-,-,-,-,-,-,-,-,-,0,0,0,1
1055,Aleix García,Manchester City,-,-,-,-,0,-,-,-,-,0,0,-,-,-,-,-,-,-,-,-,-,-,-,-,-,-,-,-,-,-,-,-,-,1,-,-,-,-,1
816,Rickie Lambert,West Bromwich Albion,-,1,-,-,-,-,-,-,-,-,-,-,-,-,-,-,-,-,-,-,-,-,-,-,-,-,-,-,-,-,-,-,-,-,-,-,-,-,1
601,Arouna Koné,Everton,1,-,0,0,-,-,-,-,-,-,-,-,-,-,-,-,-,-,-,-,-,-,-,-,-,-,-,-,-,-,-,-,-,-,0,-,0,0,1
1024,Tyrone Mings,Bournemouth,-,-,-,-,-,-,-,-,-,-,-,-,-,-,-,0,-,-,-,-,1,0,-,0,0,0,0,-,-,-,-,-,-,-,-,-,-,-,1
583,Adlène Guédioura,Middlesbrough,-,-,-,-,-,-,-,-,-,-,-,-,-,-,-,-,-,-,-,-,-,-,-,0,1,0,0,-,-,0,-,-,-,-,-,-,-,-,1
584,Joel Robles,Everton,-,-,-,-,-,-,-,-,-,0,-,-,-,-,-,-,0,1,0,0,0,0,0,0,0,0,0,0,0,0,0,0,0,-,-,-,0,0,1
579,Nathan Aké,Chelsea,-,-,-,-,-,-,-,-,-,-,-,-,-,-,-,-,-,-,-,-,-,-,-,-,-,-,-,-,-,-,-,-,-,0,-,-,1,-,1
5597,Josh Harrop,Manchester United,-,-,-,-,-,-,-,-,-,-,-,-,-,-,-,-,-,-,-,-,-,-,-,-,-,-,-,-,-,-,-,-,-,-,-,-,-,1,1
689,Kenedy,Chelsea,-,-,-,-,-,-,-,-,-,-,-,-,-,-,-,-,-,-,-,-,-,-,-,-,-,-,-,-,-,-,-,-,-,-,-,-,1,-,1
909,Brendan Galloway,West Bromwich Albion,-,-,1,0,0,-,-,-,-,-,-,-,-,-,-,-,-,-,-,-,-,-,-,-,-,-,-,-,-,-,-,-,-,-,-,-,-,-,1
822,Patrick Bamford,Middlesbrough,-,-,-,-,-,-,-,-,-,-,-,-,-,-,-,-,-,-,-,-,-,0,0,0,-,-,-,-,-,0,0,-,-,-,-,0,1,0,1
5548,Andrew Eleftheriou,Watford,-,-,-,-,-,-,-,-,-,-,-,-,-,-,-,-,-,-,-,-,-,-,-,-,-,-,-,-,-,-,-,-,-,-,-,-,-,1,1
877,Samir Nasri,Manchester City,-,-,1,-,-,-,-,-,-,-,-,-,-,-,-,-,-,-,-,-,-,-,-,-,-,-,-,-,-,-,-,-,-,-,-,-,-,-,1
1777,Julien Ngoy,Stoke,-,-,-,-,-,-,-,-,-,-,-,-,-,-,0,-,-,-,-,-,0,1,0,0,-,-,-,-,-,-,-,-,-,-,-,-,-,-,1
934,Axel Tuanzebe,Manchester United,-,-,-,-,-,-,-,-,-,-,-,-,-,-,-,-,-,-,-,-,-,-,-,-,-,-,-,-,-,-,-,-,-,-,0,0,0,1,1
232,Jan Kirchhoff,Sunderland,-,-,-,0,0,1,0,-,-,-,-,-,-,0,0,0,-,-,-,-,-,-,-,-,-,-,-,-,-,-,-,-,-,-,-,-,-,-,1
895,Mathieu Flamini,Crystal Palace,-,-,-,0,1,-,-,-,-,-,-,-,-,0,-,0,-,0,0,-,-,-,0,-,-,-,-,-,-,0,0,-,-,-,-,0,-,-,1
1739,Eric Bailly,Manchester United,0,0,0,0,0,0,0,0,0,-,-,-,-,-,0,0,-,-,1,-,-,-,-,0,0,-,0,0,0,0,0,0,0,0,-,0,0,0,1
5560,Scott McTominay,Manchester United,-,-,-,-,-,-,-,-,-,-,-,-,-,-,-,-,-,-,-,-,-,-,-,-,-,-,-,-,-,-,-,-,-,-,0,-,-,1,1
1678,Michy Batshuayi,Chelsea,1,0,0,0,-,0,-,-,0,0,0,-,-,0,-,-,0,0,-,0,0,0,0,-,0,-,-,-,0,-,-,-,-,-,-,0,0,0,1
729,John O&#039;Shea,Sunderland,0,0,-,-,-,-,0,0,0,0,-,0,0,-,-,0,0,-,0,0,0,0,0,0,0,0,0,0,0,-,-,0,0,0,1,0,0,0,1
935,Kurt Zouma,Chelsea,-,-,-,-,-,-,-,-,-,-,-,-,-,-,-,-,-,-,-,-,-,-,-,0,-,0,0,0,-,0,0,0,-,-,-,0,1,-,1
1670,Steve Mandanda,Crystal Palace,-,-,0,0,0,0,0,0,0,0,0,-,-,-,-,-,-,-,-,-,-,-,-,-,-,-,-,-,-,-,-,-,-,-,-,-,-,-,0
1070,Sullay Kaikai,Crystal Palace,-,-,-,-,-,-,-,-,-,-,-,-,-,-,-,-,-,-,-,-,-,-,-,-,-,-,-,-,-,-,-,-,-,-,-,-,-,0,0
1776,Jarrod Bowen,Hull,-,-,-,-,-,-,-,-,-,0,-,0,-,0,-,0,0,-,-,-,-,-,-,-,-,-,-,-,-,-,-,-,-,-,-,-,0,0,0
1668,Michael Kightly,Burnley,-,-,-,-,-,0,-,0,0,-,-,-,-,0,-,-,0,-,-,-,-,-,-,-,-,-,-,-,-,-,-,-,-,-,-,-,-,-,0
519,Connor Wickham,Crystal Palace,0,0,0,-,-,0,-,0,-,-,0,0,0,-,-,-,-,-,-,-,-,-,-,-,-,-,-,-,-,-,-,-,-,-,-,-,-,-,0
1718,Daniel Ayala,Middlesbrough,-,0,0,0,0,-,-,0,0,-,-,-,-,-,-,-,-,-,-,-,-,-,-,-,-,0,0,-,-,0,0,0,0,0,-,-,-,0,0
1753,David Nugent,Middlesbrough,0,0,0,-,0,-,-,-,-,-,-,-,-,-,-,-,-,-,-,-,-,-,-,-,-,-,-,-,-,-,-,-,-,-,-,-,-,-,0
4441,Matthew James,Leicester,-,-,-,-,-,-,-,-,-,-,-,-,-,-,0,-,-,-,-,-,-,-,-,-,-,-,-,-,-,-,-,-,-,-,-,-,-,-,0
1716,Bernardo,Middlesbrough,-,-,-,-,-,-,-,-,-,-,-,-,-,-,-,-,-,-,0,-,0,0,0,0,0,0,0,0,0,-,0,-,-,-,-,-,-,-,0
745,Kasper Schmeichel,Leicester,0,0,0,0,-,-,0,0,0,0,-,-,-,-,-,-,0,0,0,0,0,0,0,0,0,0,0,0,0,0,0,0,0,0,0,0,0,0,0
91,Ron-Robert Zieler,Leicester,-,-,0,-,0,0,-,-,-,-,0,0,0,0,0,0,-,-,-,-,-,-,-,-,-,-,-,-,-,-,-,-,-,-,-,-,-,-,0
805,Jonas Olsson,West Bromwich Albion,0,0,-,-,-,-,-,-,0,0,-,-,-,-,-,0,0,-,-,-,0,-,-,-,-,-,-,-,-,-,-,-,-,-,-,-,-,-,0
811,Saido Berahino,West Bromwich Albion,0,0,0,0,-,-,-,-,-,-,-,-,-,-,-,-,-,-,-,-,-,-,-,0,-,-,-,-,-,-,-,-,-,-,-,-,-,-,0
1705,Víctor Valdés,Middlesbrough,0,-,-,0,0,0,0,0,0,0,0,0,0,0,0,0,0,0,0,-,0,0,0,0,0,0,0,0,0,0,0,-,-,-,-,-,-,-,0
662,Brad Guzan,Middlesbrough,-,0,0,-,-,-,-,-,-,-,-,-,-,-,-,-,-,-,-,0,-,-,-,-,-,-,-,-,-,-,-,0,0,0,0,0,0,0,0
664,Joleon Lescott,Sunderland,-,-,-,-,-,-,-,-,-,-,-,-,-,-,-,-,-,-,-,-,-,-,-,0,-,-,-,-,-,-,-,-,-,-,-,-,-,0,0
1754,Joel Asoro,Sunderland,-,0,-,-,-,-,-,-,-,-,-,-,-,-,-,-,-,-,-,-,-,-,-,-,-,-,-,-,-,-,-,-,-,-,-,-,-,-,0
726,Vito Mannone,Sunderland,0,0,-,-,-,-,-,-,-,-,-,-,-,-,-,-,-,-,0,0,0,0,0,0,0,-,-,-,-,-,-,-,-,-,-,-,-,-,0
5563,Daniel Agyei,Burnley,-,-,-,-,-,-,-,-,-,-,-,-,-,-,-,-,-,-,-,-,-,-,-,-,-,-,-,0,-,-,-,-,0,0,-,-,-,-,0
1787,David Jones,Burnley,0,-,-,-,-,-,-,-,-,-,-,-,-,-,-,-,-,-,-,-,-,-,-,-,-,-,-,-,-,-,-,-,-,-,-,-,-,-,0
1747,Kevin Long,Burnley,-,-,-,-,-,-,-,-,-,-,-,-,-,-,-,-,-,-,-,-,-,-,-,-,-,-,-,-,-,-,-,-,-,-,-,0,0,0,0
1667,Paul Robinson,Burnley,-,-,-,-,-,-,-,-,-,-,-,-,0,0,-,-,-,-,-,-,-,-,-,-,-,-,0,-,-,-,-,-,-,-,-,-,-,-,0
736,Younes Kaboul,Sunderland,0,-,-,-,-,-,-,-,-,-,-,-,-,-,-,-,0,-,-,-,-,-,-,-,-,-,-,-,0,-,-,-,-,-,-,-,-,-,0
1664,Lukas Jutkiewicz,Burnley,0,0,-,-,-,-,-,-,-,-,-,-,-,-,-,-,-,-,-,-,-,-,-,-,-,-,-,-,-,-,-,-,-,-,-,-,-,-,0
1662,Aiden O&#039;Neill,Burnley,-,0,0,-,-,-,-,0,-,-,-,-,-,-,-,-,-,-,-,-,-,-,-,-,-,-,-,-,-,-,-,-,-,-,-,-,-,-,0
822,Patrick Bamford,Burnley,-,-,-,0,0,-,-,0,0,-,-,-,-,-,-,0,-,-,-,0,-,-,-,-,-,-,-,-,-,-,-,0,-,-,-,-,-,-,0
1697,Eldin Jakupovic,Hull,0,0,0,0,0,-,-,-,-,-,-,-,-,-,-,-,-,-,-,-,0,0,0,0,0,0,0,0,0,0,0,0,0,0,0,0,0,-,0
5557,Ben Woodburn,Liverpool,-,-,-,-,-,-,-,-,-,-,-,-,0,-,-,-,-,-,-,-,-,-,-,-,-,0,-,0,-,-,-,0,-,-,-,-,0,-,0
1765,Jonathan Benteke,Crystal Palace,-,-,-,0,-,-,-,-,-,-,-,-,-,-,-,-,-,-,-,-,-,-,-,-,-,-,-,-,-,-,-,-,-,-,-,-,-,-,0
1684,David Marshall,Hull,-,-,-,-,-,0,0,0,0,0,0,0,0,0,0,0,0,0,0,0,-,-,-,-,-,-,-,-,-,-,-,-,-,-,-,-,-,0,0
5598,Angel Gomes,Manchester United,-,-,-,-,-,-,-,-,-,-,-,-,-,-,-,-,-,-,-,-,-,-,-,-,-,-,-,-,-,-,-,-,-,-,-,-,-,0,0
5575,Joel Pereira,Manchester United,-,-,-,-,-,-,-,-,-,-,-,-,-,-,-,-,-,-,-,-,-,-,-,-,-,-,-,-,-,-,-,-,-,-,-,-,-,0,0
4401,Emiliano Martinez,Arsenal,-,-,-,-,-,-,-,-,-,-,-,-,-,-,-,-,-,-,-,-,-,-,-,-,-,-,-,-,0,0,-,-,-,-,-,-,-,-,0
1702,Mike van der Hoorn,Swansea,-,-,-,-,-,0,0,-,0,0,0,-,-,0,-,-,-,0,-,-,-,-,-,-,-,-,-,-,-,-,-,-,-,0,-,-,-,-,0
706,Lukasz Fabianski,Swansea,0,0,0,0,0,0,0,0,0,0,0,0,0,0,0,0,0,0,0,0,0,0,0,0,0,0,0,0,0,0,0,0,0,0,0,0,0,-,0
560,Sergio Romero,Manchester United,-,-,-,-,-,-,-,-,-,-,-,-,-,-,-,-,-,-,-,-,-,-,-,-,-,-,-,-,-,0,-,-,-,-,-,-,0,-,0
722,Kristoffer Nordfeldt,Swansea,-,-,-,-,-,-,-,-,-,-,-,-,-,-,-,-,-,-,-,-,-,-,-,-,-,-,-,-,-,-,-,-,-,-,-,-,-,0,0
555,Memphis Depay,Manchester United,0,-,-,-,0,-,0,-,-,0,-,-,-,-,-,-,-,-,-,-,-,-,-,-,-,-,-,-,-,-,-,-,-,-,-,-,-,-,0
551,Morgan Schneiderlin,Manchester United,0,-,-,-,-,-,-,-,-,-,0,0,-,-,-,-,-,-,-,-,-,-,-,-,-,-,-,-,-,-,-,-,-,-,-,-,-,-,0
549,Timothy Fosu-Mensah,Manchester United,-,-,-,-,-,-,-,-,-,-,0,-,-,-,-,-,-,-,-,-,-,-,-,-,-,-,-,-,-,-,0,-,0,-,-,-,-,0,0
546,David de Gea,Manchester United,0,0,0,0,0,0,0,0,0,0,0,0,0,0,0,0,0,0,0,0,0,0,0,0,0,0,0,0,0,-,0,0,0,0,0,0,-,-,0
760,Marcin Wasilewski,Leicester,-,-,-,-,-,-,-,-,-,-,-,-,-,-,-,-,-,0,-,-,-,-,-,-,-,-,-,-,-,-,-,-,-,-,-,-,-,-,0
1050,Ryan Allsop,Bournemouth,-,-,-,-,-,-,-,-,-,-,-,-,-,-,-,-,-,-,-,-,-,-,-,-,-,-,-,-,-,-,-,-,-,-,-,-,-,0,0
976,Baily Cargill,Bournemouth,-,-,-,-,-,-,-,-,-,-,-,-,-,-,-,-,-,-,-,-,-,-,-,-,-,-,0,-,-,-,-,-,-,-,-,-,-,-,0
856,Jack Butland,Stoke,-,-,-,-,-,-,-,-,-,-,-,-,-,-,-,-,-,-,-,-,-,-,-,-,-,-,-,-,-,-,-,-,-,0,0,0,0,0,0
858,Philipp Wollscheid,Stoke,0,0,-,-,-,-,-,-,-,-,-,-,-,-,-,-,-,-,-,-,-,-,-,-,-,-,-,-,-,-,-,-,-,-,-,-,-,-,0
889,Shay Given,Stoke,0,0,0,0,0,-,-,-,-,-,-,-,-,-,-,-,-,-,-,-,-,-,-,-,-,-,-,-,-,-,-,-,-,-,-,-,-,-,0
846,Maarten Stekelenburg,Everton,0,0,0,0,0,0,0,0,0,-,0,0,0,0,0,0,0,-,-,-,-,-,-,-,-,-,-,-,-,-,-,-,-,0,0,0,-,-,0
1742,Lee Grant,Stoke,-,-,-,-,-,0,0,0,0,0,0,0,0,0,0,0,0,0,0,0,0,0,0,0,0,0,0,0,0,0,0,0,0,-,-,-,-,-,0
1731,Claudio Bravo,Manchester City,-,-,-,0,0,0,0,0,0,0,0,0,0,0,0,0,0,0,0,0,0,0,-,-,-,-,-,-,-,-,0,0,0,-,-,-,-,-,0
624,Willy Caballero,Manchester City,0,0,0,-,-,-,-,-,-,-,-,-,-,-,-,-,-,-,-,-,-,-,0,0,0,0,0,0,0,0,-,-,0,0,0,0,0,0,0
469,Adam Federici,Bournemouth,-,-,-,-,-,-,-,-,-,-,-,0,0,-,-,-,-,-,-,-,-,-,-,-,-,-,-,-,-,-,-,-,-,-,-,-,-,-,0
37,Loris Karius,Liverpool,-,-,-,-,-,0,0,0,0,0,0,0,0,0,0,-,-,-,-,-,-,-,-,-,-,-,-,-,-,-,-,-,-,-,-,-,-,-,0
479,Kevin Stewart,Liverpool,0,-,0,0,0,-,-,-,-,-,-,-,-,-,-,-,-,-,-,-,-,-,-,-,-,-,-,-,-,-,-,-,-,-,-,-,-,-,0
487,Simon Mignolet,Liverpool,0,0,0,0,0,-,-,-,-,-,-,-,-,-,-,0,0,0,0,0,0,0,0,0,0,0,0,0,0,0,0,0,0,0,0,0,0,0,0
1084,Jonjoe Kenny,Everton,-,-,-,-,-,-,-,-,-,-,-,-,-,-,-,-,-,-,-,-,-,-,-,-,-,-,-,-,-,-,-,-,-,-,-,0,-,-,0
1762,Ovie Ejaria,Liverpool,-,-,-,-,-,-,-,-,-,-,0,-,-,-,-,0,-,-,-,-,-,-,-,-,-,-,-,-,-,-,-,-,-,-,-,-,-,-,0
5556,Ademola Lookman,Everton,-,-,-,-,-,-,-,-,-,-,-,-,-,-,-,-,-,-,-,-,0,0,0,0,0,0,-,-,-,-,-,-,0,0,-,-,-,-,0
5555,Dominic Calvert-Lewin,Everton,-,-,-,-,-,-,-,-,-,-,-,-,-,-,-,0,0,-,0,0,-,-,-,-,-,-,-,0,0,0,0,-,-,0,0,0,-,-,0
1750,Ainsley Maitland-Niles,Arsenal,-,-,-,-,-,-,-,-,-,0,-,-,-,-,-,-,-,-,-,-,-,-,-,-,-,-,-,-,-,-,-,-,-,-,-,-,-,-,0
580,Costel Pantilimon,Watford,-,-,-,-,-,-,-,-,-,-,0,-,-,-,-,-,-,-,-,-,0,-,-,-,-,-,-,-,-,-,-,-,-,-,-,-,-,-,0
1942,Martín Cáceres,Southampton,-,-,-,-,-,-,-,-,-,-,-,-,-,-,-,-,-,-,-,-,-,-,-,-,-,-,-,-,-,-,-,-,-,-,-,0,-,-,0
680,Thibaut Courtois,Chelsea,0,0,0,0,0,0,0,0,0,0,0,0,0,0,0,0,0,0,0,0,0,0,0,0,0,0,0,0,0,0,0,-,0,0,0,0,-,0,0
688,Ruben Loftus-Cheek,Chelsea,-,-,-,-,-,-,-,0,-,-,-,-,-,-,-,-,-,-,-,-,0,-,-,-,-,-,-,0,0,0,-,0,-,-,-,-,-,-,0
694,Asmir Begovic,Chelsea,-,-,-,-,-,-,-,-,-,-,-,-,-,-,-,-,-,-,-,-,-,-,-,-,-,-,-,-,-,-,-,0,-,-,-,-,0,-,0
725,Ola Aina,Chelsea,-,-,-,-,-,-,-,0,-,-,-,-,-,-,-,-,-,0,-,-,-,-,-,-,-,-,-,-,-,-,-,-,-,-,-,-,0,-,0
910,Harrison Reed,Southampton,-,-,-,-,-,-,-,-,-,-,-,0,-,-,-,-,0,-,-,-,-,-,-,-,-,-,-,-,-,0,-,-,-,-,-,-,-,-,0
539,Enner Valencia,West Ham,0,0,0,-,-,-,-,-,-,-,-,-,-,-,-,-,-,-,-,-,-,-,-,-,-,-,-,-,-,-,-,-,-,-,-,-,-,-,0
540,Darren Randolph,West Ham,-,-,-,-,-,-,-,-,-,-,-,0,0,0,0,0,0,0,0,0,0,0,0,0,0,0,0,0,0,0,0,0,0,-,-,-,-,-,0
5586,Michael Folivi,Watford,-,-,-,-,-,-,-,-,-,-,-,-,-,-,-,-,-,-,-,0,-,-,-,-,-,-,-,-,-,-,-,-,-,-,-,-,-,-,0
5558,Brandon Mason,Watford,-,-,-,-,-,-,-,-,-,-,-,-,-,-,-,-,-,-,0,-,-,-,-,-,-,-,-,-,-,-,-,-,-,-,-,-,-,0,0
1017,Matej Vydra,Watford,-,0,-,-,-,-,-,-,-,-,-,-,-,-,-,-,-,-,-,-,-,-,-,-,-,-,-,-,-,-,-,-,-,-,-,-,-,-,0
5553,Declan Rice,West Ham,-,-,-,-,-,-,-,-,-,-,-,-,-,-,-,-,-,-,-,-,-,-,-,-,-,-,-,-,-,-,-,-,-,-,-,-,-,0,0
577,Ikechi Anya,Watford,0,-,-,-,-,-,-,-,-,-,-,-,-,-,-,-,-,-,-,-,-,-,-,-,-,-,-,-,-,-,-,-,-,-,-,-,-,-,0
1036,Jack Wilshere,Arsenal,-,0,0,-,-,-,-,-,-,-,-,-,-,-,-,-,-,-,-,-,-,-,-,-,-,-,-,-,-,-,-,-,-,-,-,-,-,-,0
651,Michel Vorm,Tottenham,0,0,0,-,-,-,-,-,-,-,-,-,-,-,-,-,-,-,-,-,-,-,0,-,-,-,-,-,-,0,-,-,-,-,-,-,-,-,0
571,Ben Watson,Watford,0,-,-,-,-,-,-,0,-,-,0,-,-,-,0,-,-,-,-,-,-,-,-,-,-,-,-,-,-,-,-,-,-,-,-,-,-,-,0
653,Tom Carroll,Tottenham,-,0,-,-,-,-,-,-,-,-,-,-,-,-,-,-,-,-,-,-,-,-,-,-,-,-,-,-,-,0,-,-,-,-,-,-,-,-,0
661,Josh Onomah,Tottenham,-,0,0,-,-,-,-,-,-,-,-,-,-,0,-,0,-,-,-,-,-,-,-,-,-,-,-,-,-,-,0,-,-,-,-,-,-,-,0
1729,Georges-Kévin Nkoudou,Tottenham,-,-,-,-,-,0,0,-,-,0,-,-,0,-,0,-,-,-,-,-,-,-,-,-,-,-,-,-,-,0,-,-,-,-,-,0,0,-,0
5601,Matt Worthington,Bournemouth,-,-,-,-,-,-,-,-,-,-,-,-,-,-,-,-,-,-,-,-,-,-,-,-,-,-,-,-,-,-,-,-,-,-,-,-,-,0,0
508,Calum Chambers,Arsenal,0,-,-,-,-,-,-,-,-,-,-,-,-,-,-,-,-,-,-,-,-,-,-,-,-,-,-,-,-,-,-,-,-,-,-,-,-,-,0
491,Petr Cech,Arsenal,0,0,0,0,0,0,0,0,0,0,0,0,0,0,0,0,0,0,0,0,0,0,0,0,0,0,0,-,-,-,0,0,0,0,0,0,0,0,0
505,David Ospina,Arsenal,-,-,-,-,-,-,-,-,-,-,-,-,-,-,-,-,-,-,-,-,-,-,-,-,-,-,0,0,-,-,-,-,-,-,-,-,-,-,0
507,Per Mertesacker,Arsenal,-,-,-,-,-,-,-,-,-,-,-,-,-,-,-,-,-,-,-,-,-,-,-,-,-,-,-,-,-,-,-,-,-,-,-,-,-,0,0
938,Carl Jenkinson,Arsenal,-,-,-,-,-,-,-,-,-,-,-,0,-,-,-,-,-,-,-,-,-,-,-,-,-,-,-,-,-,-,-,-,-,-,-,-,-,-,0
967,Mathieu Debuchy,Arsenal,-,-,-,-,-,-,-,-,-,-,-,-,0,-,-,-,-,-,-,-,-,-,-,-,-,-,-,-,-,-,-,-,-,-,-,-,-,-,0
5576,James Husband,Middlesbrough,-,-,-,-,-,-,-,-,-,-,-,-,-,-,-,-,-,-,-,-,-,-,-,-,-,-,-,-,-,0,-,-,-,-,-,-,-,-,0
