id,name,team,1,2,3,4,5,6,7,8,9,10,11,12,13,14,15,16,17,18,19,20,21,22,23,24,25,26,27,28,29,30,total
6769,Yuri Dyupin,Rubin Kazan,90,90,90,90,90,90,90,90,90,90,90,90,90,90,90,90,90,90,90,90,90,90,90,90,90,90,90,90,90,90,2700
2876,Igor Akinfeev,CSKA Moscow,90,90,90,90,90,90,90,90,90,90,90,90,90,90,90,90,90,90,90,90,90,90,90,90,90,90,90,90,90,90,2700
2852,Andrey Semenov,FK Akhmat,90,90,90,90,90,90,90,90,90,90,90,90,90,90,90,90,90,90,90,90,90,90,90,90,90,90,90,90,90,90,2700
6276,Nikola Vlasic,CSKA Moscow,90,90,90,90,90,90,90,90,90,90,69,90,90,90,90,87,90,90,90,90,81,90,90,90,90,90,83,90,90,90,2660
4631,Maksim Belyaev,Arsenal Tula,90,90,90,90,90,90,90,90,90,90,90,90,90,90,90,90,90,90,90,90,90,90,90,-,90,90,90,90,90,90,2610
2898,Giorgi Shelia,FC Tambov,90,90,90,90,90,90,90,90,90,90,90,90,90,90,90,90,90,90,90,90,90,90,90,90,90,90,90,90,-,90,2610
5469,Evgeniy Chernov,FC Rostov,90,90,90,90,90,90,90,90,90,90,90,90,90,90,90,90,90,90,90,90,90,90,-,90,90,90,90,90,90,90,2610
3081,Aleksandr Maksimenko,Spartak Moscow,90,90,90,90,90,90,90,90,90,90,90,-,90,90,90,90,90,90,90,90,90,90,90,90,90,90,90,90,90,90,2610
2896,Mario Fernandes,CSKA Moscow,90,90,90,90,90,90,90,90,90,90,90,90,90,90,90,90,90,90,90,90,90,90,86,90,90,-,90,90,90,90,2606
6024,Ismael,FK Akhmat,90,90,90,90,90,90,90,89,90,90,77,90,90,83,90,90,90,90,90,16,88,-,90,90,90,90,90,90,90,90,2513
5454,Fedor Chalov,CSKA Moscow,90,90,90,90,90,90,90,90,90,90,90,90,64,90,79,90,90,90,90,90,14,57,90,74,69,81,73,80,90,84,2475
5442,Ivan Oblyakov,CSKA Moscow,90,90,90,90,90,90,90,78,90,-,90,90,90,90,90,90,90,90,87,79,76,-,90,90,90,90,90,90,90,83,2473
3090,Igor Konovalov,Rubin Kazan,90,90,90,90,90,90,90,90,90,90,90,90,90,90,90,-,90,90,90,90,90,88,26,28,89,82,83,90,90,90,2466
2789,Denys Kulakov,Ural,90,90,90,90,90,90,90,90,90,90,90,90,90,90,90,90,90,90,90,90,90,90,90,90,-,90,90,68,50,-,2458
5286,Douglas Santos,Zenit St. Petersburg,90,90,90,90,90,90,90,90,90,90,90,90,90,90,90,90,90,90,90,90,68,90,90,90,90,90,45,90,-,-,2453
2899,Aleksandr Sukhov,FC Ufa,90,90,90,90,90,90,90,90,90,90,90,90,90,90,90,90,90,90,90,90,-,90,90,90,86,49,66,90,90,-,2451
5940,Sergey Terekhov,FC Orenburg,90,90,90,90,90,90,90,90,90,90,90,90,90,90,90,90,90,90,90,90,90,90,-,-,-,90,90,90,90,90,2430
5536,Daniil Fomin,FC Ufa,90,90,90,90,90,90,90,90,90,90,90,90,90,-,90,90,90,90,90,90,90,90,90,90,90,90,90,90,-,-,2430
2834,Giorgi Jikia,Spartak Moscow,90,90,90,90,84,90,90,90,90,-,90,90,-,90,90,90,90,90,90,90,90,90,90,-,90,90,90,90,90,90,2424
7447,Yaroslav Rakitskiy,Zenit St. Petersburg,90,90,90,90,90,90,90,90,90,90,90,-,90,90,90,90,90,90,90,90,90,81,90,90,90,90,90,-,90,-,2421
3924,Hördur Bjorgvin Magnusson,CSKA Moscow,90,90,90,90,90,90,90,90,90,-,90,-,90,90,90,90,90,90,90,90,90,90,42,90,90,90,90,90,90,-,2382
5954,Eldor Shomurodov,FC Rostov,83,90,86,90,90,90,90,90,78,90,87,90,79,90,90,90,90,90,74,90,90,90,-,55,64,-,86,70,90,90,2382
2705,Vedran Corluka,Lokomotiv Moscow,90,90,90,86,90,90,90,90,90,90,90,90,90,90,90,-,46,90,90,90,74,-,90,84,90,90,90,90,90,-,2360
5480,Matvey Safonov,FC Krasnodar,90,90,90,90,90,-,90,90,90,90,90,90,90,90,90,90,90,90,90,90,90,90,-,90,90,90,90,90,16,-,2356
2920,Sergei Petrov,FC Krasnodar,59,90,90,80,90,48,90,90,90,90,90,90,90,90,90,90,90,90,90,90,90,90,-,90,90,-,90,85,-,90,2342
2724,Aleksandr Belenov,FC Ufa,-,-,90,90,90,90,90,90,90,90,90,90,90,90,90,90,90,90,90,90,90,90,90,90,90,90,90,90,-,-,2340
6773,Samuel Gigot,Spartak Moscow,90,90,90,90,90,90,90,90,90,90,-,-,90,90,90,90,90,90,-,90,83,90,90,90,90,90,-,90,90,90,2333
7475,Ayrton Lucas,Spartak Moscow,90,90,90,90,90,90,90,90,90,90,47,-,90,90,90,90,90,56,-,90,90,90,81,-,90,90,90,90,62,90,2316
3063,Artem Dzyuba,Zenit St. Petersburg,90,23,80,90,90,90,90,90,90,90,90,90,90,26,90,90,90,90,75,-,90,90,90,90,90,90,90,-,90,41,2315
6910,Igor Diveev,CSKA Moscow,-,90,90,46,-,90,90,90,90,90,90,90,90,90,90,90,90,90,90,-,90,90,90,90,90,90,90,-,90,90,2296
5425,Ade,FC Tambov,90,90,90,90,90,90,90,90,90,90,90,90,-,90,90,87,90,90,88,90,90,47,90,88,-,90,-,83,-,90,2283
2414,Grzegorz Krychowiak,Lokomotiv Moscow,90,90,90,90,90,90,90,90,90,70,90,-,-,90,90,49,90,90,90,90,90,90,90,90,90,90,-,90,90,-,2279
2711,Aleksey Miranchuk,Lokomotiv Moscow,90,90,90,90,85,90,17,29,-,-,-,71,90,90,90,90,90,90,90,90,90,90,90,90,90,90,90,90,90,90,2272
2849,Evgeni Gorodov,FK Akhmat,90,90,90,90,90,-,-,-,-,90,90,90,90,90,90,90,90,90,90,90,90,90,90,90,90,90,90,90,90,-,2250
6797,Filip Uremovic,Rubin Kazan,90,90,90,90,90,90,-,90,90,90,90,90,90,90,90,90,90,90,-,-,-,90,90,90,90,-,90,90,90,90,2250
2871,Yaroslav Godzyur,Ural,90,90,90,90,90,90,90,90,-,90,-,-,90,90,90,90,90,90,90,90,90,90,90,90,-,90,90,-,90,90,2250
7633,Rafal Augustyniak,Ural,90,90,90,90,90,90,90,90,90,90,90,90,90,90,90,90,90,90,90,17,13,90,4,27,-,29,90,90,90,90,2250
5495,Jimmy Tabidze,FC Ufa,90,90,90,90,90,90,88,90,90,90,90,90,90,90,-,73,-,-,-,90,90,90,90,90,90,90,90,-,90,90,2231
7448,Wilmar Barrios,Zenit St. Petersburg,16,90,90,90,90,90,90,90,90,81,90,-,90,90,90,90,90,90,82,90,90,-,90,90,90,90,90,-,70,-,2229
682,Branislav Ivanovic,Zenit St. Petersburg,90,90,90,90,90,90,90,90,90,90,90,90,90,90,90,90,90,90,62,90,-,90,90,90,90,90,-,-,-,-,2222
2857,Oleg Ivanov,FK Akhmat,90,90,90,74,-,83,90,90,90,90,90,90,90,67,25,-,90,90,90,43,90,-,90,90,81,74,90,90,64,90,2221
2990,Ibrahim Tsallagov,PFC Sochi,90,90,86,90,90,90,90,90,90,-,90,90,80,77,90,90,90,15,90,90,72,90,-,90,86,90,90,90,-,-,2216
3131,Zelimkhan Bakaev,Spartak Moscow,90,89,90,90,69,90,27,88,90,90,90,-,90,87,-,85,90,90,90,72,90,77,67,65,90,83,80,-,74,77,2210
3035,Evgeni Lutsenko,Arsenal Tula,-,27,90,85,90,86,90,90,90,57,14,48,83,21,87,-,90,84,88,90,90,90,90,90,90,74,90,90,90,90,2194
2968,Magomed Ozdoev,Zenit St. Petersburg,90,90,90,90,90,90,90,90,-,90,90,90,79,90,90,90,90,51,-,90,78,74,90,90,90,50,-,90,62,-,2194
5477,Cristian Ramírez,FC Krasnodar,31,90,90,90,1,90,-,90,90,-,90,90,-,90,90,90,90,90,90,90,90,90,-,90,80,88,90,90,90,90,2180
2750,Roman Zobnin,Spartak Moscow,90,90,90,90,90,90,90,90,90,90,90,-,-,15,90,90,90,90,90,90,90,-,87,90,78,-,-,90,90,90,2160
3021,Aleksei Kozlov,FC Rostov,76,90,90,90,90,90,90,90,90,90,90,90,90,90,90,90,90,90,90,90,90,90,-,90,-,-,-,-,-,90,2146
2751,Aleksey Ionov,FC Rostov,90,90,90,62,73,90,90,89,90,90,82,88,66,76,90,90,90,84,90,-,-,-,-,90,90,89,90,86,90,-,2145
5441,Catalin Carp,FC Ufa,73,86,90,90,90,90,90,90,90,90,90,90,90,90,-,90,90,90,90,-,90,90,90,90,90,-,-,-,-,90,2139
2774,Sardar Azmoun,Zenit St. Petersburg,88,85,71,90,90,90,90,81,77,-,63,84,90,90,90,90,88,65,90,19,43,90,76,86,67,70,24,-,90,41,2118
5483,Eric Bicfalvi,Ural,90,-,90,90,90,90,90,57,-,20,44,90,90,77,90,63,-,90,90,90,90,90,90,83,-,90,81,60,90,90,2105
2703,Guilherme,Lokomotiv Moscow,90,90,90,90,90,90,90,90,90,90,90,90,90,90,90,90,90,-,-,90,90,90,90,90,32,-,-,-,90,-,2102
7680,Andrey Mostovoy,PFC Sochi,-,-,90,90,62,79,55,74,77,73,80,61,90,90,90,90,90,90,90,90,90,90,90,90,90,90,-,90,-,-,2091
5443,Guram Tetrashvili,FC Tambov,90,90,90,90,90,90,90,90,90,90,90,-,90,90,90,90,90,90,87,90,90,90,35,-,-,-,90,48,-,15,2075
2721,Dimitri Barinov,Lokomotiv Moscow,90,90,90,90,90,90,90,90,90,90,90,90,-,90,90,-,90,-,90,90,-,90,90,90,90,-,-,-,90,90,2070
3160,Nikita Chernov,Krylya Sovetov Samara,-,-,-,90,90,90,90,90,90,90,90,90,90,90,90,-,90,90,90,90,90,90,90,90,-,90,90,-,90,-,2070
2111,Víctor Álvarez,Arsenal Tula,90,90,90,90,90,90,90,90,14,-,90,90,90,90,-,90,90,90,90,90,90,90,89,80,75,90,-,-,-,-,2058
6792,Georgi Kostadinov,Arsenal Tula,90,19,74,90,90,62,-,-,90,90,90,90,-,90,90,90,90,90,90,90,-,90,90,90,90,90,78,86,-,-,2029
5423,Andrey Malykh,FC Orenburg,90,90,48,-,-,-,86,90,-,90,90,90,90,90,90,90,90,90,90,90,90,90,88,-,-,-,90,90,90,90,2022
5385,Mikhail Kostyukov,FC Tambov,37,59,69,71,90,77,43,81,80,66,82,77,60,72,90,90,72,75,84,87,78,45,86,77,80,-,-,87,-,80,1995
7470,Mathias Normann,FC Rostov,90,90,90,90,90,90,90,90,90,-,90,90,90,87,-,-,90,90,90,90,-,90,-,-,17,90,90,90,-,90,1994
2758,Anton Shunin,Dinamo Moscow,90,90,90,90,13,-,-,-,-,-,-,90,90,90,90,90,90,90,90,90,90,90,90,90,90,90,90,90,-,90,1993
2894,Vladislav Ignatjev,Lokomotiv Moscow,-,48,90,90,90,90,-,90,90,90,90,90,-,90,90,90,-,90,-,90,90,90,90,90,53,-,90,90,90,-,1991
6793,Daniil Lesovoy,Arsenal Tula,90,90,90,90,90,90,90,90,-,18,76,42,18,72,90,-,22,60,82,87,47,78,90,90,74,86,78,-,76,80,1986
5368,Gia Grigalava,Arsenal Tula,90,90,90,-,90,90,90,90,90,90,90,90,-,90,90,90,90,90,90,90,90,90,90,90,-,-,-,-,-,-,1980
2766,Soslan Dzhanaev,PFC Sochi,-,-,-,90,90,90,90,90,90,90,90,90,90,90,90,90,-,-,90,90,90,90,90,90,90,90,90,-,-,-,1980
6603,Dmitri Kabutov,Krylya Sovetov Samara,90,90,90,90,90,78,90,74,85,90,70,-,16,30,90,47,8,47,30,90,63,90,67,69,90,83,87,36,90,-,1970
2817,Ivelin Popov,FC Rostov,90,82,69,90,90,47,-,62,90,90,90,90,64,90,70,-,90,90,90,90,90,90,-,-,16,89,70,42,90,-,1961
5890,Pavel Karasev,FC Tambov,90,90,90,90,79,90,90,90,10,89,90,58,-,1,90,82,77,90,90,1,73,-,77,87,65,62,83,42,-,80,1956
7479,Kristoffer Olsson,FC Krasnodar,77,68,23,90,-,68,90,71,90,90,86,90,73,72,48,22,-,18,87,90,90,85,-,77,80,27,90,71,90,90,1953
6890,Danijel Miskic,FC Orenburg,90,90,90,90,90,90,90,90,90,90,72,-,90,90,90,90,90,90,90,90,90,90,62,-,-,-,-,-,-,-,1934
7656,Ivan Miladinovic,PFC Sochi,90,48,90,90,90,-,-,-,90,90,90,90,90,-,90,81,90,90,-,90,90,90,90,90,90,90,90,-,-,-,1929
7454,Anton Zinkovskiy,Krylya Sovetov Samara,90,46,90,23,20,12,-,16,90,90,90,90,86,77,77,90,82,90,90,86,87,-,90,90,41,33,87,60,84,-,1907
3162,Khoren Bayramyan,FC Rostov,68,59,72,73,55,-,-,28,83,87,68,80,90,64,81,90,90,67,90,90,90,86,-,20,64,90,70,-,78,64,1897
2790,Aleksandr Martynovich,FC Krasnodar,90,90,90,90,90,-,-,-,90,90,90,90,90,90,90,90,90,-,90,-,-,90,-,90,90,90,-,1,90,90,1891
5925,Maxim Karpov,Krylya Sovetov Samara,90,90,90,90,90,90,90,90,90,90,90,90,90,90,90,83,-,-,90,90,90,90,-,-,-,-,-,90,-,-,1883
2880,Sergey Tkachev,Arsenal Tula,90,90,90,-,21,28,78,60,90,90,90,90,90,90,90,90,90,30,-,82,78,90,79,-,66,74,49,27,1,27,1870
2814,Denis Glushakov,FK Akhmat,-,-,-,16,72,90,-,-,81,87,59,73,79,90,65,90,90,90,85,90,78,90,90,90,90,-,90,62,90,26,1863
3151,Igor Gorbatenko,Arsenal Tula,90,90,16,90,86,90,90,90,-,90,90,90,90,90,8,90,77,90,89,-,-,-,85,28,31,90,90,88,-,-,1858
2450,Wanderson,FC Krasnodar,90,90,90,-,80,90,90,90,81,90,-,-,-,-,-,-,76,90,90,89,90,90,-,77,90,90,87,90,-,84,1834
7641,Timur Ayupov,FC Orenburg,17,76,-,30,-,90,90,90,90,-,90,90,90,90,90,90,90,-,90,90,90,90,86,-,-,-,-,90,90,90,1829
7650,Murilo Cerqueira,Lokomotiv Moscow,90,90,90,4,-,-,90,-,10,90,90,90,90,80,90,90,90,90,72,1,1,-,90,90,-,90,90,48,90,68,1814
5394,Valeriu Ciuperca,FC Tambov,90,90,90,90,88,-,90,90,73,-,-,90,90,84,-,8,90,32,3,90,-,90,90,90,90,90,-,90,-,75,1803
7982,Andrey Klimovich,FC Orenburg,-,-,-,-,-,-,-,90,90,90,90,90,90,90,90,90,90,90,-,90,90,90,90,-,-,90,90,90,90,90,1800
3190,Anton Kilin,FC Tambov,56,73,78,47,49,-,78,65,-,-,42,90,74,90,90,90,90,58,90,90,90,90,-,90,73,90,83,20,-,10,1796
3024,Aleksandru Gatcan,Krylya Sovetov Samara,-,-,90,90,90,43,-,85,90,87,69,90,90,90,90,90,90,-,55,8,-,-,90,90,90,90,90,90,-,-,1787
6608,Ionut Nedelcearu,FC Ufa,-,-,-,90,90,90,90,90,-,-,-,90,90,90,90,90,90,90,90,90,90,90,90,90,90,68,-,-,-,-,1778
7121,Djorde Despotovic,FC Orenburg,90,90,90,90,90,90,90,90,87,90,90,90,90,90,-,90,62,-,90,90,90,82,-,-,-,-,-,-,-,-,1761
7638,Dmitriy Chistyakov,FC Rostov,90,90,90,90,90,76,90,90,90,90,90,90,90,90,90,-,90,17,90,-,12,-,-,90,90,30,-,-,-,-,1755
5461,Odise Roshi,FK Akhmat,1,27,18,43,47,26,71,20,90,86,90,90,48,85,-,90,80,90,90,90,-,90,90,90,90,90,-,-,29,90,1751
5092,Goran Causic,Arsenal Tula,-,90,90,90,90,90,90,90,-,-,-,-,-,-,82,49,90,90,90,90,90,90,90,70,59,-,41,-,90,90,1741
963,Eder,Lokomotiv Moscow,58,65,90,-,-,-,-,-,78,13,-,90,90,90,90,58,90,24,90,78,90,90,90,90,90,74,90,73,49,-,1740
7648,Tonny Vilhena,FC Krasnodar,90,90,90,90,90,90,72,90,90,-,90,-,90,90,90,90,90,72,90,-,-,-,-,90,73,75,-,-,-,-,1732
7150,Ricardo Alves,FC Orenburg,62,84,90,90,73,73,-,-,84,83,90,90,90,90,90,83,67,71,90,86,63,79,90,-,-,-,-,-,-,-,1718
2821,Dmitri Kombarov,Krylya Sovetov Samara,90,90,90,90,90,90,14,-,66,90,90,90,90,90,73,-,-,-,-,-,1,27,90,90,-,90,90,90,90,-,1711
2962,Sergei Ryzhikov,Krylya Sovetov Samara,90,90,90,90,90,90,90,90,90,90,90,90,90,90,90,90,90,90,90,-,-,-,-,-,-,-,-,-,-,-,1710
5927,Aleksey Gritsaenko,FC Tambov,-,-,-,-,-,-,-,-,90,90,90,90,90,90,90,90,90,-,90,90,90,90,90,90,90,90,90,-,-,90,1710
3150,Andrey Lunev,Zenit St. Petersburg,90,90,90,90,90,90,90,90,90,90,90,-,-,-,-,-,-,-,-,90,90,90,90,90,90,90,-,89,-,-,1709
5924,Sebastián Driussi,Zenit St. Petersburg,90,90,90,71,48,-,-,-,90,49,85,90,87,78,69,43,76,90,-,71,22,90,27,4,-,20,66,69,84,90,1689
7652,Zuriko Davitashvili,Rubin Kazan,66,77,90,90,90,90,90,90,-,-,-,73,70,71,89,90,-,90,47,28,90,90,20,28,89,59,7,12,25,25,1686
2824,Aleksandr Putsko,FC Ufa,-,90,90,90,88,90,90,45,-,90,90,-,90,90,90,90,90,90,90,-,90,90,-,90,-,20,-,-,-,-,1683
346,Roman Neustädter,Dinamo Moscow,-,-,-,-,-,90,90,-,90,-,-,-,90,90,56,90,90,90,90,90,27,90,90,90,66,90,-,90,90,90,1679
2057,Ezequiel Ponce,Spartak Moscow,28,69,67,34,-,-,-,21,29,69,70,8,32,90,16,90,23,90,90,90,90,77,24,86,83,25,90,90,90,90,1661
7123,Evgeny Kharin,FK Akhmat,90,90,90,90,90,90,90,-,-,-,-,-,35,-,68,30,90,82,90,74,90,90,-,1,85,-,90,90,29,76,1650
6587,Othman El Kabir,Ural,81,90,90,32,-,-,-,33,90,90,90,90,90,90,90,90,-,57,90,-,10,-,77,90,-,90,90,56,-,38,1644
8017,Alex Kral,Spartak Moscow,-,-,-,-,-,-,-,-,90,32,-,90,90,90,-,90,90,75,90,90,90,90,90,90,-,90,90,90,90,90,1637
7158,Zoran Nizic,FK Akhmat,90,90,90,90,90,90,90,90,-,3,90,17,90,-,-,-,1,-,-,90,-,-,90,90,90,90,90,90,86,-,1637
7770,Jordan Larsson,Spartak Moscow,-,-,-,-,90,74,87,69,61,21,20,82,4,33,90,77,85,90,90,7,68,90,88,65,21,65,90,31,49,88,1635
5452,Miha Mevlja,PFC Sochi,-,-,-,-,-,-,-,-,-,90,90,90,90,90,90,90,52,90,90,90,90,90,90,90,90,48,90,90,-,-,1630
2712,Rifat Zhemaletdinov,Lokomotiv Moscow,81,-,89,90,90,90,90,62,90,90,90,-,-,90,90,74,-,-,-,12,90,82,48,-,60,66,42,42,41,21,1620
5375,Mihail Levashov,Arsenal Tula,90,90,-,90,90,90,90,90,90,90,90,90,90,-,-,-,-,-,90,90,90,90,-,-,-,-,-,-,90,90,1620
2856,Maciej Rybus,Lokomotiv Moscow,90,90,90,90,82,-,-,90,-,-,90,90,-,-,90,-,90,90,75,-,16,90,90,90,-,-,90,-,90,90,1613
2725,Georgi Zotov,FC Orenburg,-,-,42,69,-,-,-,73,90,90,90,90,-,90,90,90,90,52,-,-,25,90,90,-,-,90,90,90,90,90,1611
2771,Christian Noboa,PFC Sochi,-,-,-,-,90,90,90,90,90,90,85,90,90,90,90,70,-,-,90,90,90,90,-,-,13,90,-,90,-,-,1608
3053,Vladimir Rykov,Dinamo Moscow,-,-,90,90,90,90,-,-,90,-,-,-,79,90,90,90,90,90,75,90,-,-,90,14,90,-,90,90,90,-,1608
5893,Oleg Danchenko,Rubin Kazan,90,90,90,90,90,90,90,90,90,90,90,90,17,-,-,-,60,90,90,90,90,90,-,-,-,-,-,-,-,-,1607
7667,Aleksey Rybin,FC Tambov,-,-,-,-,-,90,-,90,90,90,48,-,83,90,90,90,90,90,90,-,-,-,90,82,65,90,68,90,-,90,1606
7631,Sebastian Szymanski,Dinamo Moscow,90,90,90,69,90,61,90,27,45,90,69,90,83,83,90,90,90,-,90,56,15,85,-,-,-,-,19,-,-,-,1602
3026,Artem Timofeev,Krylya Sovetov Samara,17,-,-,74,90,90,-,90,71,-,7,-,1,-,90,-,90,90,90,90,90,87,90,80,90,90,90,-,90,-,1597
5397,Alexander Sobolev,Krylya Sovetov Samara,87,90,85,90,87,90,90,90,90,90,90,90,90,90,90,75,85,-,90,-,-,-,-,-,-,-,-,-,-,-,1589
2986,Nikita Burmistrov,PFC Sochi,68,61,90,-,-,11,80,90,70,17,90,68,86,88,68,20,90,63,80,-,-,16,73,90,90,90,90,-,-,-,1589
6586,Andrey Egorychev,Ural,90,87,71,7,90,-,8,-,12,44,79,34,65,-,26,85,78,17,36,90,90,90,86,63,-,89,76,23,68,80,1584
5460,Wilker Ángel,FK Akhmat,49,-,-,90,90,90,90,1,90,90,90,90,-,90,90,90,90,90,90,-,90,90,-,-,-,90,-,-,-,-,1580
2792,Mikhail Merkulov,Ural,90,90,90,90,46,-,90,90,90,90,90,90,90,90,84,90,90,90,90,-,-,-,-,-,-,-,-,-,-,-,1570
333,Benedikt Höwedes,Lokomotiv Moscow,-,-,-,90,90,90,90,90,80,90,90,48,-,90,90,90,90,90,90,90,90,90,-,-,-,-,-,-,-,-,1568
2755,Gregory Morozov,Dinamo Moscow,90,22,8,-,-,-,-,-,-,44,90,90,90,90,90,90,90,90,90,-,-,-,90,90,47,42,87,90,56,90,1566
2930,Ari,FC Krasnodar,90,90,73,90,-,-,-,71,74,90,90,90,90,90,90,83,-,90,90,90,90,90,-,-,-,-,-,-,-,-,1561
2768,Ivan Novoseltsev,PFC Sochi,90,90,-,90,90,71,-,-,-,90,-,-,-,-,-,90,90,90,90,90,90,90,59,90,77,90,-,90,-,-,1557
6378,Nikolai Rasskazov,Spartak Moscow,90,75,84,-,-,-,90,90,19,90,90,90,90,-,-,-,-,-,-,90,-,63,90,90,69,90,90,59,16,88,1553
5424,Mikhail Sivakov,FC Orenburg,90,90,90,90,90,90,90,26,90,-,-,22,-,-,-,-,-,-,90,90,65,-,90,-,-,90,90,90,90,90,1553
2988,Vyacheslav Podberezkin,Rubin Kazan,88,90,90,90,51,-,43,-,-,16,70,61,77,90,72,86,90,90,85,90,90,77,74,-,-,-,-,-,-,25,1545
5907,Varazdat Haroyan,Ural,90,90,85,90,90,90,90,90,90,-,-,90,90,90,90,90,90,90,90,-,-,-,-,-,-,-,-,-,-,6,1531
2808,Sergey Pesjakov,FC Rostov,90,90,90,90,90,90,-,-,-,-,-,-,-,-,-,-,-,-,90,90,90,90,-,90,90,90,90,90,90,90,1530
2822,George Melkadze,FC Tambov,-,-,-,-,-,-,-,-,90,65,90,90,90,90,75,79,-,90,90,90,90,90,-,90,90,-,90,90,-,45,1524
2884,Roman Eremenko,FC Rostov,90,90,90,90,90,43,90,90,90,90,90,-,90,90,90,-,-,-,-,90,90,90,-,-,-,17,-,-,-,23,1523
7663,Maksim Osipenko,FC Tambov,90,90,-,-,90,90,90,90,90,90,82,90,90,90,90,90,90,90,90,-,-,-,-,-,-,-,-,-,-,-,1522
57,Toni Sunjic,Dinamo Moscow,90,90,90,90,90,65,90,90,-,90,90,90,-,-,-,-,16,16,-,90,90,90,-,74,-,90,-,-,90,-,1521
2907,Sly,Dinamo Moscow,-,-,-,-,-,-,-,-,90,90,90,90,90,90,90,-,83,74,90,80,2,5,86,67,90,90,87,84,-,44,1512
5538,Vyacheslav Karavayev,Zenit St. Petersburg,-,-,-,-,-,-,-,-,1,-,90,90,90,90,61,90,90,90,90,90,90,90,90,73,80,90,24,90,-,1,1500
3077,Alexander Anyukov,Krylya Sovetov Samara,68,75,71,67,70,90,90,90,-,72,90,78,90,-,-,90,90,90,90,-,90,90,-,-,-,-,-,-,-,-,1491
1512,João Mário,Lokomotiv Moscow,-,-,-,-,-,-,-,61,90,90,90,90,90,90,-,90,-,-,-,90,82,73,90,90,90,24,90,90,72,-,1482
5896,Vitali Shakhov,FC Orenburg,90,90,90,90,90,90,90,55,-,90,90,68,90,90,-,-,-,-,-,-,-,-,50,-,-,90,65,90,69,-,1477
7453,Khvicha Kvaratskhelia,Rubin Kazan,24,13,90,-,78,69,47,90,10,31,16,17,-,19,8,30,30,16,43,89,46,-,90,72,90,85,90,90,90,90,1463
7659,Vladimir Obukhov,FC Tambov,-,-,-,-,-,-,-,-,-,90,90,90,90,79,88,90,87,90,90,85,84,79,60,90,90,90,-,-,-,-,1462
2826,Aleksandr Zuev,Rubin Kazan,-,-,-,-,-,-,11,-,90,90,74,-,90,-,90,44,-,74,88,90,90,90,90,-,79,90,90,90,-,90,1450
6805,Azer Aliev,FC Ufa,81,90,90,90,90,63,-,16,-,-,-,-,-,-,90,-,90,90,90,90,90,90,20,-,90,8,90,-,-,90,1448
2946,Bernard Berisha,FK Akhmat,90,81,90,47,43,64,90,36,23,72,90,85,90,90,20,-,-,-,-,90,-,11,90,90,-,-,-,28,61,64,1445
7632,Ivan Ordets,Dinamo Moscow,-,-,-,-,-,25,-,-,-,-,-,-,90,90,90,68,-,90,90,90,90,90,90,90,90,90,90,90,-,90,1443
7446,Denis Polyakov,Ural,-,-,-,-,44,-,90,90,90,90,90,90,90,90,90,90,90,90,90,90,90,43,-,-,-,-,-,-,-,-,1437
6585,Kristijan Bistrovic,CSKA Moscow,90,90,52,89,69,8,7,12,5,90,21,1,10,79,90,90,82,90,90,22,67,81,78,-,21,-,35,44,1,23,1437
7136,Arnór Sigurdsson,CSKA Moscow,90,88,90,68,27,-,-,-,-,66,61,70,90,28,-,73,59,11,-,90,90,90,67,78,8,71,55,66,-,-,1436
3067,Artur Yusupov,Dinamo Moscow,81,57,71,62,82,-,-,90,90,90,47,41,-,22,34,90,90,90,60,-,-,-,90,47,47,60,90,-,-,-,1431
2928,Joãozinho,Dinamo Moscow,90,90,80,90,48,-,90,90,74,73,90,42,-,-,-,-,-,-,-,-,-,-,72,90,62,48,90,90,90,29,1428
7011,Lovro Bizjak,FC Ufa,-,-,15,12,2,-,64,74,21,25,35,32,90,90,90,17,84,90,90,76,66,81,71,42,23,66,-,75,90,-,1421
5459,Konstantin Kuchaev,CSKA Moscow,-,-,-,1,63,90,83,90,80,90,90,90,90,11,11,90,69,58,90,11,23,-,12,16,82,90,35,44,-,1,1410
7668,Marcus Berg,FC Krasnodar,-,-,17,-,21,22,13,-,-,42,73,82,78,16,77,76,59,84,1,43,90,90,-,90,86,-,90,89,90,77,1406
3128,Kirill Kombarov,Arsenal Tula,90,90,12,90,90,90,90,90,24,90,-,-,90,64,70,-,-,90,90,90,90,28,-,-,-,34,-,-,-,-,1402
7023,Dennis Hadzikadunic,FC Rostov,-,-,-,-,-,14,-,-,-,-,-,90,90,90,90,90,90,90,90,90,-,90,-,-,26,90,90,90,90,90,1390
2978,Ilzat Akhmetov,CSKA Moscow,63,90,90,90,86,82,90,90,85,90,79,90,80,62,61,17,21,32,3,68,19,-,-,-,-,-,-,-,-,-,1388
13,Konstantin Rausch,Dinamo Moscow,-,-,82,90,90,-,-,90,90,90,-,-,90,90,90,84,90,90,58,-,90,68,31,47,28,-,-,-,-,-,1388
7135,Olivier Thill,FC Ufa,17,85,83,86,47,-,21,28,77,78,85,78,76,69,90,-,67,56,77,80,17,-,-,-,-,-,-,1,78,90,1386
4199,Anton Shvets,FK Akhmat,90,90,90,90,90,90,90,90,63,-,-,-,11,23,90,90,-,1,-,-,-,-,-,-,-,25,90,90,90,90,1383
5926,Magomed-Shapi Suleymanov,FC Krasnodar,18,18,28,31,10,90,90,-,90,42,90,90,90,90,90,90,80,62,-,32,30,25,-,31,17,63,20,32,19,13,1381
6331,Alexander Lomovitskiy,Arsenal Tula,-,-,81,90,69,90,90,77,-,72,90,87,90,90,-,41,13,6,8,8,43,-,-,62,16,84,90,27,28,27,1379
5899,Anton Zabolotny,PFC Sochi,-,-,-,-,-,90,90,79,13,77,90,90,71,72,90,9,32,37,-,77,80,74,63,83,66,1,81,-,-,-,1365
2773,Pavel Mogilevets,Rubin Kazan,70,90,90,65,-,-,-,-,90,90,90,90,90,90,18,90,90,74,90,-,-,2,64,62,1,8,-,-,-,-,1354
4614,Soslan Takasov,FC Tambov,90,90,90,90,90,90,90,90,89,90,90,-,90,-,-,3,-,90,2,-,-,-,-,-,-,79,90,7,-,-,1350
3204,Uros Spajic,FC Krasnodar,90,90,90,90,90,90,90,90,90,-,-,90,90,-,90,90,-,90,90,-,-,-,-,-,-,-,-,-,-,-,1350
8028,Uros Radakovic,FC Orenburg,-,-,-,-,-,-,-,-,90,90,90,90,90,90,90,90,90,90,90,90,90,90,90,-,-,-,-,-,-,-,1350
2921,Charles Kaboré,Dinamo Moscow,-,90,90,90,90,90,90,90,-,90,90,73,90,68,62,-,-,1,30,10,63,-,-,-,-,-,-,6,90,44,1347
2828,Sergey Parshivlyuk,Dinamo Moscow,-,68,90,90,90,90,90,90,90,46,-,90,-,-,-,6,53,90,90,90,90,90,-,-,-,-,-,-,-,-,1343
2770,Fyodor Kudryashov,PFC Sochi,13,90,90,90,90,90,90,90,90,90,90,90,67,-,90,90,-,90,-,-,-,-,-,-,-,-,-,-,-,-,1340
3105,Egor Sorokin,Rubin Kazan,90,90,90,90,90,90,90,90,-,-,-,-,73,90,90,90,90,-,90,-,-,-,-,-,-,-,90,-,-,-,1333
2775,Dmitriy Poloz,PFC Sochi,59,16,81,84,90,90,90,67,90,66,-,22,10,13,43,90,58,90,10,1,-,-,27,-,24,42,69,77,-,-,1309
2593,Bojan Jokic,FC Ufa,90,90,-,-,-,27,90,90,88,-,-,-,-,-,-,90,90,90,90,90,90,-,90,90,-,90,-,-,-,-,1285
2910,Vyacheslav Krotov,FC Ufa,-,5,-,-,-,-,-,28,69,65,90,58,27,44,90,80,84,68,68,70,24,72,70,-,67,70,25,-,-,90,1264
4247,Maximilian Philipp,Dinamo Moscow,-,-,-,-,-,84,77,90,90,46,19,-,-,-,34,75,90,90,90,10,75,77,31,29,90,79,37,-,-,46,1259
2985,Elmir Nabiullin,PFC Sochi,90,90,77,-,87,90,90,23,20,24,10,-,19,90,-,62,-,-,90,1,14,-,90,-,-,90,90,90,-,-,1237
6138,Andrei Panyukov,Ural,70,78,-,73,46,42,82,47,78,70,46,-,28,58,6,71,20,-,-,79,-,90,64,27,-,1,14,30,7,81,1208
5497,Vladimir Iljin,Ural,20,90,90,17,44,90,22,43,90,90,90,38,90,90,32,90,90,90,-,-,-,-,-,-,-,-,-,-,-,-,1206
2791,Roman Emelyanov,Ural,90,90,90,90,90,69,-,-,-,90,90,56,-,-,-,-,-,-,-,-,-,-,90,-,-,90,90,-,90,84,1199
6237,Petrus Boumal,Ural,90,90,47,-,-,90,90,90,-,-,-,-,25,-,-,19,-,-,-,90,77,-,90,63,-,90,81,-,68,90,1190
2850,Rizvan Utsiev,FK Akhmat,90,90,90,90,90,6,-,90,90,90,90,90,90,90,-,-,-,-,-,-,-,90,-,-,-,-,-,-,-,-,1176
6575,Paul Anton,Krylya Sovetov Samara,73,54,-,-,-,-,90,80,19,90,83,89,74,60,-,-,-,-,-,82,90,90,-,-,41,-,1,72,84,-,1172
5496,Nikolay Dimitrov,Ural,-,1,43,83,90,65,90,79,71,83,67,52,62,32,58,-,70,-,-,73,80,68,-,-,-,-,-,-,-,-,1167
3058,Yuri Zhirkov,Zenit St. Petersburg,74,5,10,88,24,42,4,90,90,-,73,66,-,89,90,80,-,-,-,11,90,47,-,1,-,40,90,-,62,-,1166
5943,Nikita Kalugin,PFC Sochi,77,-,90,90,84,56,7,90,90,-,90,90,90,90,90,-,38,-,90,-,-,1,-,-,-,-,-,-,-,-,1163
6275,Evans Kangwa,Arsenal Tula,90,71,-,-,-,-,1,13,90,89,90,90,72,18,3,90,-,-,1,3,12,68,-,81,59,-,12,63,62,63,1141
7670,Joel Fameyeh,FC Orenburg,-,10,23,60,17,17,14,64,24,-,1,55,1,-,90,78,90,43,22,28,90,90,40,-,-,-,90,-,90,90,1127
2969,Maksim Kanunnikov,Krylya Sovetov Samara,-,44,19,90,90,90,90,90,90,81,20,86,90,87,90,-,-,69,-,-,-,-,-,-,-,-,-,-,-,-,1126
1811,Andrés Ponce,FK Akhmat,3,13,-,11,-,7,-,90,9,90,-,66,-,90,90,72,90,90,46,-,67,30,-,89,72,27,-,-,-,62,1114
6580,Danil Glebov,FC Rostov,-,-,21,-,17,90,79,-,7,78,-,61,-,3,88,90,61,-,-,-,61,-,-,90,73,1,20,90,90,90,1110
4605,Anton Miranchuk,Lokomotiv Moscow,90,90,-,90,79,90,73,90,12,-,-,-,-,-,-,41,90,-,-,-,-,-,-,13,30,90,90,48,1,90,1107
237,Robert Bauer,Arsenal Tula,-,-,-,-,-,-,12,30,90,90,90,90,90,-,90,90,90,90,90,90,75,-,-,-,-,-,-,-,-,-,1107
2918,Ragnar Sigurdsson,FC Rostov,90,90,90,90,90,90,90,90,90,90,90,-,-,-,2,90,-,-,-,-,-,-,-,-,-,-,-,-,-,-,1082
4628,Egor Baburin,FC Rostov,-,-,-,-,-,-,90,90,90,90,90,90,90,90,90,90,90,90,-,-,-,-,-,-,-,-,-,-,-,-,1080
2887,Kirill Panchenko,Dinamo Moscow,18,33,90,90,66,-,13,12,-,44,71,90,58,71,56,-,-,-,-,-,-,13,59,47,24,11,53,63,41,46,1069
2785,Timofey Margasov,PFC Sochi,90,90,-,90,3,-,83,-,-,-,-,-,4,-,-,-,-,-,10,90,90,90,63,90,90,-,90,90,-,-,1063
2745,Dmitry Zhivoglyadov,Lokomotiv Moscow,90,90,62,-,-,1,90,-,90,90,-,-,90,-,-,90,-,-,90,-,-,-,-,-,17,90,-,72,-,90,1052
5405,Srdjan Mijailovic,Krylya Sovetov Samara,90,90,90,81,-,47,90,10,-,3,90,90,90,90,-,72,-,-,90,22,-,-,-,-,-,-,-,-,-,-,1045
7476,Nail Umiarov,Spartak Moscow,-,-,-,-,-,-,70,11,-,-,-,90,86,75,44,90,64,90,90,-,-,-,3,25,90,65,90,59,-,2,1044
7471,Baktiyor Zainutdinov,FC Rostov,-,-,-,-,-,-,-,-,-,-,8,29,26,26,20,90,29,90,87,90,90,87,-,90,89,-,79,42,-,67,1039
7283,Daniil Utkin,FC Krasnodar,-,-,-,-,-,11,69,19,24,48,4,8,12,65,42,7,90,-,-,58,1,29,-,59,80,75,77,90,75,84,1027
7196,Roman Evgeniev,Dinamo Moscow,90,90,-,-,-,-,90,90,90,90,90,90,11,-,-,19,74,-,15,-,-,-,-,-,-,-,-,-,90,90,1019
5426,Vladimir Poluyakhtov,Krylya Sovetov Samara,-,-,90,-,-,-,76,90,90,-,-,-,-,90,90,90,90,90,90,-,-,-,-,-,90,24,-,-,-,-,1000
7771,Guus Til,Spartak Moscow,-,-,-,-,90,90,90,90,90,90,90,20,58,-,74,1,26,-,72,18,31,-,23,-,-,25,-,-,16,-,994
7769,Vadim Karpov,CSKA Moscow,-,-,-,-,-,-,-,-,-,90,-,-,90,85,90,60,90,68,90,90,54,-,90,-,-,-,5,90,-,-,992
6600,Konstantin Pliev,Rubin Kazan,-,-,-,-,-,1,90,-,90,90,90,90,90,90,-,90,90,90,90,-,-,-,-,-,-,-,-,-,-,-,991
7663,Maksim Osipenko,FC Rostov,-,-,-,-,-,-,-,-,-,90,-,-,-,-,-,90,-,-,-,90,90,90,-,90,90,90,90,90,90,-,990
6780,Artem Kulishev,FC Orenburg,28,-,71,90,90,82,-,-,3,7,-,35,11,-,16,7,2,85,-,-,-,-,-,-,-,90,90,90,84,90,971
6774,Aleksey Sutormin,Zenit St. Petersburg,24,90,90,73,66,20,17,-,-,41,5,-,11,1,-,10,14,25,90,90,-,-,14,43,23,20,89,41,20,49,966
7161,Vidar Orn Kjartansson,Rubin Kazan,-,46,44,90,90,90,-,34,17,78,27,90,90,65,90,90,7,16,-,-,-,-,-,-,-,-,-,-,-,-,964
5379,Aleksandr Denisov,Arsenal Tula,-,1,-,90,-,-,-,-,90,-,-,-,90,-,90,90,68,-,-,-,-,62,-,90,90,47,90,63,-,-,961
6025,Ivan Ignatyev,Rubin Kazan,-,-,-,-,69,-,-,-,-,-,-,-,-,-,-,-,-,-,-,90,90,75,89,90,73,82,74,78,65,65,940
6727,Artem Golubev,FC Ufa,-,-,-,4,-,12,-,-,-,10,5,-,14,90,90,90,-,34,13,-,90,18,1,42,74,82,90,90,90,-,939
7644,Dejan Radonjic,Krylya Sovetov Samara,3,36,15,9,17,19,26,5,5,9,21,1,-,13,13,26,90,90,35,90,90,56,-,15,49,57,24,54,60,-,928
7675,Michal Kucharczyk,Ural,-,-,-,-,-,-,-,11,19,7,23,-,-,-,-,27,86,90,68,90,56,-,90,90,-,61,69,48,90,-,925
2925,Fedor Smolov,Lokomotiv Moscow,-,42,28,90,90,79,85,90,84,77,90,19,-,-,-,32,-,90,18,-,-,-,-,-,-,-,-,-,-,-,914
7679,Kaio,FC Krasnodar,-,-,-,-,-,-,-,-,-,74,-,42,-,-,-,-,-,-,-,90,90,90,-,90,90,90,90,90,-,77,913
2741,Evgeni Frolov,Krylya Sovetov Samara,-,-,-,-,-,-,-,-,-,-,-,-,-,-,-,-,-,-,-,90,90,90,90,90,90,90,90,90,90,-,900
7655,Carl Starfelt,Rubin Kazan,-,-,-,-,-,-,-,-,-,-,-,-,-,-,-,-,-,-,-,90,90,90,90,90,-,90,90,90,90,90,900
2975,Ruslan Kambolov,FC Krasnodar,90,90,90,90,90,90,18,90,66,16,17,47,17,18,-,68,-,-,3,-,-,-,-,-,-,-,-,-,-,-,900
3066,Aleksandr Kokorin,PFC Sochi,-,-,-,-,-,-,-,-,-,-,-,-,-,-,-,-,-,-,90,90,90,90,72,90,90,90,90,90,-,-,882
8052,Filip Rogic,FC Orenburg,-,-,-,-,-,-,-,-,-,90,90,90,79,70,90,90,88,90,-,25,76,-,-,-,-,-,-,-,-,-,878
8368,Kirill Zaika,PFC Sochi,-,-,-,-,-,-,-,-,-,-,-,-,-,-,-,-,-,-,80,90,76,90,90,90,90,90,90,90,-,-,876
2853,Zaurbek Pliev,Dinamo Moscow,90,90,-,-,-,90,90,-,-,-,67,-,90,90,69,90,37,-,-,-,-,22,5,23,-,-,18,-,-,-,871
3055,Igor Smolnikov,Zenit St. Petersburg,90,48,-,-,90,48,86,90,90,90,-,-,-,-,-,-,-,-,-,-,-,-,-,-,10,-,66,-,90,71,869
3085,Yuri Bavin,Ural,9,12,19,58,13,25,68,90,90,46,11,-,-,-,64,-,4,-,22,-,-,-,13,90,-,60,9,90,22,52,867
2929,Yuri Gazinskiy,FC Krasnodar,-,-,-,-,-,-,-,-,-,-,-,-,-,-,-,-,31,90,90,-,-,61,-,66,90,90,87,89,71,90,855
6777,Andrea Chukanov,FC Orenburg,-,6,67,21,90,90,4,-,-,1,-,-,90,-,-,-,-,5,22,-,14,-,4,-,-,90,81,90,90,90,855
2772,Aleksandr Erokhin,Zenit St. Petersburg,66,67,19,19,-,70,66,39,13,-,-,24,3,-,21,47,2,32,90,79,12,-,26,-,1,1,1,49,-,90,837
8348,Miroslav Bogosavac,FK Akhmat,-,-,-,-,-,-,-,-,-,-,-,-,-,-,-,-,-,-,-,90,90,-,90,90,90,25,90,90,90,90,835
5900,Evgeni Markov,Rubin Kazan,90,-,46,9,5,21,90,56,73,-,63,1,-,-,1,-,83,90,90,-,-,-,1,18,1,8,16,21,25,25,833
154,André Schürrle,Spartak Moscow,-,-,-,42,90,90,90,90,90,81,-,-,66,57,-,13,67,34,18,-,-,-,-,-,-,-,-,-,-,-,828
3262,Malcom,Zenit St. Petersburg,-,-,-,17,42,-,-,-,-,-,-,-,-,-,-,-,-,-,-,90,90,90,63,90,81,86,88,21,70,-,828
2708,Manuel Fernandes,FC Krasnodar,-,-,-,-,-,-,-,-,-,-,10,-,23,83,74,90,14,-,-,90,90,65,-,13,10,27,70,58,90,19,826
8359,Oliver Abildgaard,Rubin Kazan,-,-,-,-,-,-,-,-,-,-,-,-,-,-,-,-,-,-,-,62,1,90,90,90,90,90,90,63,65,90,821
2888,Kirill Nababkin,CSKA Moscow,-,-,38,44,-,90,16,-,-,-,-,-,-,-,29,-,-,-,20,-,-,-,48,90,90,90,85,-,90,90,820
2811,Ilya Kutepov,Spartak Moscow,-,-,-,-,6,-,-,-,-,90,90,90,90,90,46,-,90,48,-,90,90,-,-,-,-,-,-,-,-,-,820
5526,Dmitrii Skopintcev,Dinamo Moscow,-,-,-,-,-,-,-,-,-,-,-,-,-,-,-,-,-,-,-,90,90,90,85,90,79,90,72,48,-,78,812
3071,Mikhail Kerzhakov,Zenit St. Petersburg,-,-,-,-,-,-,-,-,-,-,-,90,90,90,90,90,90,90,90,-,-,-,-,-,-,-,90,1,-,-,811
8347,Maksim Nenakhov,FK Akhmat,-,-,-,-,-,-,-,-,-,-,-,-,-,-,-,-,-,-,-,90,90,-,90,90,90,90,90,90,90,-,810
6795,Egor Shamov,Arsenal Tula,-,-,-,-,-,-,-,-,-,-,-,-,-,90,90,90,90,90,-,-,-,-,90,-,-,90,90,90,-,-,810
8365,Oston Urunov,FC Ufa,-,-,-,-,-,-,-,-,-,-,-,-,-,-,-,-,-,-,-,90,73,90,90,83,86,90,24,90,90,-,806
7192,Pavel Maslov,Spartak Moscow,-,-,-,-,-,-,-,-,-,-,-,-,-,-,-,-,-,-,-,-,-,90,90,90,90,90,90,90,74,90,794
8358,Pablo Santos,Rubin Kazan,-,-,-,-,-,-,-,-,-,-,-,-,-,-,-,-,-,-,-,90,90,-,90,90,90,90,90,68,90,-,788
5397,Alexander Sobolev,Spartak Moscow,-,-,-,-,-,-,90,-,-,-,-,-,-,-,-,75,-,-,-,83,22,90,66,25,90,90,10,90,41,13,785
2938,Magomed Musalov,FK Akhmat,-,-,-,-,-,-,-,90,90,90,90,90,55,-,90,90,90,-,-,-,-,-,-,-,-,-,-,-,-,-,775
6800,Daniil Krugovoy,FC Ufa,-,-,-,-,-,-,-,-,90,90,62,90,20,44,-,-,-,-,-,-,-,-,-,-,4,9,90,90,90,90,769
2915,Georgy Schennikov,CSKA Moscow,-,-,-,-,-,-,-,-,-,-,-,-,-,-,-,-,-,-,-,-,90,90,-,90,90,90,90,46,90,90,766
960,Clinton N&#039;Jie,Dinamo Moscow,-,-,-,21,42,90,73,63,45,-,21,-,-,7,21,71,7,27,32,90,88,-,-,-,-,-,3,27,15,12,755
6778,Andrei Kozlov,FC Ufa,90,74,75,78,90,7,26,-,-,-,-,12,-,21,-,75,23,-,1,-,-,-,19,48,-,-,25,90,-,-,754
2854,Daler Kuzyaev,Zenit St. Petersburg,-,-,-,2,-,5,24,1,73,79,27,-,17,64,-,1,90,-,-,1,-,9,64,47,67,70,-,69,20,19,749
7646,Zvonimir Sarlija,CSKA Moscow,80,-,58,90,90,-,74,-,41,90,90,90,-,5,-,30,-,-,-,-,-,-,-,-,-,-,-,-,-,-,738
7640,Aleksandr Saplinov,FC Rostov,-,8,-,17,-,33,90,69,12,-,22,2,24,14,9,-,-,23,3,-,78,4,-,70,74,-,11,4,79,90,736
2889,Viktor Vasin,CSKA Moscow,90,90,32,-,90,-,-,-,-,-,-,-,-,-,-,-,-,-,-,90,-,90,48,-,1,19,-,90,-,90,730
2960,Aleksandr Filin,FC Tambov,-,-,-,-,-,-,-,-,-,-,-,-,-,-,-,-,-,-,-,90,90,90,77,90,90,-,17,90,-,90,724
6911,Jón Gudni Fjóluson,FC Krasnodar,-,1,-,-,-,90,90,90,-,90,90,-,-,90,-,-,90,90,-,-,1,-,-,-,-,-,-,-,-,-,722
2906,Dmitriy Stotskiy,FC Krasnodar,90,-,-,10,90,42,90,-,-,90,80,71,90,7,-,-,10,-,50,-,-,-,-,-,-,-,-,-,-,-,720
5488,Denis Popovic,Krylya Sovetov Samara,-,-,-,-,-,-,-,-,-,-,-,-,-,-,-,-,-,-,-,90,90,90,90,75,49,19,90,90,30,-,713
2900,Alexey Nikitin,FC Ufa,-,-,-,-,-,-,-,-,-,90,90,90,-,-,-,-,-,-,-,-,-,-,90,-,90,81,90,-,-,90,711
5513,Khyzyr Appaev,FC Tambov,90,90,90,90,-,42,47,66,83,24,8,44,-,18,-,-,-,15,-,-,-,-,-,-,-,-,-,-,-,-,707
2759,Igor Leshchuk,Dinamo Moscow,-,-,-,-,77,90,90,90,90,90,90,-,-,-,-,-,-,-,-,-,-,-,-,-,-,-,-,-,90,-,707
7660,Dusan Lagator,PFC Sochi,-,-,9,5,90,19,90,90,43,90,23,37,-,-,-,90,-,90,-,-,18,-,-,-,-,-,-,-,-,-,694
7592,Stanislav Magkeev,Lokomotiv Moscow,-,-,-,-,-,-,-,-,-,-,-,42,90,-,-,-,-,-,-,90,90,17,-,-,-,1,90,90,90,90,690
2993,Taras Burlak,Krylya Sovetov Samara,90,90,-,-,-,-,-,-,-,-,-,-,-,-,-,90,90,90,-,-,-,-,90,90,60,-,-,-,-,-,690
5908,Maciej Wilusz,Ural,-,-,-,-,-,-,-,-,-,-,-,-,-,-,-,-,-,-,-,90,90,47,90,90,-,90,-,90,90,-,677
7304,Danil Stepanov,Rubin Kazan,2,44,90,90,90,90,90,90,90,-,-,-,-,-,-,-,-,-,-,-,-,-,-,-,-,-,-,-,-,-,676
3023,Andrey Eshchenko,Spartak Moscow,-,15,-,90,90,90,-,-,71,-,43,90,-,-,-,-,-,-,-,1,59,27,9,86,-,-,1,-,-,2,674
5497,Vladimir Iljin,FK Akhmat,-,90,-,-,-,-,-,-,-,-,-,-,-,-,-,90,-,-,-,90,90,90,90,-,-,-,11,28,61,28,668
5404,Evgeny Bashkirov,Rubin Kazan,90,35,-,-,85,90,90,77,80,59,20,29,-,-,-,-,-,-,5,-,-,-,-,-,-,-,-,-,-,-,660
2835,Roland Gigolaev,FK Akhmat,-,-,-,-,-,-,-,-,-,-,-,-,-,90,90,90,90,90,55,-,-,90,-,-,-,65,-,-,-,-,660
2907,Sly,FC Ufa,90,90,90,71,61,83,-,-,90,-,-,-,-,-,-,-,-,-,-,-,-,-,-,-,-,-,-,-,84,-,659
7477,Maksim Glushenkov,Krylya Sovetov Samara,-,-,-,-,-,-,-,-,-,-,-,-,-,-,-,-,-,-,-,4,27,63,90,90,90,71,66,59,90,-,650
3105,Egor Sorokin,FC Krasnodar,-,-,-,-,90,-,-,-,-,-,-,-,-,-,-,-,-,-,-,90,90,5,-,-,-,90,90,90,90,13,648
2902,Pavel Alikin,FC Ufa,90,-,90,-,-,-,2,-,90,-,-,-,-,-,90,15,-,-,-,-,-,-,-,-,-,-,90,90,90,-,647
5444,Ayaz Guliev,Spartak Moscow,-,90,48,90,90,90,20,79,-,58,75,-,-,3,4,-,-,-,-,-,-,-,-,-,-,-,-,-,-,-,647
2997,Aleksey Pomerko,PFC Sochi,-,-,28,-,-,-,-,16,-,90,67,53,90,90,47,-,90,75,-,-,-,-,-,-,-,-,-,-,-,-,646
1284,Oscar Hiljemark,Dinamo Moscow,-,-,-,-,-,-,-,-,-,-,43,17,32,19,-,-,-,-,-,80,90,90,4,43,43,30,90,48,15,-,644
3015,Nikolay Komlichenko,Dinamo Moscow,-,-,-,-,-,-,-,-,-,-,-,-,-,-,-,-,-,-,-,34,90,90,18,43,90,69,71,72,1,61,639
7635,Danila Emelyanov,FC Ufa,23,-,7,-,43,78,69,62,90,80,55,-,-,-,-,-,-,-,-,-,-,-,-,-,-,-,-,15,90,-,612
7922,Ziga Skoflek,FC Orenburg,-,-,-,-,-,-,86,90,66,66,-,1,-,-,-,-,23,47,-,-,-,-,-,-,-,83,43,90,16,-,611
2819,Lorenzo Melgarejo,Spartak Moscow,-,-,-,-,1,1,-,2,-,9,90,90,90,90,90,-,-,42,90,-,-,13,-,-,-,-,-,-,-,-,608
8033,Vitali Lystsov,Krylya Sovetov Samara,-,-,-,-,-,-,-,-,-,-,-,-,-,-,-,64,-,90,-,1,-,-,-,-,90,90,90,90,90,-,605
2720,Anton Kochenkov,Lokomotiv Moscow,-,-,-,-,-,-,-,-,-,-,-,-,-,-,-,-,-,90,90,-,-,-,-,-,58,90,90,90,-,90,598
2830,Pavel Pogrebnyak,Ural,-,3,5,-,-,48,-,-,-,-,-,90,-,13,90,5,12,33,90,11,90,-,-,-,-,-,9,67,22,10,598
2707,Vitaliy Denisov,Rubin Kazan,90,46,-,-,-,-,-,-,-,90,90,90,90,-,90,-,11,-,-,-,-,-,-,-,-,-,-,-,-,-,597
8360,Darko Jevtic,Rubin Kazan,-,-,-,-,-,-,-,-,-,-,-,-,-,-,-,-,-,-,-,68,65,13,-,62,17,85,83,69,65,65,592
7643,Radu Ginsari,Krylya Sovetov Samara,90,90,75,16,73,71,64,-,-,-,-,-,-,-,17,15,79,-,-,-,-,-,-,-,-,-,-,-,-,-,590
6807,Jaka Bijol,CSKA Moscow,27,2,1,22,21,1,90,43,-,24,29,20,26,90,55,-,8,22,1,-,-,9,23,12,-,15,17,24,-,7,589
6025,Ivan Ignatyev,FC Krasnodar,13,22,67,28,69,79,77,19,16,-,-,-,-,-,13,14,90,6,-,-,-,-,-,-,-,74,-,-,-,-,587
2859,Ablae Mbengue,FK Akhmat,87,77,72,79,31,-,19,-,-,-,31,24,90,-,-,18,-,-,44,1,2,1,-,1,-,-,-,-,4,-,581
3062,Oleg Shatov,Zenit St. Petersburg,-,-,-,-,-,-,-,9,17,90,-,77,73,-,29,-,-,58,90,-,-,-,-,17,-,-,-,21,6,90,577
2753,Alexander Tashaev,Rubin Kazan,-,-,-,-,-,-,-,-,90,74,90,90,-,90,82,60,-,-,-,-,-,-,-,-,-,-,-,-,-,-,576
7521,Konstantin Maradishvili,CSKA Moscow,1,-,-,-,-,-,-,1,-,1,-,-,-,-,-,-,-,-,-,-,-,-,42,90,90,75,55,46,90,67,558
2869,Reziuan Mirzov,Spartak Moscow,-,-,23,24,21,16,63,-,-,-,15,90,24,-,90,5,5,-,80,-,7,13,2,4,7,7,1,31,28,-,556
7674,Igor Urganov,PFC Sochi,-,42,90,-,6,90,35,90,90,-,-,-,-,90,-,-,11,-,-,-,-,-,-,-,-,-,-,-,-,-,544
2924,Pavel Mamaev,FC Rostov,-,-,-,-,-,-,-,-,-,-,-,-,-,-,-,-,-,-,-,-,29,-,-,90,90,90,90,90,62,-,541
8072,Nikolay Poyarkov,Rubin Kazan,-,-,-,-,-,-,-,-,-,-,-,-,-,90,90,90,79,90,90,-,-,-,-,-,11,-,-,-,-,-,540
5427,Vadim Afonin,FC Orenburg,90,14,-,-,47,90,90,90,-,24,-,-,-,1,1,-,-,90,-,-,-,-,-,-,-,-,-,-,-,-,537
6598,Igor Kalinin,Ural,-,-,-,-,-,-,-,-,-,-,-,-,-,-,-,-,-,-,-,-,-,90,-,-,-,90,90,90,83,90,533
7442,Saveli Kozlov,FC Orenburg,90,90,90,5,57,-,-,17,90,-,-,-,-,-,-,-,-,-,-,-,-,-,-,-,-,-,-,1,-,90,530
3087,Ramil Sheydaev,Dinamo Moscow,89,44,90,76,90,90,-,-,-,-,-,7,-,-,-,15,-,-,-,-,-,-,-,-,-,-,-,-,-,-,501
7672,Cedric Gogoua,FC Tambov,-,-,90,90,90,90,90,-,49,-,-,-,-,-,-,-,-,-,-,-,-,-,-,-,-,-,-,-,-,-,499
2892,Aleksandr Kolomejtsev,Lokomotiv Moscow,32,-,-,-,-,-,-,-,6,20,1,88,90,10,-,90,90,66,-,-,-,-,-,-,-,-,-,-,-,-,493
2881,Alan Dzagoev,CSKA Moscow,-,-,-,-,-,-,-,-,-,-,-,-,-,-,-,3,31,79,70,72,9,90,-,-,-,-,-,10,60,67,491
8354,Oleksandr Kaplienko,FC Tambov,-,-,-,-,-,-,-,-,-,-,-,-,-,-,-,-,-,-,-,90,90,-,40,8,17,28,73,83,-,61,490
3233,Mehdi Zeffane,Krylya Sovetov Samara,-,-,-,-,-,-,-,-,-,-,-,-,-,-,-,-,-,-,-,90,90,90,90,90,39,-,-,-,-,-,489
2964,Saba Kverkvelia,Lokomotiv Moscow,-,-,-,-,-,-,-,-,-,-,-,-,-,-,-,-,44,-,-,90,86,90,-,6,73,-,-,-,1,90,480
2793,Artem Fiedler,Ural,1,-,-,90,77,-,-,-,-,-,-,-,-,90,-,-,90,73,54,-,-,-,-,-,-,-,-,-,-,-,475
7658,Aleksandre Karapetian,PFC Sochi,31,29,-,28,28,34,10,11,47,13,5,29,-,18,-,-,79,53,-,13,10,1,-,7,4,-,9,13,-,-,472
8362,Ilya Samoshnikov,Rubin Kazan,-,-,-,-,-,-,-,-,-,-,-,-,-,-,-,-,-,-,-,-,-,-,-,90,90,90,-,22,90,90,472
2832,Brian Idowu,Lokomotiv Moscow,-,-,-,-,8,90,90,-,-,1,-,2,90,-,-,-,1,-,-,-,-,8,1,1,90,90,-,-,-,-,472
5911,Aleksandr Dovbnya,FC Orenburg,90,90,90,90,-,-,-,-,-,-,-,-,-,-,-,-,-,-,90,-,-,-,-,-,-,-,-,-,-,-,450
2788,Nikolay Zabolotny,PFC Sochi,90,90,90,-,-,-,-,-,-,-,-,-,-,-,-,-,-,90,-,-,-,-,-,-,-,-,-,90,-,-,450
6610,Fedor Cernych,FC Orenburg,-,-,-,-,-,-,76,-,-,-,-,-,-,20,74,12,28,19,-,4,-,11,66,-,-,89,47,-,-,-,446
8012,Yordan Osorio,Zenit St. Petersburg,-,-,-,-,-,-,-,-,-,-,-,90,-,-,-,-,-,-,28,-,90,-,-,-,9,-,90,90,-,41,438
7649,Younes Namli,FC Krasnodar,72,72,62,62,46,-,21,10,9,-,-,-,67,-,16,-,-,-,-,-,-,-,-,-,-,-,-,-,-,-,437
7636,Nikolay Giorgobiani,FC Ufa,9,-,1,19,29,90,90,62,13,-,-,30,-,-,-,-,6,-,-,-,-,-,1,7,4,-,65,-,-,-,426
8344,Nikolai Zolotov,Ural,-,-,-,-,-,-,-,-,-,-,-,-,-,-,-,-,-,-,-,90,90,-,86,90,-,1,-,22,40,-,419
8361,Denis Makarov,Rubin Kazan,-,-,-,-,-,-,-,-,-,-,-,-,-,-,-,-,-,-,-,1,25,57,-,38,72,31,69,78,47,-,418
7630,Kings Kangwa,Arsenal Tula,-,-,-,-,-,-,-,-,-,1,-,-,-,-,-,-,-,-,-,-,90,-,-,20,24,-,12,90,90,90,417
6282,Emiliano Rigoni,Zenit St. Petersburg,2,-,-,-,1,85,73,51,-,-,-,-,-,-,-,-,-,-,-,-,47,-,1,-,23,4,2,33,-,90,412
7653,Beka Mikeltadze,Rubin Kazan,-,44,1,81,-,26,90,13,-,12,-,-,20,25,-,4,90,-,-,-,-,-,-,-,-,-,-,-,-,-,406
6802,Nikita Chicherin,Krylya Sovetov Samara,-,-,-,-,-,-,-,-,-,-,-,12,-,-,-,-,-,-,-,-,-,-,-,-,51,90,90,72,90,-,405
7669,Aleksandr Dovbnya,Arsenal Tula,-,-,-,-,-,-,-,-,-,-,-,-,-,-,-,-,-,-,-,-,-,-,-,-,-,43,90,90,90,90,403
6611,Vyacheslav Grulev,Dinamo Moscow,1,46,-,14,24,6,17,78,16,17,-,41,-,-,-,-,-,-,-,-,-,-,-,-,-,-,-,18,75,46,399
8356,Evgeni Shlyakov,FC Tambov,-,-,-,-,-,-,-,-,-,-,-,-,-,-,-,-,-,-,-,-,-,90,50,-,25,90,90,7,-,29,381
7466,Andrés Vombergar,FC Ufa,-,-,-,-,-,-,-,-,-,12,-,60,63,46,-,10,6,22,22,14,1,9,-,-,-,-,-,1,12,90,368
7010,Danil Lipovoy,FC Orenburg,-,-,-,-,-,-,-,-,-,-,-,-,-,-,-,-,-,-,-,-,-,-,24,-,-,90,90,90,74,-,368
7183,Daniil Khlusevich,Arsenal Tula,-,-,-,-,-,-,-,-,-,-,-,-,-,-,-,-,-,-,-,-,-,-,-,-,-,6,90,90,90,90,366
7191,Ilya Gaponov,Spartak Moscow,-,-,-,-,-,-,-,-,-,-,-,-,-,-,-,90,-,-,-,-,-,-,-,90,-,-,90,-,90,-,360
4586,Aleksey Gerasimov,Ural,-,-,-,-,-,-,-,-,-,-,-,-,-,-,-,-,-,-,-,-,-,-,-,90,-,-,90,90,-,90,360
6633,Aleksey Chernov,FC Ufa,90,90,-,-,-,-,-,-,-,-,-,-,-,-,-,-,-,-,-,-,-,-,-,-,-,-,-,-,90,90,360
3011,Vitaly Gudiev,FK Akhmat,-,-,-,-,-,90,90,90,90,-,-,-,-,-,-,-,-,-,-,-,-,-,-,-,-,-,-,-,-,-,360
3390,Rémy Cabella,FC Krasnodar,-,-,-,59,90,-,-,-,-,-,-,-,-,-,-,-,-,-,-,-,-,-,-,13,10,63,13,19,18,71,356
4596,Anri Khagush,Arsenal Tula,-,-,78,-,-,-,-,-,-,-,-,-,-,26,20,-,-,-,-,-,-,-,-,70,90,-,-,4,62,-,350
7674,Igor Urganov,FC Tambov,-,-,-,-,-,-,-,-,-,-,-,-,-,-,-,-,-,-,-,-,-,43,13,2,90,11,90,90,-,-,339
6999,Felipe Vizeu,FK Akhmat,-,-,-,-,-,-,-,-,-,-,-,-,-,-,-,-,-,-,-,-,23,60,-,-,18,63,79,62,26,-,331
2816,Jano Ananidze,Spartak Moscow,66,-,42,48,-,-,-,-,-,-,-,70,-,-,86,-,-,15,-,-,-,-,-,-,-,-,-,-,-,-,327
7678,Soltmurad Bakaev,Rubin Kazan,-,-,-,-,-,-,-,-,-,-,-,-,-,-,-,-,-,-,-,22,-,15,70,52,18,5,21,12,43,65,323
7449,Leon Musaev,Zenit St. Petersburg,-,-,-,-,-,-,-,-,-,-,-,-,-,-,-,-,-,1,8,-,-,43,1,1,-,-,45,90,28,90,307
2895,Arseni Logashov,FC Rostov,14,-,-,-,-,-,1,21,-,-,-,10,-,-,-,-,-,73,-,-,-,-,-,-,-,-,20,48,28,90,305
2784,Denis Terentjev,FC Ufa,-,-,-,-,-,-,-,-,2,-,28,-,70,46,-,-,-,-,-,10,-,-,1,-,16,41,-,90,-,-,304
7657,Evgeni Pesegov,PFC Sochi,90,90,62,62,-,-,-,-,-,-,-,-,-,-,-,-,-,-,-,-,-,-,-,-,-,-,-,-,-,-,304
5935,Michael Gaschenkov,FK Akhmat,-,-,85,-,-,1,-,-,-,-,13,-,-,7,-,-,-,90,90,-,-,-,-,-,-,-,-,-,-,-,286
3178,Dmitri Efremov,Ural,-,-,-,-,-,-,-,-,-,-,-,-,-,-,-,-,-,-,-,-,34,56,26,-,-,30,21,42,64,9,282
6417,Daniil Kulikov,Lokomotiv Moscow,-,-,-,-,-,-,-,-,-,-,-,-,59,-,-,16,-,58,-,-,-,-,-,-,-,74,48,-,-,22,277
7686,Edi Gutliv,FC Orenburg,-,-,-,85,33,-,-,-,-,-,-,-,-,-,-,-,-,-,-,-,-,-,-,-,-,67,-,-,21,68,274
5894,Khasan Mamtov,FC Tambov,53,-,-,-,19,48,12,9,-,-,-,13,7,-,2,-,3,-,-,3,6,11,4,3,-,1,-,70,-,10,274
2583,Miguel Cardoso,Dinamo Moscow,72,90,10,-,-,29,-,-,-,-,-,-,7,-,-,-,-,63,-,-,-,-,-,-,-,-,-,-,-,-,271
1937,Fernando,Spartak Moscow,90,90,90,-,-,-,-,-,-,-,-,-,-,-,-,-,-,-,-,-,-,-,-,-,-,-,-,-,-,-,270
7681,Danila Prokhin,Zenit St. Petersburg,-,-,-,-,-,-,-,-,-,-,-,-,-,-,-,-,-,-,-,-,-,-,-,-,-,-,-,90,90,90,270
5422,Aleksandr Rudenko,FC Orenburg,-,-,-,-,90,90,90,-,-,-,-,-,-,-,-,-,-,-,-,-,-,-,-,-,-,-,-,-,-,-,270
6591,Oleg Baklov,Ural,-,-,-,-,-,-,-,-,90,-,90,90,-,-,-,-,-,-,-,-,-,-,-,-,-,-,-,-,-,-,270
5905,Yan Kazaev,PFC Sochi,90,90,4,85,-,-,-,-,-,-,-,-,-,-,-,-,-,-,-,-,-,-,-,-,-,-,-,-,-,-,269
7260,Vladislav Panteleev,Arsenal Tula,-,-,-,-,-,-,-,-,-,-,-,-,-,-,-,-,-,-,-,-,-,-,5,-,-,16,1,90,90,63,265
7664,Benito,FC Tambov,34,31,21,43,41,26,43,25,-,-,-,-,-,-,-,-,-,-,-,-,-,-,-,-,-,-,-,-,-,-,264
1127,Luiz Adriano,Spartak Moscow,80,90,90,-,-,-,-,-,-,-,-,-,-,-,-,-,-,-,-,-,-,-,-,-,-,-,-,-,-,-,260
2433,Mamadou Sylla,FC Orenburg,-,-,-,-,-,-,-,-,-,-,-,-,-,-,-,-,-,-,68,62,27,8,90,-,-,-,-,-,-,-,255
8504,Vladislav Karapuzov,Dinamo Moscow,-,-,-,-,-,-,-,-,-,-,-,-,-,-,-,-,-,-,-,-,-,-,59,-,11,42,-,42,-,90,244
6772,Gamid Agalarov,FC Ufa,-,-,-,-,-,-,-,-,-,-,-,-,-,-,-,-,-,-,-,20,-,-,-,48,-,24,65,-,-,87,244
2763,Anton Terekhov,Krylya Sovetov Samara,22,15,-,-,-,-,-,-,24,18,-,4,-,3,-,43,11,21,60,-,-,-,-,21,1,-,-,-,-,-,243
7137,Takuma Nishimura,CSKA Moscow,10,-,-,-,-,68,-,47,90,-,11,-,-,-,-,-,-,-,-,-,-,-,-,-,-,-,-,-,-,-,226
7647,Konrad Michalak,FK Akhmat,-,9,5,-,18,-,-,-,-,-,-,-,42,-,90,60,-,-,-,-,-,-,-,-,-,-,-,-,-,-,224
8340,Islambek Kuat,FC Orenburg,-,-,-,-,-,-,-,-,-,-,-,-,-,-,-,-,-,-,68,65,-,90,-,-,-,-,-,-,-,-,223
7452,Dmitri Rybchinsky,Lokomotiv Moscow,9,-,-,-,-,-,-,-,-,-,-,-,-,-,-,-,-,-,-,-,8,-,-,77,-,16,1,42,-,69,222
5526,Dmitrii Skopintcev,FC Krasnodar,-,-,-,-,-,-,-,80,-,48,-,19,-,-,-,-,-,28,40,-,-,-,-,-,-,-,-,-,-,-,215
5930,Ravanelli,FK Akhmat,-,-,-,-,-,-,-,-,-,-,-,-,-,-,-,-,-,-,-,47,12,79,-,-,9,65,-,-,-,-,212
7666,Oleg Chernyshov,FC Tambov,-,-,31,-,-,64,-,-,-,25,8,46,30,-,-,-,-,1,6,-,-,-,-,-,-,-,-,-,-,-,211
7307,Lechii Sadulaev,FK Akhmat,-,-,-,-,-,-,90,70,-,4,-,-,-,-,-,-,1,8,35,-,-,-,-,-,-,-,-,-,-,-,208
5530,Ivan Markelov,FC Tambov,74,17,12,47,-,-,47,-,-,-,-,-,-,-,-,-,-,-,-,-,-,-,-,-,-,-,-,-,-,-,197
7629,Alexandru Tudorie,Arsenal Tula,16,63,-,5,-,-,-,-,-,33,-,3,7,69,-,-,-,-,-,-,-,-,-,-,-,-,-,-,-,-,196
6779,Nikita Malyarov,FC Orenburg,73,80,-,-,43,-,-,-,-,-,-,-,-,-,-,-,-,-,-,-,-,-,-,-,-,-,-,-,-,-,196
7659,Vladimir Obukhov,PFC Sochi,22,74,-,6,-,-,-,-,-,-,-,-,-,-,88,-,-,-,-,-,-,-,-,-,-,-,-,-,-,-,190
7672,Cedric Gogoua,CSKA Moscow,-,-,-,-,-,-,-,90,49,-,-,49,-,-,1,-,-,-,-,-,-,-,-,-,-,-,-,-,-,-,189
7504,Aleksandr Chernikov,FC Krasnodar,-,-,-,-,-,-,-,-,-,-,-,-,-,-,-,-,-,-,-,47,60,-,-,24,-,-,3,1,49,-,184
3024,Aleksandru Gatcan,FC Rostov,-,1,-,-,90,-,-,-,-,-,-,-,-,-,-,-,-,-,-,-,-,-,-,-,-,90,-,-,-,-,181
3161,Alexander Vasyutin,Zenit St. Petersburg,-,-,-,-,-,-,-,-,-,-,-,-,-,-,-,-,-,-,-,-,-,-,-,-,-,-,-,-,90,90,180
2959,Igor Bezdenezhnykh,FC Ufa,-,-,-,-,-,-,-,-,-,-,-,-,-,-,-,-,-,-,-,-,-,-,-,-,-,-,-,90,90,-,180
3054,Yuri Lodygin,Arsenal Tula,-,-,-,-,-,-,-,-,-,-,-,-,-,-,-,-,-,-,-,-,-,-,-,90,90,-,-,-,-,-,180
7463,Damian Szymanski,FK Akhmat,41,63,-,-,-,-,-,54,-,18,-,-,-,-,-,-,-,-,-,-,-,-,-,-,-,-,-,-,-,-,176
2826,Aleksandr Zuev,FC Rostov,22,31,18,-,35,57,11,1,-,-,-,-,-,-,-,-,-,-,-,-,-,-,-,-,-,-,-,-,-,-,175
8357,Artem Fedchuk,FC Tambov,-,-,-,-,-,-,-,-,-,-,-,-,-,-,-,-,-,-,-,-,12,45,13,13,10,63,7,-,-,-,163
5409,Denis Adamov,FC Krasnodar,-,-,-,-,-,-,-,-,-,-,-,-,-,-,-,-,-,-,-,-,-,-,-,-,-,-,-,-,72,90,162
8376,Igor Shkolnik,Dinamo Moscow,-,-,-,-,-,-,-,-,-,-,-,-,-,-,-,-,-,-,-,-,-,-,-,-,-,-,-,42,75,44,161
2867,Magomed Mitrishev,FK Akhmat,-,-,-,-,47,-,-,-,67,-,-,5,-,1,2,-,10,-,5,-,-,-,-,-,5,16,-,-,-,-,158
8369,Yuri Kovalev,Arsenal Tula,-,-,-,-,-,-,-,-,-,-,-,-,-,-,-,-,-,-,-,-,-,22,78,20,31,4,-,-,-,-,155
7683,Islamzhan Nasyrov,Ural,-,-,-,-,-,90,1,-,1,-,-,1,1,-,-,-,-,-,-,-,-,-,-,-,-,-,-,34,26,-,154
7639,Aleksandr Dolgov,FC Rostov,-,-,-,-,-,-,1,-,1,12,3,-,-,-,-,12,1,6,1,-,-,3,-,1,26,1,-,48,12,26,154
8471,Vladimir Kabakhidze,FC Tambov,-,-,-,-,-,-,-,-,-,-,-,-,-,-,-,-,-,-,-,-,-,-,30,-,25,27,22,-,-,42,146
6599,Björn Sigurdarson,FC Rostov,7,-,4,28,-,-,-,-,-,-,-,-,11,-,-,78,-,-,16,-,-,-,-,-,-,-,-,-,-,-,144
6612,Tetteh,Dinamo Moscow,90,-,19,28,-,-,-,-,-,-,-,-,-,-,-,-,-,-,-,-,-,-,-,-,-,-,-,-,-,-,137
7228,Danila Proshliakov,FC Rostov,-,-,-,-,-,-,-,-,-,-,-,-,-,-,-,-,-,-,-,-,1,-,-,35,-,73,4,20,1,1,135
6364,Roman Tugarev,Lokomotiv Moscow,-,-,1,-,11,-,-,-,-,-,-,-,1,-,-,-,-,32,90,-,-,-,-,-,-,-,-,-,-,-,135
7682,Nikita Makarov,Rubin Kazan,-,-,-,-,39,-,1,90,-,-,-,-,-,-,-,-,-,-,-,-,-,-,-,-,-,-,-,-,-,-,130
2748,Anton Sosnin,Dinamo Moscow,-,-,-,-,-,-,-,-,-,-,-,-,-,-,-,-,-,-,-,-,-,-,-,-,43,48,3,-,34,-,128
7628,Lameck Banda,Arsenal Tula,74,-,9,-,4,4,-,1,-,-,-,-,-,-,-,-,-,-,-,-,-,12,12,9,-,-,-,-,1,-,126
6803,Danil Klenkin,FC Tambov,-,66,-,43,-,-,-,-,-,-,-,-,-,-,15,-,-,-,-,-,-,-,-,-,-,-,-,-,-,-,124
6794,Artem Sokol,Arsenal Tula,-,-,-,-,-,-,-,-,-,-,-,-,-,-,-,-,-,-,-,-,-,-,-,-,-,-,-,1,28,90,119
5516,Egor Golenkov,Krylya Sovetov Samara,-,-,5,-,3,-,1,-,-,-,-,-,4,-,-,-,5,43,-,-,-,34,23,-,-,-,-,-,1,-,119
3108,Vladislav Kulik,FC Tambov,16,-,59,-,11,-,-,-,-,1,-,32,-,-,-,-,-,-,-,-,-,-,-,-,-,-,-,-,-,-,119
7662,Pavel Shakuro,PFC Sochi,-,-,-,-,-,-,-,-,-,-,-,-,-,-,-,28,90,-,-,-,-,-,-,-,-,-,-,-,-,-,118
2784,Denis Terentjev,Zenit St. Petersburg,-,42,74,-,-,-,-,-,-,-,-,-,-,-,-,-,-,-,-,-,-,-,-,-,-,-,-,-,-,-,116
8342,Ilia Shkurin,CSKA Moscow,-,-,-,-,-,-,-,-,-,-,-,-,-,-,-,-,-,-,-,18,-,33,-,-,-,-,-,-,30,23,104
7450,Maksim Volodko,Arsenal Tula,-,-,-,-,-,-,-,-,76,-,-,-,-,-,-,-,-,-,-,-,-,-,1,10,15,-,-,-,-,-,102
7761,Timur Suleymanov,Lokomotiv Moscow,-,-,-,-,5,-,-,-,-,-,-,-,-,-,-,-,-,-,-,-,-,-,-,-,-,16,-,17,-,57,95
5457,Khetag Khosonov,FC Tambov,-,-,-,-,-,13,-,-,7,-,-,-,16,11,1,11,18,-,-,-,17,-,-,-,-,-,-,-,-,-,94
8346,Daniil Shamkin,Zenit St. Petersburg,-,-,-,-,-,-,-,-,-,-,-,-,-,-,-,-,-,-,-,-,-,16,-,-,-,-,-,1,28,49,94
8441,Vilyam Rogava,FC Rostov,-,-,-,-,-,-,-,-,-,-,-,-,-,-,-,-,-,-,-,-,-,-,90,-,-,-,-,-,-,-,90
5417,Mohamed Konate,FC Tambov,-,-,-,19,71,-,-,-,-,-,-,-,-,-,-,-,-,-,-,-,-,-,-,-,-,-,-,-,-,-,90
2823,Artyom Rebrov,Spartak Moscow,-,-,-,-,-,-,-,-,-,-,-,90,-,-,-,-,-,-,-,-,-,-,-,-,-,-,-,-,-,-,90
2741,Evgeni Frolov,PFC Sochi,-,-,-,-,-,-,-,-,-,-,-,-,-,-,-,-,90,-,-,-,-,-,-,-,-,-,-,-,-,-,90
8038,Denis Popov,FC Rostov,-,-,-,-,-,-,-,-,-,-,-,-,-,-,-,-,-,-,-,-,-,-,90,-,-,-,-,-,-,-,90
6589,Vladislav Poletaev,Ural,-,-,-,-,-,-,-,-,-,-,-,-,-,-,-,-,-,-,-,-,-,-,-,-,-,-,-,90,-,-,90
8559,Nikita Belousov,FC Ufa,-,-,-,-,-,-,-,-,-,-,-,-,-,-,-,-,-,-,-,-,-,-,-,-,-,-,-,-,-,90,90
8439,Krill Girnyk,FC Rostov,-,-,-,-,-,-,-,-,-,-,-,-,-,-,-,-,-,-,-,-,-,-,90,-,-,-,-,-,-,-,90
8444,Pavel Gorelov,FC Rostov,-,-,-,-,-,-,-,-,-,-,-,-,-,-,-,-,-,-,-,-,-,-,90,-,-,-,-,-,-,-,90
8442,Vladimir Abramov,FC Rostov,-,-,-,-,-,-,-,-,-,-,-,-,-,-,-,-,-,-,-,-,-,-,90,-,-,-,-,-,-,-,90
8440,Timofey Kalistratov,FC Rostov,-,-,-,-,-,-,-,-,-,-,-,-,-,-,-,-,-,-,-,-,-,-,90,-,-,-,-,-,-,-,90
5933,Artur Nigmatullin,Arsenal Tula,-,-,90,-,-,-,-,-,-,-,-,-,-,-,-,-,-,-,-,-,-,-,-,-,-,-,-,-,-,-,90
5528,Chingiz Magomadov,Ural,-,-,-,-,-,-,-,-,-,-,-,-,-,-,-,-,-,-,-,-,-,-,-,-,-,-,-,-,-,90,90
5952,Arsen Adamov,FK Akhmat,-,-,-,-,-,-,-,-,-,-,-,-,-,-,-,-,-,-,-,-,-,-,-,-,-,-,-,-,-,90,90
2916,Stanislav Kritsyuk,FC Krasnodar,-,-,-,-,-,90,-,-,-,-,-,-,-,-,-,-,-,-,-,-,-,-,-,-,-,-,-,-,-,-,90
5400,Alexander Melikhov,FK Akhmat,-,-,-,-,-,-,-,-,-,-,-,-,-,-,-,-,-,-,-,-,-,-,-,-,-,-,-,-,-,90,90
6730,Mamin Artem,Ural,-,-,-,-,-,-,-,-,-,-,-,-,-,-,-,-,-,-,-,-,-,90,-,-,-,-,-,-,-,-,90
5524,Kamil Zakirov,Rubin Kazan,20,-,-,-,-,64,1,-,-,-,-,-,-,-,-,-,-,-,-,-,-,-,-,-,-,-,-,-,-,-,85
2908,Dmitri Sysuev,FC Ufa,67,16,-,-,-,-,-,-,-,-,-,-,-,-,-,-,-,-,-,-,-,-,-,-,-,-,-,-,-,-,83
8447,Danil Khromov,FC Rostov,-,-,-,-,-,-,-,-,-,-,-,-,-,-,-,-,-,-,-,-,-,-,83,-,-,-,-,-,-,-,83
7678,Soltmurad Bakaev,Spartak Moscow,-,-,-,-,-,-,3,-,-,-,-,-,-,-,-,-,-,-,10,-,-,-,-,-,-,-,-,-,-,65,78
5723,Emanuel Mammana,Zenit St. Petersburg,-,-,16,-,-,-,-,-,-,-,-,13,-,-,-,-,-,-,-,-,-,-,-,-,-,-,-,-,-,49,78
8445,Nikita Kupriyanov,FC Rostov,-,-,-,-,-,-,-,-,-,-,-,-,-,-,-,-,-,-,-,-,-,-,76,-,-,-,-,-,-,-,76
3813,Luka Djordjevic,Lokomotiv Moscow,-,-,-,-,-,11,5,28,-,-,-,-,31,-,-,-,-,-,-,-,-,-,-,-,-,-,-,-,-,-,75
2753,Alexander Tashaev,Spartak Moscow,-,1,6,66,-,-,-,-,-,-,-,-,-,-,-,-,-,-,-,-,-,-,-,-,-,-,-,-,-,-,73
8517,Maxim Danilin,Dinamo Moscow,-,-,-,-,-,-,-,-,-,-,-,-,-,-,-,-,-,-,-,-,-,-,-,-,-,21,-,-,49,-,70
4299,Jefferson Farfán,Lokomotiv Moscow,-,-,-,-,-,-,-,-,-,-,-,-,-,-,-,-,-,-,-,-,-,-,-,-,-,-,-,18,18,33,69
5374,Kantemir Berkhamov,Arsenal Tula,-,-,-,-,-,-,-,-,66,-,-,-,-,-,-,-,-,-,-,-,-,-,-,-,-,-,-,-,-,-,66
2718,Dmitriy Tarasov,Rubin Kazan,-,-,-,-,-,-,-,-,-,-,-,-,-,-,-,-,-,-,-,-,-,-,-,-,-,5,7,27,25,-,64
8446,Tamaz Topuriya,FC Rostov,-,-,-,-,-,-,-,-,-,-,-,-,-,-,-,-,-,-,-,-,-,-,64,-,-,-,-,-,-,-,64
6331,Alexander Lomovitskiy,Spartak Moscow,62,-,-,-,-,-,-,-,-,-,-,-,-,-,-,-,-,-,-,-,-,-,-,-,-,-,-,-,-,-,62
6577,Amur Kalmykov,FC Tambov,-,-,-,-,-,-,-,-,-,-,-,-,-,-,-,-,-,-,-,-,-,-,-,-,-,-,7,3,-,48,58
8031,Lucas Santos,CSKA Moscow,-,-,-,-,-,-,-,-,10,-,-,41,-,-,-,-,-,-,-,-,-,-,-,-,-,-,-,-,-,-,51
8443,Roman Romanov,FC Rostov,-,-,-,-,-,-,-,-,-,-,-,-,-,-,-,-,-,-,-,-,-,-,49,-,-,-,-,-,-,-,49
8448,Nikita Kolotievskiy,FC Rostov,-,-,-,-,-,-,-,-,-,-,-,-,-,-,-,-,-,-,-,-,-,-,49,-,-,-,-,-,-,-,49
7441,David Bidlovsky,FC Orenburg,-,-,-,-,-,-,-,-,-,-,-,-,-,-,-,-,-,-,-,-,-,-,-,-,-,23,25,-,-,-,48
8381,Safaa Hadi,Krylya Sovetov Samara,-,-,-,-,-,-,-,-,-,-,-,-,-,-,-,-,-,-,-,-,-,3,-,10,16,-,-,18,-,-,47
5468,Robert Mak,Zenit St. Petersburg,-,-,-,-,-,-,-,-,-,11,17,6,-,12,1,-,-,-,-,-,-,-,-,-,-,-,-,-,-,-,47
8106,Nikita Koldunov,PFC Sochi,-,-,-,-,-,-,-,-,-,-,-,-,-,-,-,-,-,27,-,-,-,-,17,-,-,-,-,-,-,-,44
7985,Danila Vedernikov,FC Rostov,-,-,-,-,-,-,-,-,-,3,-,-,-,-,-,-,-,-,-,-,-,-,-,-,1,28,-,-,11,1,44
7645,Danila Smirnov,Krylya Sovetov Samara,-,-,-,-,-,-,-,-,-,-,-,-,-,-,-,-,-,-,-,-,-,-,-,-,-,7,-,30,6,-,43
8450,Sergey Kochkanyan,FC Rostov,-,-,-,-,-,-,-,-,-,-,-,-,-,-,-,-,-,-,-,-,-,-,41,-,-,-,-,-,-,-,41
8449,Aleksey Kornieko,FC Rostov,-,-,-,-,-,-,-,-,-,-,-,-,-,-,-,-,-,-,-,-,-,-,41,-,-,-,-,-,-,-,41
3198,Nikolay Kipiani,Rubin Kazan,-,-,-,25,-,-,-,-,-,-,-,-,13,-,-,-,-,-,2,-,-,-,-,-,-,-,-,-,-,-,40
5499,Artem Yusupov,Ural,-,-,-,-,-,1,-,-,-,-,-,-,-,-,-,-,-,-,-,-,-,34,4,-,-,-,-,-,-,-,39
7262,Nikita Sergeev,FC Krasnodar,-,-,-,-,-,-,-,-,-,-,-,-,-,-,-,-,-,-,-,1,-,-,-,-,10,2,-,-,26,-,39
8391,Andrey Bokovoy,PFC Sochi,-,-,-,-,-,-,-,-,-,-,-,-,-,-,-,-,-,-,-,-,-,-,18,-,-,-,21,-,-,-,39
7992,Andrey Chasovskikh,FC Tambov,-,-,-,-,-,-,-,24,1,-,-,-,-,-,-,-,13,-,-,-,-,-,-,-,-,-,-,-,-,-,38
5420,Artem Galadzhan,FC Orenburg,-,-,19,-,-,8,4,-,6,-,-,-,-,-,-,-,-,-,-,-,-,-,-,-,-,-,-,-,-,-,37
8436,Dmitri Molchanov,Krylya Sovetov Samara,-,-,-,-,-,-,-,-,-,-,-,-,-,-,-,-,-,-,-,-,-,-,-,-,-,-,3,31,-,-,34
2822,George Melkadze,Spartak Moscow,10,21,-,-,-,-,-,-,-,-,-,-,-,-,-,-,-,-,-,-,-,-,-,-,-,-,-,-,-,-,31
8438,Vadim Milyutin,PFC Sochi,-,-,-,-,-,-,-,-,-,-,-,-,-,-,-,-,-,-,-,-,-,-,31,-,-,-,-,-,-,-,31
8370,Roman Minaev,Arsenal Tula,-,-,-,-,-,-,-,-,-,-,-,-,-,-,-,-,-,-,-,-,-,-,11,-,-,16,-,-,-,1,28
6810,Nayair Tiknizyan,CSKA Moscow,-,-,-,-,-,-,1,-,-,-,-,-,-,-,-,-,-,-,-,-,-,-,4,-,-,9,7,-,-,6,27
861,Giannelli Imbula,PFC Sochi,-,-,-,-,-,-,-,-,-,-,-,-,-,-,-,-,-,-,-,-,-,-,27,-,-,-,-,-,-,-,27
8451,Ivan Komarov,FC Rostov,-,-,-,-,-,-,-,-,-,-,-,-,-,-,-,-,-,-,-,-,-,-,26,-,-,-,-,-,-,-,26
8374,Valeri Gromyko,Arsenal Tula,-,-,-,-,-,-,-,-,-,-,-,-,-,-,-,-,-,-,-,-,-,-,-,-,-,-,-,2,14,10,26
5421,Mikhail Lysov,Lokomotiv Moscow,-,25,-,-,-,-,-,-,-,-,-,-,-,-,-,-,-,-,-,-,-,-,-,-,-,-,-,-,-,-,25
3178,Dmitri Efremov,CSKA Moscow,-,-,-,-,4,21,-,-,-,-,-,-,-,-,-,-,-,-,-,-,-,-,-,-,-,-,-,-,-,-,25
7665,Mohammed Usman,FC Tambov,-,24,-,-,-,-,-,-,-,-,-,-,-,-,-,-,-,-,-,-,-,-,-,-,-,-,-,-,-,-,24
5504,Gennadi Kiselyov,Krylya Sovetov Samara,-,-,-,-,-,-,-,-,-,-,-,-,-,-,-,-,-,-,-,-,-,-,-,-,-,-,-,18,6,-,24
6614,Mikhail Ignatov,Spartak Moscow,24,-,-,-,-,-,-,-,-,-,-,-,-,-,-,-,-,-,-,-,-,-,-,-,-,-,-,-,-,-,24
2423,Matías Kranevitter,Zenit St. Petersburg,-,-,-,-,-,-,-,-,-,9,-,-,-,-,-,-,-,-,15,-,-,-,-,-,-,-,-,-,-,-,24
7685,Akmal Bakhtiyarov,PFC Sochi,-,-,-,-,-,-,-,-,-,-,-,-,-,2,22,-,-,-,-,-,-,-,-,-,-,-,-,-,-,-,24
8364,Maksim Kutovoi,FC Krasnodar,-,-,-,-,-,-,-,-,-,-,-,-,-,-,-,-,-,-,-,-,-,-,-,-,-,-,3,-,15,6,24
7634,Artem Shabolin,Ural,-,-,-,-,-,-,-,-,-,-,-,-,-,-,-,-,-,-,-,-,-,22,-,-,-,-,-,-,-,-,22
6254,Kirill Kaplenko,FC Orenburg,-,-,-,-,-,-,-,-,-,-,-,-,-,-,-,-,-,-,-,-,-,-,-,-,-,-,-,-,-,22,22
6707,Alex Matsukatov,FC Krasnodar,-,-,-,-,-,-,-,-,-,-,-,-,-,-,-,-,-,-,-,-,-,-,-,-,-,-,-,-,15,6,21
8143,German Onugkha,FC Krasnodar,-,-,-,-,-,-,-,-,-,-,-,-,-,-,-,-,-,-,-,-,-,-,-,-,4,15,-,-,-,-,19
8532,Daniil Krivoruchko,FC Orenburg,-,-,-,-,-,-,-,-,-,-,-,-,-,-,-,-,-,-,-,-,-,-,-,-,-,7,9,-,-,-,16
8520,Ilya Vorotnikov,FC Krasnodar,-,-,-,-,-,-,-,-,-,-,-,-,-,-,-,-,-,-,-,-,-,-,-,-,-,15,-,-,-,-,15
8452,Nikita Kashtan,FC Rostov,-,-,-,-,-,-,-,-,-,-,-,-,-,-,-,-,-,-,-,-,-,-,14,-,-,-,-,-,-,-,14
2868,Khalid Kadyrov,FK Akhmat,-,-,-,-,-,-,-,-,-,-,-,-,-,-,-,-,-,-,-,-,-,-,-,-,-,-,-,-,-,14,14
7461,Roman Akbashev,Rubin Kazan,-,-,-,-,12,-,-,-,-,-,-,-,-,-,-,-,-,-,-,-,-,-,-,-,-,-,-,-,-,-,12
5941,Samba Sow,Dinamo Moscow,9,-,-,-,-,-,-,-,-,-,-,-,-,-,-,-,-,-,-,-,-,-,-,-,-,-,-,-,-,-,9
8453,Maxim Stavcev,FC Rostov,-,-,-,-,-,-,-,-,-,-,-,-,-,-,-,-,-,-,-,-,-,-,7,-,-,-,-,-,-,-,7
5419,Ivan Lapshov,FC Orenburg,-,-,-,-,-,-,-,-,-,-,-,-,-,-,-,-,-,-,-,-,-,-,-,-,-,-,-,-,6,-,6
2583,Miguel Cardoso,FC Tambov,-,-,-,-,-,-,-,-,-,-,-,-,-,-,-,-,-,-,-,5,-,-,-,-,-,-,-,-,-,-,5
8464,Ilya Golosov,Spartak Moscow,-,-,-,-,-,-,-,-,-,-,-,-,-,-,-,-,-,-,-,-,-,-,-,4,-,-,-,-,-,1,5
3092,Azamat Zaseev,FC Ufa,-,4,-,-,-,-,-,-,-,-,-,-,-,-,-,-,-,-,-,-,-,-,-,-,-,-,-,-,-,-,4
8437,Vladislav Tyurin,Krylya Sovetov Samara,-,-,-,-,-,-,-,-,-,-,-,-,-,-,-,-,-,-,-,-,-,-,-,-,-,-,3,-,-,-,3
8560,Magomedemin Rabadanov,FC Ufa,-,-,-,-,-,-,-,-,-,-,-,-,-,-,-,-,-,-,-,-,-,-,-,-,-,-,-,-,-,3,3
5376,Guram Adzhoev,Arsenal Tula,-,-,-,-,-,-,-,-,-,-,-,-,-,-,-,-,-,-,2,-,-,-,-,-,-,-,-,-,-,-,2
8345,Dmitri Markitesov,Spartak Moscow,-,-,-,-,-,-,-,-,-,-,-,-,-,-,-,-,-,-,-,-,-,-,-,1,1,-,-,-,-,-,2
7477,Maksim Glushenkov,Spartak Moscow,-,-,-,-,-,-,-,-,-,-,-,1,-,-,-,-,-,-,-,-,-,-,-,-,-,-,-,-,-,-,1
8533,Danil Khoroshkov,FC Orenburg,-,-,-,-,-,-,-,-,-,-,-,-,-,-,-,-,-,-,-,-,-,-,-,-,-,1,-,-,-,-,1
3088,Nikita Salamatov,FC Tambov,-,-,-,-,-,-,-,-,-,-,-,-,-,-,-,-,-,-,-,-,-,-,-,-,-,1,-,-,-,-,1
8047,Evgeny Cherkes,FC Rostov,-,-,-,-,-,-,-,-,-,-,-,-,-,-,-,-,-,-,-,-,-,-,-,1,-,-,-,-,-,-,1
8515,Artur Chyorny,Lokomotiv Moscow,-,-,-,-,-,-,-,-,-,-,-,-,-,-,-,-,-,-,-,-,-,-,-,-,-,-,-,-,-,1,1
8463,Nikita Bakaliuk,Spartak Moscow,-,-,-,-,-,-,-,-,-,-,-,-,-,-,-,-,-,-,-,-,-,-,-,-,-,-,-,-,1,-,1
