id,name,team,1,2,3,4,5,6,total
1233,Filip Djuricic,Sassuolo,6,4,1,5,3,-,19
1471,Lorenzo Pellegrini,Roma,4,2,1,5,3,3,18
1145,Rodrigo de Paul,Udinese,4,4,2,4,2,2,18
1810,Roberto Soriano,Bologna,1,2,3,3,1,6,16
1324,Federico Dimarco,Verona,1,6,3,2,-,4,16
189,Hakan Calhanoglu,AC Milan,1,4,3,1,5,1,15
1219,Luis Alberto,Lazio,4,2,4,3,1,-,14
6512,Musa Barrow,Bologna,3,0,6,1,1,3,14
1384,Dries Mertens,Napoli,3,4,2,2,3,-,14
1409,Nicolò Barella,Inter,3,1,3,1,2,4,14
1612,Domenico Berardi,Sassuolo,5,1,2,3,2,-,13
7947,Ruslan Malinovskiy,Atalanta,2,3,0,1,0,7,13
1491,Alejandro Gomez,Atalanta,4,2,2,1,2,1,12
448,Ivan Perisic,Inter,1,1,2,3,2,3,12
1500,Leonardo Spinazzola,Roma,4,1,2,2,0,1,10
1121,Giacomo Bonaventura,Fiorentina,1,1,4,2,1,1,10
317,Henrikh Mkhitaryan,Roma,0,1,3,3,1,2,10
1426,Josip Ilicic,Atalanta,-,-,-,2,6,2,10
1473,Matteo Politano,Napoli,0,0,2,4,4,-,10
9018,M'Bala Nzola,Spezia,-,-,-,2,3,5,10
6691,Dejan Kulusevski,Juventus,3,1,4,2,0,-,10
1148,Duván Zapata,Atalanta,2,0,4,0,2,1,9
1164,Cristiano Biraghi,Fiorentina,3,0,2,2,2,0,9
1170,Gianluca Caprari,Benevento,3,3,0,1,0,2,9
6672,Riccardo Sottil,Cagliari,0,1,2,2,3,1,9
6978,Giovanni Di Lorenzo,Napoli,1,2,3,2,1,-,9
7953,Nahitan Nández,Cagliari,0,1,1,3,1,2,8
504,Aaron Ramsey,Juventus,6,0,-,2,0,-,8
5322,Victor Osimhen,Napoli,4,1,2,0,1,-,8
631,Ashley Young,Inter,3,3,0,-,-,2,8
1134,Mario Pasalic,Atalanta,0,0,6,0,1,1,8
5197,Achraf Hakimi,Inter,1,3,2,2,0,0,8
1804,Álvaro Morata,Juventus,-,1,1,3,2,-,7
594,Romelu Lukaku,Inter,0,0,2,3,2,-,7
7006,Lautaro Martínez,Inter,1,1,1,3,0,1,7
1511,Marcelo Brozovic,Inter,3,0,0,1,1,2,7
1089,Juan Cuadrado,Juventus,3,2,0,2,0,-,7
8034,Georgios Kyriakopoulos,Sassuolo,2,2,0,2,1,0,7
952,Gastón Ramírez,Sampdoria,1,1,3,0,1,1,7
329,Franck Ribéry,Fiorentina,1,5,-,1,-,0,7
6160,Riccardo Orsolini,Bologna,0,0,0,1,2,4,7
1518,Rodrigo Palacio,Bologna,0,0,0,3,2,2,7
1592,João Pedro,Cagliari,2,0,1,1,3,0,7
1238,Luca Cigarini,Crotone,2,1,1,1,2,-,7
1253,Edin Dzeko,Roma,-,2,1,1,1,2,7
1943,Gervinho,Parma Calcio 1913,-,0,2,3,1,1,7
1537,Sasa Lukic,Torino,1,0,3,0,2,-,6
3989,Salvatore Molina,Crotone,2,1,2,0,1,-,6
1122,Manuel Locatelli,Sassuolo,2,0,0,4,0,0,6
1186,Andrea Belotti,Torino,0,0,2,3,1,-,6
621,Aleksandar Kolarov,Inter,1,0,-,0,2,3,6
1826,Nicola Sansone,Bologna,1,3,0,0,2,-,6
1445,Simone Verdi,Torino,0,1,0,4,1,-,6
2547,Theo Hernández,AC Milan,2,0,3,0,0,1,6
7933,Jerdy Schouten,Bologna,1,1,1,0,2,1,6
6208,Antonin Barak,Verona,1,3,1,-,0,1,6
2447,Fabián,Napoli,1,1,1,1,2,-,6
7938,Tommaso Augello,Sampdoria,1,2,1,1,1,0,6
5996,Adrien Tameze,Verona,1,1,1,1,1,1,6
8856,Razvan Marin,Cagliari,0,1,2,0,3,0,6
8297,Alexis Saelemaekers,AC Milan,1,0,2,2,0,1,6
1763,Stefano Okaka,Udinese,3,1,0,1,1,0,6
1165,Gastón Brugman,Parma Calcio 1913,1,1,1,1,2,0,6
1123,Juraj Kucka,Parma Calcio 1913,1,1,1,1,2,0,6
7413,Ibañez,Roma,2,0,1,1,0,2,6
1741,Zlatan Ibrahimovic,AC Milan,1,-,-,2,2,1,6
7927,Sofyan Amrabat,Fiorentina,-,0,3,0,1,2,6
1792,Mário Rui,Napoli,-,-,-,3,2,-,5
8922,Thomas Ouwejan,Udinese,1,0,0,4,0,0,5
1617,Roberto Insigne,Benevento,1,1,-,2,0,1,5
1433,Federico Chiesa,Fiorentina,3,1,1,-,-,-,5
1956,Mohamed Fares,Lazio,-,-,2,0,2,1,5
8910,Paolo Bartolomei,Spezia,1,0,0,-,1,3,5
7939,Morten Thorsby,Sampdoria,1,0,1,1,1,1,5
1209,Ciro Immobile,Lazio,2,1,1,-,1,0,5
1569,Valerio Verre,Sampdoria,2,0,0,3,0,0,5
1958,Mattia Zaccagni,Verona,0,0,0,0,1,4,5
1362,Simy,Crotone,0,0,4,1,0,0,5
8911,Matteo Ricci,Spezia,3,1,0,1,-,0,5
7500,Giacomo Raspadori,Sassuolo,-,-,-,1,3,1,5
8828,Ivan Ilic,Verona,0,-,0,4,0,1,5
5509,Hernani,Parma Calcio 1913,1,1,1,0,1,1,5
1136,Gianluca Lapadula,Benevento,0,1,2,0,1,1,5
7014,Arkadiusz Reca,Crotone,-,0,0,2,2,1,5
1461,Pol Lirola,Fiorentina,2,1,-,1,0,1,5
646,Christian Eriksen,Inter,2,0,-,0,0,3,5
1852,Ante Rebic,AC Milan,4,1,-,-,-,0,5
498,Alexis Sánchez,Inter,2,2,0,1,-,-,5
7193,Rafael Leão,AC Milan,-,1,0,1,2,1,5
687,Pedro,Roma,0,1,1,1,2,0,5
3772,Maxime Lopez,Sassuolo,-,-,-,1,1,2,4
7411,Nicolo Rovella,Genoa,-,-,2,0,2,-,4
6980,Francesco Caputo,Sassuolo,1,1,0,2,0,-,4
3893,Lukas Haraslin,Sassuolo,4,-,-,-,-,-,4
1230,Fabio Quagliarella,Sampdoria,1,0,2,0,0,1,4
8857,Gabriele Zappa,Cagliari,0,0,0,0,3,1,4
1972,Gaetano Letizia,Benevento,1,1,0,0,0,2,4
5700,Yann Karamoh,Parma Calcio 1913,0,1,2,1,0,-,4
1723,Roberto Pereyra,Udinese,-,-,0,0,0,4,4
1903,Kevin Lasagna,Udinese,1,1,1,1,0,0,4
8859,Mikkel Damsgaard,Sampdoria,0,-,1,0,1,2,4
1433,Federico Chiesa,Juventus,-,-,3,-,1,-,4
1281,Giuseppe Pezzella,Parma Calcio 1913,1,-,0,1,2,0,4
1517,Antonio Candreva,Sampdoria,-,1,3,0,-,0,4
1354,Gianmarco Ferrari,Sassuolo,0,2,0,1,0,1,4
2040,Paolo Ghiglione,Genoa,3,0,1,0,-,-,4
1294,Paulo Dybala,Juventus,-,-,-,3,1,-,4
6155,Robin Gosens,Atalanta,2,1,1,0,0,-,4
1241,Pedro Pereira,Crotone,-,2,1,0,1,0,4
3978,Marco Faraoni,Verona,1,1,0,2,0,-,4
8916,Simone Bastoni,Spezia,-,-,-,1,1,2,4
8914,Salvador Ferrer,Spezia,0,0,-,0,0,4,4
1226,Karol Linetty,Torino,2,0,0,2,0,-,4
1574,Davide Calabria,AC Milan,1,0,2,0,0,1,4
1489,Franck Kessié,AC Milan,0,1,1,1,0,1,4
1543,Sergej Milinkovic-Savic,Lazio,1,2,1,0,-,0,4
6180,Manuel Lazzari,Lazio,1,1,1,-,1,-,4
1393,Lorenzo Insigne,Napoli,3,0,-,1,-,-,4
4733,José Luis Palomino,Atalanta,0,0,3,1,0,0,4
1204,Patric,Lazio,0,0,0,1,0,3,4
6974,Mattias Svanberg,Bologna,1,-,1,1,0,1,4
4941,Hans Hateboer,Atalanta,1,1,1,-,0,1,4
6176,Adam Marusic,Lazio,4,0,0,0,0,-,4
1496,Roberto Gagliardini,Inter,-,2,1,-,-,1,4
222,Arturo Vidal,Inter,1,0,0,2,1,0,4
1430,Milan Badelj,Genoa,3,0,1,0,0,-,4
1809,Joaquín Correa,Lazio,0,-,0,1,3,0,4
1395,Vlad Chiriches,Sassuolo,0,0,0,2,1,0,3
1406,Marco Sau,Benevento,1,-,1,1,0,-,3
8819,Mergim Vojvoda,Torino,0,1,1,1,0,-,3
1386,Piotr Zielinski,Napoli,0,2,-,-,1,-,3
1146,Jakub Jankto,Sampdoria,1,1,-,0,1,0,3
1375,Elseid Hysaj,Napoli,0,1,0,-,2,-,3
1099,Tomás Rincón,Torino,0,1,2,0,0,-,3
1468,Gregoire Defrel,Sassuolo,1,0,2,-,-,0,3
1710,Marten de Roon,Atalanta,1,0,0,2,0,-,3
1311,Rade Krunic,AC Milan,0,0,2,0,1,0,3
6421,Brahim Diaz,AC Milan,0,1,2,-,-,0,3
8926,Milos Vulic,Crotone,-,0,1,0,1,1,3
7091,Christian Kouamé,Fiorentina,1,1,1,0,0,0,3
3259,Adam Ounas,Cagliari,-,-,-,0,1,2,3
3,Luca Caldirola,Benevento,0,0,1,0,2,0,3
7909,Gaetano Castrovilli,Fiorentina,0,0,2,0,1,0,3
1488,Remo Freuler,Atalanta,2,0,0,-,-,1,3
1390,Marko Rog,Cagliari,1,0,2,0,0,0,3
6211,Mehdi Leris,Sampdoria,1,-,1,1,0,0,3
411,Albin Ekdal,Sampdoria,0,1,1,0,0,1,3
8838,Junior Messias,Crotone,0,0,1,1,1,0,3
8963,Nahuel Molina,Udinese,-,-,1,-,2,-,3
8882,Daam Foulon,Benevento,0,0,0,1,1,1,3
8913,Emmanuel Gyasi,Spezia,1,1,0,0,1,0,3
1577,Marko Pjaca,Genoa,1,1,-,1,0,-,3
1634,Alessandro Deiola,Spezia,1,0,-,2,-,-,3
7931,Takehiro Tomiyasu,Bologna,0,0,1,2,0,0,3
6253,Gianluca Scamacca,Genoa,-,-,0,-,3,-,3
8944,Giulio Maggiore,Spezia,-,1,2,-,-,-,3
1567,Bruno Peres,Roma,-,0,-,1,0,2,3
1140,Danilo,Bologna,2,0,0,0,0,1,3
2244,Danilo,Juventus,0,1,0,1,1,-,3
7934,Andreas Skov Olsen,Bologna,1,0,2,-,-,-,3
1030,Fernando Forestieri,Udinese,0,2,0,0,1,0,3
1142,Samir,Udinese,1,0,0,1,1,0,3
8161,Ebrima Colley,Verona,-,1,1,1,0,0,3
5360,Weston McKennie,Juventus,1,0,-,-,1,-,2
7375,Roberto Piccoli,Spezia,-,-,1,1,0,-,2
2371,Cristiano Ronaldo,Juventus,2,0,-,-,0,-,2
677,Jordan Veretout,Roma,1,0,0,0,0,1,2
1102,Giovanni Simeone,Cagliari,0,0,1,0,1,0,2
257,Jeremy Toljan,Sassuolo,1,1,0,-,-,-,2
7950,Mert Müldür,Sassuolo,0,1,0,0,0,1,2
1846,Luca Siligardi,Parma Calcio 1913,0,2,-,-,-,-,2
7999,Hirving Lozano,Napoli,1,0,1,0,0,-,2
6517,Charalampos Lykogiannis,Cagliari,0,1,1,0,0,0,2
6362,Rick Karsdorp,Roma,2,-,-,-,0,0,2
3291,Adrien Rabiot,Juventus,0,0,0,2,0,-,2
1997,Andrea Favilli,Verona,-,0,0,2,0,-,2
1376,Kalidou Koulibaly,Napoli,0,0,2,0,0,-,2
475,Lucas Leiva,Lazio,0,0,1,0,0,1,2
3209,Jean-Daniel Akpa-Akpro,Lazio,0,0,1,-,0,1,2
1522,Andrea Ranocchia,Inter,-,-,-,-,1,1,2
1605,Diego Farias,Spezia,1,0,-,0,-,1,2
9002,Vedat Muriqi,Lazio,-,-,-,2,0,0,2
1193,Lorenzo De Silvestri,Bologna,0,1,0,0,1,0,2
1463,Francesco Acerbi,Lazio,0,0,1,0,0,1,2
1484,Rafael Toloi,Atalanta,0,0,-,1,0,1,2
1624,Fabio Depaoli,Atalanta,-,-,-,1,1,-,2
4943,Emanuel Vignato,Bologna,0,-,1,-,1,0,2
6242,Johan Mojica,Atalanta,0,0,0,1,0,1,2
6156,Andreas Cornelius,Parma Calcio 1913,1,-,0,-,1,0,2
1221,Jacopo Sala,Spezia,2,-,0,0,0,-,2
3429,Tiemoué Bakayoko,Napoli,-,-,1,1,0,-,2
6942,Arthur,Juventus,-,1,0,1,0,-,2
8942,Aaron Hickey,Bologna,-,0,0,0,2,0,2
8029,Lisandro Magallán,Crotone,2,0,0,0,0,0,2
1168,Bryan Cristante,Roma,0,-,0,2,0,0,2
8522,Matteo Lovato,Verona,1,0,1,0,0,0,2
1624,Fabio Depaoli,Sampdoria,0,1,-,-,1,-,2
1115,Goran Pandev,Genoa,0,0,0,0,2,-,2
1274,Andrea Rispoli,Crotone,1,0,0,1,0,0,2
6021,Lukas Lerager,Genoa,0,0,-,-,2,-,2
1896,Riccardo Gagliolo,Parma Calcio 1913,-,-,1,1,0,0,2
3739,Soualiho Meité,Torino,0,1,0,0,1,-,2
7097,Ronaldo Vieira,Verona,-,-,-,2,0,-,2
4903,Mamadou Coulibaly,Udinese,2,0,0,-,-,-,2
8909,Juan Ramos,Spezia,2,0,-,-,-,-,2
1846,Luca Siligardi,Crotone,-,-,-,1,-,1,2
4917,Niccolò Zanellato,Crotone,1,1,-,-,-,0,2
1604,Artur Ionita,Benevento,1,0,0,1,0,0,2
6464,Adrien Silva,Sampdoria,-,-,-,1,-,1,2
1106,Darko Lazovic,Verona,-,-,0,0,2,0,2
4907,Bartosz Bereszynski,Sampdoria,1,0,0,1,0,0,2
4699,Simon Kjaer,AC Milan,0,1,0,0,0,1,2
6182,Pasquale Schiattarella,Benevento,0,1,0,0,1,0,2
1166,Ahmed Benali,Crotone,-,-,-,-,2,0,2
2019,Federico Bonazzoli,Sampdoria,1,1,-,-,-,-,2
1341,Ivan Radovanovic,Genoa,2,0,0,0,0,-,2
7472,Wilfried Stephane Singo,Torino,-,-,1,0,0,-,1
6375,Andrea Danzi,Verona,1,-,-,-,-,-,1
2019,Federico Bonazzoli,Torino,-,-,1,-,0,-,1
8912,Tommaso Pobega,Spezia,0,0,0,-,1,0,1
1927,Berat Gjimshiti,Atalanta,-,0,0,0,1,0,1
7937,Julian Chabot,Spezia,0,0,0,0,1,0,1
3387,Nicolas N'Koulou,Torino,0,1,0,0,0,-,1
8010,Kevin Agudelo,Spezia,0,-,0,0,1,0,1
8870,Sam Lammers,Atalanta,0,0,0,1,0,-,1
6252,Lyanco,Torino,-,-,1,0,0,-,1
2044,Daniele Verde,Spezia,-,0,0,1,0,0,1
7218,Cristian Romero,Atalanta,-,0,0,1,-,0,1
1542,Stefan Radu,Lazio,0,1,0,-,-,-,1
6460,Vincenzo Millico,Torino,0,1,-,-,-,-,1
7013,Matteo Pessina,Atalanta,-,-,-,-,-,1,1
308,Ricardo Rodríguez,Torino,-,-,0,1,0,-,1
1400,Nicola Murru,Torino,-,1,0,-,-,-,1
6159,Gianluca Mancini,Roma,1,0,0,0,0,0,1
2303,Samu Castillejo,AC Milan,0,0,-,1,0,-,1
6981,Ismael Bennacer,AC Milan,0,0,0,0,1,0,1
4939,Alessandro Bastoni,Inter,1,-,0,-,0,-,1
3842,Claudio Terzi,Spezia,-,0,-,1,0,0,1
1509,Davide Santon,Roma,0,1,0,0,-,-,1
6169,Giovanni Crociata,Crotone,-,-,-,-,1,-,1
1942,Martín Cáceres,Fiorentina,1,0,0,0,0,0,1
1474,Alfred Duncan,Fiorentina,1,-,0,-,-,0,1
7958,Sandro Tonali,AC Milan,0,1,0,0,-,0,1
1313,Riccardo Saponara,Fiorentina,-,-,1,-,-,-,1
8475,Bosko Sutalo,Atalanta,0,-,0,-,0,1,1
2116,Felipe Caicedo,Lazio,0,1,-,0,-,0,1
7084,Dusan Vlahovic,Fiorentina,0,0,1,0,0,0,1
6174,Nikola Milenkovic,Fiorentina,0,0,1,0,0,0,1
265,Ragnar Klavan,Cagliari,1,0,0,0,0,-,1
7092,Koray Günter,Verona,0,0,1,-,-,0,1
1410,Rafael,Spezia,-,1,0,-,-,-,1
8165,Lucien Agoume,Spezia,-,-,-,-,1,-,1
1639,Sebastiano Luperto,Crotone,-,-,-,0,0,1,1
1203,Wesley Hoedt,Lazio,-,-,-,1,0,0,1
1229,Luis Muriel,Atalanta,1,0,0,0,-,0,1
1133,Cristian Zapata,Genoa,1,-,0,0,0,-,1
5015,Giacomo Vrioni,Juventus,-,-,-,1,-,-,1
7912,Eljif Elmas,Napoli,0,1,-,-,0,-,1
5954,Eldor Shomurodov,Genoa,-,-,1,0,-,-,1
1334,Perparim Hetemaj,Benevento,0,0,0,1,-,-,1
393,Douglas Costa,Juventus,0,1,-,-,-,-,1
2005,Jacopo Dezi,Parma Calcio 1913,0,1,-,-,-,-,1
1504,Alberto Grassi,Parma Calcio 1913,0,0,0,0,1,0,1
6312,Rogerio,Sassuolo,0,-,-,-,0,1,1
1580,Mattia Destro,Genoa,0,1,-,-,-,-,1
8883,Riccardo Improta,Benevento,1,-,0,0,0,0,1
3544,Jeremie Boga,Sassuolo,-,-,-,-,0,1,1
8030,Sebastian Walukiewicz,Cagliari,0,0,0,1,0,0,1
1492,Jasmin Kurtic,Parma Calcio 1913,-,-,0,0,1,0,1
1210,Keita,Sampdoria,-,-,-,0,1,0,1
1302,Emil Audero,Sampdoria,0,0,1,0,0,0,1
542,Pedro Obiang,Sassuolo,1,0,0,0,-,0,1
347,Kaan Ayhan,Sassuolo,0,0,0,0,1,0,1
4348,Tolgay Arslan,Udinese,0,-,0,1,0,0,1
7003,Mehdi Bourabia,Sassuolo,0,0,0,1,0,0,1
6108,Rodrigo Bentancur,Juventus,0,0,1,-,0,-,1
1340,Roberto Inglese,Parma Calcio 1913,0,-,-,-,-,1,1
557,Matteo Darmian,Parma Calcio 1913,0,0,1,-,-,0,1
6997,Ignacio Pussetto,Udinese,-,-,-,0,0,1,1
3536,Jean-Victor Makengo,Udinese,-,-,-,1,-,0,1
1272,Ilija Nestorovski,Udinese,0,1,0,-,-,-,1
4768,Wylan Cyprien,Parma Calcio 1913,-,-,-,0,1,0,1
1493,Andrea Petagna,Napoli,0,-,1,0,0,-,1
505,David Ospina,Napoli,0,-,1,-,0,-,1
6972,Federico Santander,Bologna,0,0,-,0,1,-,1
1264,Edoardo Goldaniga,Genoa,1,0,0,0,0,-,1
1541,Stefan de Vrij,Inter,-,0,0,0,-,1,1
3340,Bryan Dabo,Benevento,0,0,0,0,0,1,1
1465,Stefano Sensi,Inter,0,1,0,-,-,-,1
3925,Gabriele Moncini,Benevento,1,0,0,-,-,0,1
557,Matteo Darmian,Inter,-,-,-,-,1,0,1
4937,Miha Zajc,Genoa,1,0,-,0,0,-,1
1510,Gary Medel,Bologna,-,1,0,-,-,-,1
6971,Mitchell Dijks,Bologna,1,-,-,-,-,-,1
7417,Christian Oliva,Cagliari,1,-,-,-,0,-,1
1523,Danilo D'Ambrosio,Inter,0,-,0,0,1,-,1
1153,Ryder Matos,Udinese,-,1,-,-,-,-,1
5246,Diego Demme,Napoli,0,-,0,1,-,-,1
6277,Fabrizio Caligara,Cagliari,0,1,0,0,-,-,1
4912,Paolo Faragò,Cagliari,1,0,0,-,0,0,1
8252,Nicolás Domínguez,Bologna,1,-,-,0,-,0,1
8124,Andri Fannar Baldursson,Bologna,-,-,-,-,1,-,1
1892,Alex Meret,Napoli,-,0,-,1,-,-,1
1800,Kamil Glik,Benevento,0,0,0,0,0,0,0
1391,Christian Maggio,Benevento,-,0,-,0,0,-,0
8908,Jeroen Zoet,Spezia,0,0,-,-,-,-,0
1320,Federico Barba,Benevento,-,0,-,-,-,-,0
9065,Nahuel Estévez,Spezia,-,-,-,-,0,0,0
1317,Andrés Tello,Benevento,-,-,-,-,-,0,0
1185,Iago Falque,Benevento,-,-,0,0,-,-,0
3997,Antonio Mazzotta,Crotone,0,-,-,-,-,-,0
8975,Gennaro Acampora,Spezia,-,-,0,0,-,-,0
1351,Alex Cordaz,Crotone,0,0,0,0,0,0,0
1643,Luca Marrone,Crotone,0,0,0,0,-,0,0
8888,Giuseppe Di Serio,Benevento,-,-,-,-,0,-,0
8884,Alessandro Tuia,Benevento,0,0,0,-,0,0,0
8881,Lorenzo Montipò,Benevento,0,0,0,0,0,0,0
1397,Fabio Pisacane,Cagliari,0,-,-,-,-,-,0
7971,Jacopo Petriccione,Crotone,-,-,-,0,-,-,0
8880,Matteo Tramoni,Cagliari,-,-,0,-,-,-,0
6201,Andrej Galabinov,Spezia,0,0,0,-,-,-,0
8569,Botond Balogh,Parma Calcio 1913,-,-,-,-,-,0,0
3927,Alessio Cragno,Cagliari,0,0,0,0,0,0,0
8132,Andrea Adorante,Parma Calcio 1913,-,0,-,-,-,-,0
6993,Mattia Sprocati,Parma Calcio 1913,-,0,-,-,-,-,0
6989,Simone Iacoponi,Parma Calcio 1913,0,0,-,0,0,0,0
1104,Leonardo Pavoletti,Cagliari,-,0,0,0,0,0,0
7405,Kiril Despodov,Cagliari,-,0,-,-,-,-,0
1476,Cristian Dell'Orco,Spezia,0,-,-,0,0,0,0
1601,Riccardo Marchizza,Spezia,-,-,0,-,-,-,0
2043,Kastriot Dermaku,Parma Calcio 1913,-,0,0,-,-,-,0
2264,Diego Godín,Cagliari,-,-,0,0,0,0,0
7951,Alessandro Tripaldelli,Cagliari,0,0,-,-,-,-,0
1399,Bruno Alves,Parma Calcio 1913,0,0,0,-,-,-,0
2053,Martin Erlic,Spezia,0,0,0,-,-,-,0
8842,Augustus Kargbo,Crotone,0,-,-,-,-,-,0
8841,Tomislav Gomelt,Crotone,0,-,0,-,-,-,0
8840,Denis Dragus,Crotone,0,0,0,-,-,-,0
9029,Simon Sohm,Parma Calcio 1913,-,-,-,0,0,0,0
1392,Luigi Sepe,Parma Calcio 1913,0,0,0,0,0,0,0
6181,Luca Mora,Spezia,0,-,0,-,-,-,0
6982,Ivan Provedel,Spezia,-,-,-,0,0,0,0
8839,Eduardo Henrique,Crotone,0,0,-,-,-,-,0
8837,Vladimir Golemic,Crotone,0,0,0,0,0,-,0
1306,Vincent Laurini,Parma Calcio 1913,-,0,0,0,-,-,0
4906,Alberto Cerri,Cagliari,-,-,-,-,-,0,0
6125,Stanislav Lobotka,Napoli,0,0,0,0,-,-,0
777,Emmanuel Rivière,Crotone,0,-,-,-,0,-,0
7416,Merih Demiral,Juventus,0,-,0,0,0,-,0
8259,Djavan Anderson,Lazio,-,0,-,0,-,-,0
1117,Andrea Poli,Bologna,-,0,-,-,-,-,0
1305,Lukasz Skorupski,Bologna,0,0,0,0,0,0,0
1458,Ibrahima Mbaye,Bologna,-,-,-,0,-,-,0
7932,Stefano Denswil,Bologna,-,0,0,-,0,0,0
1287,Leonardo Bonucci,Juventus,0,0,0,0,0,-,0
1120,Mattia De Sciglio,Juventus,0,-,-,-,-,-,0
1244,Wojciech Szczesny,Juventus,0,0,-,0,-,-,0
1285,Gianluigi Buffon,Juventus,-,-,0,-,0,-,0
1424,Federico Bernardeschi,Juventus,-,-,0,0,-,-,0
1576,Giorgio Chiellini,Juventus,0,0,-,-,-,-,0
5028,Gianluca Frabotta,Juventus,0,0,0,0,0,-,0
7625,Manolo Portanova,Juventus,-,-,0,-,-,-,0
1093,Mattia Perin,Genoa,0,-,0,0,0,-,0
591,Gerard Deulofeu,Udinese,-,-,-,0,0,0,0
1431,Sebastien De Maio,Udinese,0,0,0,0,0,0,0
3951,Kevin Bonifazi,Udinese,-,-,-,-,0,0,0
5226,Walace,Udinese,-,-,-,-,0,-,0
6129,Nícolas,Udinese,-,-,-,0,0,-,0
6262,Jens Stryger Larsen,Udinese,-,-,-,-,-,0,0
6303,Marvin Zeegelaar,Udinese,0,0,-,-,-,-,0
6806,Rodrigo Becão,Udinese,0,0,0,0,0,0,0
7000,Hidde ter Avest,Udinese,0,0,0,0,-,-,0
7095,Juan Musso,Udinese,0,0,0,-,-,0,0
8487,Martin Palumbo,Udinese,-,0,-,-,-,-,0
1178,Davide Zappacosta,Genoa,0,0,-,-,-,-,0
7940,Denis Vavro,Lazio,-,-,-,0,-,-,0
6177,Luiz Felipe,Lazio,-,-,-,-,-,0,0
2437,Gonzalo Escalante,Lazio,0,0,0,-,0,-,0
1595,Bastos,Lazio,-,0,0,-,-,-,0
1098,Miguel Veloso,Verona,0,0,-,-,-,-,0
1370,Federico Ceccherini,Verona,-,-,-,0,0,0,0
1425,Nikola Kalinic,Verona,-,-,-,0,0,0,0
2042,Lubomir Tupta,Verona,0,-,0,-,-,-,0
6132,Marco Silvestri,Verona,0,0,0,0,0,0,0
6203,Eddie Salcedo,Verona,-,-,0,0,-,-,0
7002,Giangiacomo Magnani,Verona,-,-,-,-,0,0,0
7923,Pawel Dawidowicz,Verona,-,0,-,-,-,0,0
7929,Alan Empereur,Verona,0,-,-,0,0,0,0
8007,Yildirim Mert Cetin,Verona,0,0,0,-,-,-,0
8035,Samuel Di Carmine,Verona,0,0,-,-,-,0,0
8827,Kevin Rüegg,Verona,0,-,-,-,-,-,0
6324,Marash Kumbulla,Roma,-,0,0,0,0,0,0
7609,Carles Pérez,Roma,-,-,0,0,-,0,0
628,Chris Smalling,Roma,-,-,-,-,-,0,0
1380,Amadou Diawara,Roma,0,0,-,-,-,-,0
1609,Antonio Mirante,Roma,0,0,0,0,0,0,0
2252,Borja Mayoral,Roma,-,-,-,0,-,-,0
6750,Gonzalo Villar,Roma,0,-,0,0,0,-,0
6963,Justin Kluivert,Roma,0,-,0,-,-,-,0
922,Andreas Pereira,Lazio,-,-,-,-,0,0,0
1206,Danilo Cataldi,Lazio,0,0,-,0,-,0,0
1207,Marco Parolo,Lazio,0,-,0,0,0,0,0
1214,Thomas Strakosha,Lazio,0,0,0,0,-,-,0
1374,José Reina,Lazio,-,-,-,-,0,0,0
570,Valon Behrami,Genoa,0,0,0,0,0,-,0
1114,Davide Biraschi,Genoa,0,0,-,-,0,-,0
8820,Jacopo Segre,Torino,-,0,-,0,-,-,0
1119,Alessio Romagnoli,AC Milan,-,-,-,0,0,0,0
1501,Marco Sportiello,Atalanta,0,0,0,0,0,0,0
2143,Germán Pezzella,Fiorentina,-,-,-,0,0,-,0
1370,Federico Ceccherini,Fiorentina,0,0,0,-,-,-,0
1382,José Callejón,Fiorentina,-,-,-,0,0,0,0
1422,Borja Valero,Fiorentina,0,0,-,-,-,-,0
1448,Erick Pulgar,Fiorentina,-,-,-,0,0,0,0
1555,Bartlomiej Dragowski,Fiorentina,0,0,0,0,0,0,0
4918,Patrick Cutrone,Fiorentina,0,0,0,0,0,0,0
6191,Lorenzo Venuti,Fiorentina,0,-,-,-,0,-,0
7943,Igor Julio,Fiorentina,-,-,-,0,-,-,0
9019,Lucas Martínez Quarta,Fiorentina,-,-,-,-,0,0,0
1116,Gianluigi Donnarumma,AC Milan,0,0,0,0,-,0,0
1416,Ciprian Tatarusanu,AC Milan,-,-,-,-,0,-,0
1200,Federico Marchetti,Genoa,-,0,-,-,-,-,0
4920,Matteo Gabbia,AC Milan,0,0,0,-,-,-,0
7281,Diogo Dalot,AC Milan,-,-,-,-,-,0,0
7919,Léo Duarte,AC Milan,0,-,-,-,-,-,0
8163,Daniel Maldini,AC Milan,-,-,0,-,-,-,0
8478,Lorenzo Colombo,AC Milan,-,0,0,-,-,-,0
8974,Jens Petter Hauge,AC Milan,-,-,0,-,-,-,0
6960,Bremer,Torino,0,0,-,0,0,-,0
1096,Armando Izzo,Torino,0,-,-,-,-,-,0
1515,Cristian Ansaldi,Torino,0,-,0,0,-,-,0
1642,Simone Zaza,Torino,0,0,-,-,-,-,0
3301,Salvatore Sirigu,Torino,0,0,0,0,0,-,0
5091,Alex Berenguer,Torino,0,0,-,-,-,-,0
1486,Mattia Caldara,Atalanta,0,-,-,-,-,-,0
4895,Andrea Pinamonti,Inter,-,-,-,-,0,0,0
1505,Samir Handanovic,Inter,0,0,0,0,0,0,0
1251,Radja Nainggolan,Inter,0,-,-,-,0,0,0
1348,Vittorio Parigini,Genoa,-,-,0,-,-,-,0
1485,Andrea Masiello,Genoa,-,0,0,-,-,-,0
3065,Domenico Criscito,Genoa,-,-,-,-,0,-,0
4959,Filippo Melegoni,Genoa,0,0,-,0,0,-,0
4970,Luca Pellegrini,Genoa,-,0,-,0,0,-,0
6212,Mattia Bani,Genoa,-,-,0,0,-,-,0
8298,Lennart Czyborra,Genoa,0,-,0,0,-,-,0
9043,Steeve-Mike Eboa Ebongue,Genoa,-,-,0,-,-,-,0
7096,Omar Colley,Sampdoria,0,0,-,-,-,-,0
845,Maya Yoshida,Sampdoria,0,-,0,0,0,0,0
1224,Vasco Regini,Sampdoria,-,-,0,-,-,-,0
1383,Manolo Gabbiadini,Sampdoria,-,0,-,-,-,-,0
1394,Lorenzo Tonelli,Sampdoria,0,0,0,0,0,0,0
8309,Kristoffer Askildsen,Sampdoria,-,-,0,-,-,-,0
8953,Antonio Palumbo,Sampdoria,-,-,0,-,-,-,0
1460,Andrea Consigli,Sassuolo,0,0,0,0,0,0,0
1464,Federico Peluso,Sassuolo,-,-,0,0,-,-,0
1470,Federico Ricci,Sassuolo,-,0,-,-,-,-,0
5056,Marlon Santos,Sassuolo,-,-,-,-,-,0,0
6986,Hamed Junior Traore,Sassuolo,-,0,0,0,0,0,0
1246,Kostas Manolas,Napoli,0,0,0,0,0,-,0
1377,Nikola Maksimovic,Napoli,-,0,-,-,-,-,0
1387,Faouzi Ghoulam,Napoli,-,0,0,0,-,-,0
3632,Kevin Malcuit,Napoli,-,-,0,-,-,-,0
1223,Milan Skriniar,Inter,-,0,0,-,-,-,0
9090,Ardian Ismajli,Spezia,-,-,-,-,-,0,0
