id,name,team,1,2,3,4,5,6,7,8,9,10,11,12,total
3063,Artem Dzyuba,Zenit St. Petersburg,0.1291,-,0.5728,0.4889,0.0706,0.0247,0.155,0.1128,0.6503,0.822,0.0,0.0,3.0262
4605,Anton Miranchuk,Lokomotiv Moscow,-,0.0,0.4015,0.0313,0.208,0.0844,0.0409,0.6746,1.1273,0.3016,0.0,0.0,2.8696
3131,Zelimkhan Bakaev,Spartak Moscow,0.4688,0.0,0.0,0.0368,0.9479,0.4326,0.1647,0.0,0.0,0.4075,-,0.0623,2.5206
7453,Khvicha Kvaratskhelia,Rubin Kazan,1.0006,0.0974,0.4912,0.0,0.1594,0.0616,0.0,0.1587,0.4291,0.0484,0.0,0.0,2.4464
2946,Bernard Berisha,FK Akhmat,0.1645,0.0712,0.4896,0.2686,0.0,0.0,0.1679,0.0232,0.0079,-,0.4381,0.7492,2.3802
2450,Wanderson,FC Krasnodar,1.0816,0.9214,0.0928,-,0.0433,0.0444,-,0.1572,-,-,-,-,2.3407
7770,Jordan Larsson,Spartak Moscow,0.1221,0.0,0.2253,0.0,0.0728,0.3515,0.0925,0.0,0.1028,0.1506,0.714,0.4917,2.3233
7283,Daniil Utkin,FC Krasnodar,0.1427,0.0387,0.2559,0.5181,0.3058,0.1087,-,0.1069,0.2855,0.3589,0.0746,0.0247,2.2205
2896,Mario Fernandes,CSKA Moscow,0.7823,0.089,0.0277,0.1564,0.1872,0.0,0.1002,0.4947,0.0802,0.2214,-,0.0222,2.1613
7630,Kings Kangwa,Arsenal Tula,0.0,0.2517,-,0.0637,0.7431,0.3306,0.0248,0.5042,0.0466,0.0372,0.0164,0.0,2.0183
8634,Hwang In-Beom,Rubin Kazan,-,-,-,0.0362,0.5025,0.299,0.0977,-,0.8688,0.0,0.0214,0.0905,1.9161
8360,Darko Jevtic,Rubin Kazan,0.1081,0.1082,0.4247,0.0158,0.0,0.3288,0.0,0.537,-,0.0687,-,0.3199,1.9112
2771,Christian Noboa,PFC Sochi,0.1013,0.0938,0.7688,0.4354,0.0276,0.0235,0.0,0.043,0.0142,0.0228,0.3781,-,1.9085
2928,Joãozinho,PFC Sochi,-,0.1755,0.5426,0.3219,0.1917,0.0723,0.1244,0.1125,0.101,0.0784,0.1309,0.0,1.8512
5286,Douglas Santos,Zenit St. Petersburg,0.1125,0.1562,0.029,0.1246,0.1232,0.0793,0.5061,0.0333,0.1469,0.1083,0.2027,0.2185,1.8406
5454,Fedor Chalov,CSKA Moscow,0.0191,-,-,-,0.0,0.6413,0.0,0.0842,0.0375,0.0723,0.3394,0.6297,1.8235
2751,Aleksey Ionov,FC Rostov,0.0,0.1132,0.0497,0.0669,0.1199,0.0352,0.0846,-,0.8623,0.4877,-,-,1.8195
5397,Alexander Sobolev,Spartak Moscow,0.4977,0.6698,0.4876,0.0,0.0941,0.0,0.02,0.0,0.0,0.0,-,-,1.7692
7631,Sebastian Szymanski,Dinamo Moscow,0.4004,0.072,0.1164,0.0419,0.0589,0.0,0.0409,0.141,0.4798,0.0465,0.2429,0.1207,1.7614
2745,Dmitry Zhivoglyadov,Lokomotiv Moscow,0.0,0.3127,1.0099,-,-,-,0.0,0.0925,0.0,0.1032,0.0,0.2268,1.7451
6276,Nikola Vlasic,CSKA Moscow,-,-,0.0176,0.0,0.1315,0.1707,0.0711,0.2022,0.0,0.3417,0.0,0.767,1.7018
3162,Khoren Bayramyan,FC Rostov,0.0,0.0,0.0,0.635,0.0,0.1289,0.5537,-,0.0,0.0,-,0.346,1.6636
5483,Eric Bicfalvi,Ural,0.0539,0.0,0.1114,0.6026,0.0,0.0,0.5596,0.0755,-,-,0.1353,0.1012,1.6395
7121,Djorde Despotovic,Rubin Kazan,0.0,0.0,0.0,0.039,0.8313,0.0,0.2129,0.104,0.0,0.0,0.0736,0.3157,1.5765
2772,Aleksandr Erokhin,Zenit St. Petersburg,-,0.0,0.0,0.8377,0.0,0.0,0.0,0.0,0.0709,0.1359,0.1157,0.4098,1.57
7668,Marcus Berg,FC Krasnodar,0.0697,0.0,0.4423,0.0,0.0,0.2177,-,0.4656,0.2478,0.1116,0.0,-,1.5547
2774,Sardar Azmoun,Zenit St. Petersburg,0.0149,0.0733,0.0738,0.9969,0.0373,0.0,0.1479,0.0,0.1219,0.0,0.0438,-,1.5098
2057,Ezequiel Ponce,Spartak Moscow,0.0779,0.2324,0.5746,0.0634,-,-,0.0184,0.0,0.0134,0.0324,0.0,0.3967,1.4092
7648,Tonny Vilhena,FC Krasnodar,-,-,-,0.0,0.0,0.1315,-,0.4234,0.0826,0.0,0.0,0.7471,1.3846
7680,Andrey Mostovoy,Zenit St. Petersburg,0.0,0.068,-,0.5669,0.0,0.295,0.0266,0.1021,0.1366,0.0662,0.0638,0.0579,1.3831
2750,Roman Zobnin,Spartak Moscow,0.1537,0.1934,0.0291,0.0,0.1487,0.1283,0.0582,0.2027,0.0,0.0,0.4271,0.0,1.3412
2920,Sergei Petrov,FC Krasnodar,0.3657,0.1039,0.1082,0.0,0.0925,0.5551,-,0.0,0.1104,-,0.0,-,1.3358
8601,Artem Polyarus,Khimki,0.0583,0.4248,0.2044,0.2944,0.0433,0.2004,0.0723,0.0,-,-,-,-,1.2979
2869,Reziuan Mirzov,Khimki,-,-,-,-,-,-,-,-,-,0.491,0.1685,0.5612,1.2207
8347,Maksim Nenakhov,FK Akhmat,0.0583,0.0397,-,0.0,0.3196,0.0,0.2134,0.5717,0.0,0.0,-,0.0118,1.2145
5459,Konstantin Kuchaev,CSKA Moscow,0.0963,0.0544,0.0,0.0264,0.0,0.6088,0.0314,0.0653,0.1254,0.1313,0.0166,0.0336,1.1895
5526,Dmitrii Skopintcev,Dinamo Moscow,0.2341,0.7359,0.0646,0.039,0.0,0.0,0.0154,0.0,0.0,0.0,0.0629,0.0268,1.1787
5394,Valeriu Ciuperca,FC Tambov,0.0,0.0,0.0,0.0,0.3418,0.0122,0.0,0.0624,0.0,0.7321,0.0,0.0285,1.177
8017,Alex Kral,Spartak Moscow,0.0,0.0,0.4279,0.414,0.0353,0.0,0.0124,0.0,0.1007,0.1754,0.0,0.0,1.1657
2985,Elmir Nabiullin,PFC Sochi,0.0,-,0.0,-,0.8494,0.0,0.0,0.0746,0.0814,0.1473,0.0,-,1.1527
5442,Ivan Oblyakov,CSKA Moscow,0.0981,0.0103,0.1372,0.0749,0.1136,0.0,0.3614,0.0732,0.2134,0.0266,0.0,0.0318,1.1405
3390,Rémy Cabella,FC Krasnodar,0.0746,0.1467,0.0128,-,-,0.0795,-,0.6922,0.0566,0.0218,0.0433,-,1.1275
8361,Denis Makarov,Rubin Kazan,0.0,0.2897,0.0,0.1941,0.0399,0.0,0.0326,0.0156,0.0814,0.0,0.4602,-,1.1135
2826,Aleksandr Zuev,Rubin Kazan,-,-,-,0.0116,0.4496,0.4877,0.0565,0.0902,0.0124,-,0.0,0.0,1.108
7667,Aleksey Rybin,FC Tambov,0.0,0.1071,0.0,-,0.0768,0.4586,0.0,0.0,-,0.4318,0.0295,-,1.1038
2925,Fedor Smolov,Lokomotiv Moscow,0.4497,0.1031,0.0,0.4513,-,0.0,0.0,0.0092,0.0,-,0.0487,0.0,1.062
7678,Soltmurad Bakaev,Rubin Kazan,0.0,0.0508,0.1894,0.1155,0.0,-,0.1586,0.0163,0.043,0.2967,0.0644,0.1264,1.0611
2915,Georgy Schennikov,CSKA Moscow,0.0802,0.1105,0.0753,0.1173,0.0,0.0,0.0,0.0,0.6714,-,-,-,1.0547
6810,Nayair Tiknizyan,CSKA Moscow,0.4423,0.0,0.0123,0.016,0.0,0.0981,0.0,0.3781,0.0243,0.0499,0.0,0.0286,1.0496
8599,Ilya Kukharchuk,Khimki,0.0,-,-,-,0.0,-,-,-,0.274,0.4625,0.2162,0.0894,1.0421
5477,Cristian Ramírez,FC Krasnodar,0.0686,0.0517,0.0621,0.0281,0.0743,0.0,-,0.3915,0.1067,0.0928,0.1239,0.0346,1.0343
3262,Malcom,Zenit St. Petersburg,0.0355,0.1572,0.0,0.026,0.1437,0.0,0.4121,0.1224,0.0419,0.091,-,-,1.0298
5538,Vyacheslav Karavayev,Zenit St. Petersburg,0.0841,0.0,0.0649,0.3142,0.0,0.0,0.1777,0.1266,0.1569,0.0521,0.0475,0.0,1.024
5536,Daniil Fomin,Dinamo Moscow,0.063,0.0798,0.0,0.0,0.0103,0.1009,0.0136,0.2335,0.0696,0.1985,0.0,0.2481,1.0173
8348,Miroslav Bogosavac,FK Akhmat,0.0,0.0,0.53,0.0,0.0,0.0,0.155,0.0094,-,0.0829,0.2145,0.0,0.9918
2929,Yuri Gazinskiy,FC Krasnodar,0.0,0.0,0.8578,0.0,0.0,0.0918,-,-,0.0209,0.009,-,0.0,0.9795
3055,Igor Smolnikov,FC Krasnodar,0.0115,0.0,-,0.3985,0.0163,-,-,0.4525,0.0,0.0216,0.0,0.0609,0.9613
5497,Vladimir Iljin,FK Akhmat,0.0,0.0,0.2764,0.0,0.4446,0.0,0.0599,0.0,0.1783,0.0,-,0.0,0.9592
2968,Magomed Ozdoev,Zenit St. Petersburg,0.0157,0.0196,0.1777,0.0292,0.09,0.0392,0.2227,0.21,0.1435,0.0,0.0,0.0,0.9476
5478,Viktor Claesson,FC Krasnodar,-,-,0.0,0.1434,0.0975,0.1375,-,0.5336,0.0,0.0,0.0,-,0.912
6598,Igor Kalinin,Ural,0.3466,0.0,0.0,0.3912,0.0,-,-,-,0.0419,0.0,0.1293,-,0.909
7650,Murilo Cerqueira,Lokomotiv Moscow,0.0,0.0,0.5904,0.0,0.0,0.0,0.0,0.0,0.3077,0.0,0.0,0.0,0.8981
8607,Adolfo Gaich,CSKA Moscow,0.0,0.0,0.3441,0.0,0.0,-,-,-,0.0,-,0.5522,0.0,0.8963
2789,Denys Kulakov,Ural,0.071,0.0852,0.0458,0.0471,0.0,0.3792,0.0,0.0,0.0,0.0,0.1059,0.1386,0.8728
6800,Daniil Krugovoy,Zenit St. Petersburg,0.0,0.0,0.1122,0.0844,-,0.0,0.0223,0.6103,-,0.0,0.0417,0.0,0.8709
2884,Roman Eremenko,FC Rostov,0.0,0.0136,0.0316,-,0.0714,0.0,0.018,-,0.0,-,0.6829,0.0525,0.87
5924,Sebastián Driussi,Zenit St. Petersburg,0.6465,0.096,0.0,0.0358,0.0,-,-,-,-,-,0.0887,0.0,0.867
6580,Danil Glebov,FC Rostov,0.0,-,0.0238,0.0187,0.0,0.0195,0.0117,-,0.0,-,0.3256,0.4667,0.866
2705,Vedran Corluka,Lokomotiv Moscow,0.0,0.0,0.0223,0.0,0.0,0.06,0.0,0.0,0.0,0.7202,-,0.063,0.8655
7158,Zoran Nizic,FK Akhmat,0.0,0.0,-,-,0.0,0.0,0.0,0.0,-,0.0,0.0,0.8418,0.8418
3015,Nikolay Komlichenko,Dinamo Moscow,0.0663,0.0771,0.0166,0.5723,0.0,0.0,0.0,-,0.0,0.0,0.0211,0.0828,0.8362
3058,Yuri Zhirkov,Zenit St. Petersburg,0.0,-,0.0581,-,0.1131,0.0,0.6419,0.0,0.0,-,-,-,0.8131
2880,Sergey Tkachev,Arsenal Tula,-,0.1266,0.1683,-,0.0,0.0,0.119,0.0133,0.3462,0.0238,-,-,0.7972
7452,Dmitri Rybchinsky,Lokomotiv Moscow,0.1635,0.1768,0.0,0.0,0.107,0.0417,0.0,0.0,0.0889,0.0,0.2007,0.0174,0.796
6585,Kristijan Bistrovic,CSKA Moscow,0.0,-,-,0.179,-,0.0,0.0,0.5788,0.0271,-,0.0,-,0.7849
4695,Arshak Koryan,Khimki,0.0,0.038,0.0149,0.2685,0.0,0.4471,0.0,0.0162,-,-,-,-,0.7847
6024,Ismael,FK Akhmat,0.0224,0.0,0.0167,0.0788,0.0116,0.1162,0.0,0.0416,0.4259,-,-,0.0649,0.7781
7183,Daniil Khlusevich,Arsenal Tula,0.0,0.0162,0.0,0.0,0.0688,0.0,0.0255,0.0,0.0,0.0591,0.0,0.5633,0.7329
237,Robert Bauer,Arsenal Tula,0.4946,0.0,0.0,0.0,0.036,0.0,0.0,0.0,0.0462,-,0.0,0.1517,0.7285
7011,Lovro Bizjak,FC Ufa,-,0.3305,-,0.0,0.014,-,0.0,0.0184,0.305,0.0214,-,-,0.6893
5893,Oleg Danchenko,FC Ufa,-,-,0.0988,0.022,0.0142,0.0,0.1007,0.0,0.0,0.4451,-,-,0.6808
2711,Aleksey Miranchuk,Lokomotiv Moscow,0.0,0.1544,0.4425,0.0792,-,-,-,-,-,-,-,-,0.6761
9013,Sébastien Thill,FC Tambov,-,-,-,-,-,-,-,-,-,-,0.6716,-,0.6716
5469,Evgeniy Chernov,FC Krasnodar,-,-,-,-,-,0.1611,-,-,-,-,0.0,0.5007,0.6618
6587,Othman El Kabir,Ural,-,0.0473,-,-,-,-,0.4762,0.0604,0.0,0.074,-,-,0.6579
2414,Grzegorz Krychowiak,Lokomotiv Moscow,0.0,0.0532,0.0,0.0,0.0887,-,0.0,0.0,-,0.3153,0.1499,0.0445,0.6516
3178,Dmitri Efremov,Ural,-,0.2707,0.3704,0.0,-,-,-,-,-,-,0.0,-,0.6411
7475,Ayrton Lucas,Spartak Moscow,0.0,0.0,0.0189,0.508,0.055,0.0,0.0342,0.0,0.0,0.0121,0.0112,0.0,0.6394
3035,Evgeni Lutsenko,Arsenal Tula,0.0,0.0283,0.0,0.5173,0.0879,-,-,0.0,-,-,-,-,0.6335
8072,Nikolay Poyarkov,FC Rostov,-,-,-,-,-,-,-,-,-,-,0.5422,0.0897,0.6319
6611,Vyacheslav Grulev,Dinamo Moscow,0.0,-,-,0.0,-,0.0,0.0142,0.0,0.0761,0.4441,0.0,0.0759,0.6103
8359,Oliver Abildgaard,Rubin Kazan,0.0598,0.4617,0.0115,0.0423,0.0,0.0,0.0173,0.0,0.0146,0.0,0.0,-,0.6072
963,Eder,Lokomotiv Moscow,-,-,0.0,0.0873,0.0,0.0,0.0,0.0137,0.257,0.1513,0.0,0.0943,0.6036
5461,Odise Roshi,FK Akhmat,-,0.0574,0.3683,0.1128,0.0,0.0598,-,-,-,-,0.0,-,0.5983
6025,Ivan Ignatyev,Rubin Kazan,0.0259,0.1123,0.0341,0.4116,0.0,0.0,-,0.0,0.0,-,0.0,-,0.5839
3196,Kamil Mullin,FC Rotor Volgograd,0.0386,0.0,0.0105,0.084,0.0,0.0,-,-,-,0.0,0.4412,0.0,0.5743
8602,Kamran Aliev,Khimki,0.0097,0.0,0.0,0.0,0.0,0.0678,0.3856,0.109,-,0.0,-,-,0.5721
7476,Nail Umiarov,Spartak Moscow,0.0,0.0,0.1344,0.234,0.0,0.0,0.1858,0.0117,0.0,-,0.0,0.0,0.5659
2785,Timofey Margasov,PFC Sochi,0.0644,0.0128,0.0,0.0166,0.1652,0.0495,0.0,0.0,-,0.1289,0.0522,0.0528,0.5424
2964,Saba Kverkvelia,FC Rotor Volgograd,-,-,-,-,0.5112,0.0,-,-,0.0,0.0282,-,0.0,0.5394
5890,Pavel Karasev,FC Tambov,0.0,0.2749,0.0,0.0,0.0194,0.2446,0.0,0.0,0.0,0.0,0.0,0.0,0.5389
960,Clinton N'Jie,Dinamo Moscow,0.0701,0.0722,0.0,0.0515,-,0.1468,0.0,0.1397,0.05,0.0,0.0,0.0,0.5303
8622,Vitali Lisakovich,Lokomotiv Moscow,-,0.0,0.0,0.0,0.4615,0.0,0.0639,0.0,-,0.0,0.0,0.0,0.5254
6275,Evans Kangwa,Arsenal Tula,0.0,0.0,-,0.1086,0.0,0.0,0.0,0.0788,0.0,0.1313,0.2037,0.0,0.5224
2822,George Melkadze,FK Akhmat,-,-,-,0.0,0.2934,0.1027,0.0183,0.0,0.091,0.0,0.0151,0.0,0.5205
7448,Wilmar Barrios,Zenit St. Petersburg,0.0,0.0,0.0,0.0087,0.0393,-,0.0999,0.0561,0.3132,0.0,0.0,0.0,0.5172
8354,Oleksandr Kaplienko,FC Tambov,0.0,0.1804,0.0,0.0,0.0307,-,0.1801,0.0314,0.0,0.0414,0.0,0.0532,0.5172
2986,Nikita Burmistrov,PFC Sochi,0.1284,0.1575,0.0267,0.0,0.0296,0.1181,0.0368,0.0,0.0,0.0,0.0,0.0,0.4971
8368,Kirill Zaika,PFC Sochi,0.0,0.1787,-,0.1906,0.0522,0.0,-,0.0,0.0,-,0.0191,0.0485,0.4891
8364,Maksim Kutovoi,FC Krasnodar,0.0,-,0.0,0.0,-,-,-,0.0739,0.0,0.3986,-,-,0.4725
2924,Pavel Mamaev,FC Rostov,0.0,0.0391,0.1046,0.2816,-,-,0.0,-,-,0.0,0.0424,0.0,0.4677
7023,Dennis Hadzikadunic,FC Rostov,0.0,0.0187,0.0,0.0,0.0145,0.0,0.0,-,0.4332,0.0,0.0,0.0,0.4664
13,Konstantin Rausch,Dinamo Moscow,-,-,-,-,-,-,-,-,0.4631,-,-,0.0,0.4631
2887,Kirill Panchenko,FC Tambov,0.0331,0.0,0.0,0.0,0.0,0.0,0.4137,0.0,0.0126,0.0,-,-,0.4594
3062,Oleg Shatov,Rubin Kazan,-,-,-,0.0,0.0,0.0,0.0871,0.0,0.2305,0.0,0.1417,0.0,0.4593
2899,Aleksandr Sukhov,FC Ufa,-,0.0,0.0,0.0,0.0151,0.4406,0.0,0.0,0.0,-,0.0,0.0,0.4557
5469,Evgeniy Chernov,FC Rostov,0.1709,0.0,0.0124,0.0,0.1001,0.1611,0.0,-,0.0,0.0,-,-,0.4445
5723,Emanuel Mammana,PFC Sochi,-,0.0,0.0,0.0,0.0,0.0,0.0,0.0,0.0,0.4188,0.0,0.0241,0.4429
7470,Mathias Normann,FC Rostov,0.0,0.0,0.0,0.0286,0.0,0.0,0.1324,-,0.0,0.2819,-,-,0.4429
2832,Brian Idowu,Khimki,0.0,0.0615,0.0126,0.0079,-,0.0,0.1185,0.0,0.1169,0.0445,0.081,0.0,0.4429
8601,Artem Polyarus,FK Akhmat,-,-,-,0.2944,-,-,-,-,-,0.0508,0.0945,-,0.4397
5954,Eldor Shomurodov,FC Rostov,0.1308,0.0,0.0,0.1324,0.0807,0.0373,0.0,-,0.0545,-,-,-,0.4357
2990,Ibrahim Tsallagov,PFC Sochi,0.0155,0.3384,0.0092,0.0,0.0,0.021,0.0,0.0,-,-,0.0,0.0429,0.427
7659,Vladimir Obukhov,FC Tambov,0.0939,0.0,0.0723,0.0,0.0,0.0,0.1076,0.0127,0.1397,-,-,-,0.4262
7865,Kirill Folmer,FC Ufa,0.066,0.2149,0.0627,-,0.0126,0.0,0.0,-,0.0,0.0698,0.0,-,0.426
9025,Artur Sokhiev,FC Rostov,-,-,-,-,-,-,-,-,-,-,0.4243,-,0.4243
7479,Kristoffer Olsson,FC Krasnodar,0.2002,0.0,0.1139,0.0,0.0,0.0138,-,0.0508,0.0096,-,0.0176,-,0.4059
7521,Konstantin Maradishvili,CSKA Moscow,0.0,0.0278,0.0,0.0673,0.0912,0.0,0.1081,0.029,-,0.0786,0.0,0.0,0.402
2828,Sergey Parshivlyuk,Dinamo Moscow,0.0,0.0,0.0848,0.0295,0.0482,0.0,0.0,-,0.0742,0.145,-,0.0203,0.402
3189,Egor Danilkin,Khimki,0.0,0.0,0.0,0.0,0.0,0.0122,0.0,0.0466,0.0,0.0,0.3412,0.0,0.4
2792,Mikhail Merkulov,Rubin Kazan,0.0651,0.0,-,0.0,0.0,0.3345,0.0,0.0,-,-,-,-,0.3996
6890,Danijel Miskic,Ural,-,0.0,0.0,0.0,0.0124,0.0137,0.0,0.3723,0.0,0.0,0.0,0.0,0.3984
3067,Artur Yusupov,PFC Sochi,-,-,-,-,-,-,0.0,0.0,0.0,0.0176,0.379,0.0,0.3966
6793,Daniil Lesovoy,Dinamo Moscow,-,-,-,0.0,-,-,-,0.104,0.0963,0.0602,0.0432,0.0889,0.3926
2805,Sergey Serchenkov,FC Rotor Volgograd,0.0,-,0.0,0.3836,0.0,0.0,-,-,-,-,-,-,0.3836
8356,Evgeni Shlyakov,FC Tambov,0.0,0.0,0.0,0.0716,0.0,0.0,0.0405,0.077,0.1072,0.0,0.0816,0.0,0.3779
7471,Baktiyor Zainutdinov,FC Rostov,0.0,0.2633,0.0517,0.0627,-,-,-,-,-,-,-,-,0.3777
2902,Pavel Alikin,FC Ufa,-,0.0,0.0,0.3707,0.0,0.0,0.0,-,-,-,-,-,0.3707
3924,Hördur Bjorgvin Magnusson,CSKA Moscow,-,0.0,0.0,0.0163,0.0,0.0575,0.0,0.2963,0.0,0.0,-,0.0,0.3701
7663,Maksim Osipenko,FC Rostov,0.0,0.0,0.0,0.0243,0.125,0.0122,0.0,-,0.0,0.1785,0.0,0.0251,0.3651
6797,Filip Uremovic,Rubin Kazan,0.0774,0.0257,0.0247,0.0224,0.0653,0.0,-,0.0605,0.068,0.0,0.0153,0.0,0.3593
2881,Alan Dzagoev,CSKA Moscow,0.1477,0.0,-,-,-,-,-,-,-,0.0,0.0741,0.1361,0.3579
5385,Mikhail Kostyukov,FC Tambov,0.0,0.1129,0.0895,0.0,0.0364,0.0,0.0,0.0,0.0,0.0604,0.0531,0.0,0.3523
6805,Azer Aliev,FC Ufa,0.0,0.0,0.0259,0.0,0.0428,0.0132,0.1516,0.0824,0.0,0.0088,-,0.0236,0.3483
7136,Arnór Sigurdsson,CSKA Moscow,0.0,0.0851,0.0,0.0,0.0646,-,-,0.1944,0.0,0.0,-,0.0,0.3441
7304,Danil Stepanov,FC Rotor Volgograd,0.0,0.0,0.026,0.0,0.0,0.308,-,-,-,0.0,0.0,0.0,0.334
5417,Mohamed Konate,Khimki,0.0,0.0,0.0,0.0,0.0,0.0,-,-,0.0,0.0235,0.3102,0.0,0.3337
2784,Denis Terentjev,FC Rostov,-,-,-,-,-,-,-,-,-,-,0.0096,0.3215,0.3311
2818,Zé Luís,Lokomotiv Moscow,-,-,-,-,-,-,-,-,-,-,0.3042,0.0231,0.3273
8374,Valeri Gromyko,Arsenal Tula,0.0,0.0,-,0.1174,0.1023,0.0,0.0,0.0,0.1046,0.0,0.0,-,0.3243
8386,Aleksandr Gapechkin,FC Rostov,-,-,-,-,-,-,-,-,-,-,0.314,-,0.314
2852,Andrey Semenov,FK Akhmat,0.0,0.0,0.1979,0.0,0.0,0.026,-,-,0.0897,-,-,0.0,0.3136
2974,Vladimir Dyadyun,Khimki,0.057,0.0,0.0485,-,-,-,0.0922,0.0,0.0608,0.048,0.0,0.0,0.3065
5458,Timur Zhamaletdinov,FC Ufa,-,0.0301,0.0295,0.0,0.0908,0.0695,0.0,0.0177,-,0.0539,0.0,0.0,0.2915
8618,Oleg Aleinik,FC Rotor Volgograd,0.0201,0.0,0.0666,0.0175,0.0204,0.0611,-,-,0.0855,0.0,0.0179,-,0.2891
2856,Maciej Rybus,Lokomotiv Moscow,0.0106,0.0,0.0095,0.0,-,0.0392,0.0,0.1266,0.0,0.0435,0.0,0.0593,0.2887
3026,Artem Timofeev,FK Akhmat,0.0,-,0.0365,0.0,0.0,0.0821,0.0179,0.0793,0.0601,0.0104,-,0.0,0.2863
8624,Marat Bystrov,FK Akhmat,-,-,0.174,0.0623,0.0464,-,0.0,0.0,0.0,0.0,0.0,0.0,0.2827
8782,Eduard Spertsyan,FC Krasnodar,-,-,-,-,-,-,-,0.1315,-,0.0,-,0.1207,0.2522
2593,Bojan Jokic,FC Ufa,0.0,0.0,0.0,-,-,-,0.0,0.0,0.0994,0.0417,0.1003,0.0,0.2414
2721,Dimitri Barinov,Lokomotiv Moscow,0.0,0.2198,0.0187,0.0,-,-,-,-,-,-,-,-,0.2385
2907,Sly,Dinamo Moscow,0.1712,0.0,0.0,0.0,0.0,0.0583,0.0,0.0,0.0,-,-,-,0.2295
3168,Sergei Makarov,FC Rotor Volgograd,0.013,0.0,0.1185,0.0376,0.0599,0.0,-,-,0.0,0.0,0.0,0.0,0.229
7471,Baktiyor Zainutdinov,CSKA Moscow,-,-,-,-,0.0325,0.0,0.0971,0.0,0.0944,0.0,0.0,0.0,0.224
2894,Vladislav Ignatjev,Lokomotiv Moscow,0.0434,-,-,0.0,0.0536,0.0,0.0,-,0.0,0.1203,-,-,0.2173
6948,Marco Aratore,Ural,0.1376,0.0788,-,-,-,-,-,-,-,-,-,-,0.2164
2712,Rifat Zhemaletdinov,Lokomotiv Moscow,0.0744,0.0,0.1022,0.0,0.0193,0.0,-,0.0,-,0.0,0.0204,-,0.2163
4247,Maximilian Philipp,Dinamo Moscow,0.0,0.0506,0.0,0.0,0.021,0.0,0.1371,-,-,-,-,-,0.2087
4199,Anton Shvets,FK Akhmat,0.0,0.0138,0.1064,-,0.0,-,0.0,0.0,0.0843,-,0.0,-,0.2045
2959,Igor Bezdenezhnykh,FC Ufa,0.0601,0.0,-,0.0,0.0088,0.0,0.0,0.1338,0.0,-,-,-,0.2027
7135,Olivier Thill,FC Ufa,-,-,0.0,0.0383,0.0775,0.0,0.025,0.0602,-,-,-,-,0.201
7260,Vladislav Panteleev,Arsenal Tula,0.0,0.0,-,-,0.1941,0.0,0.0,-,-,0.0,0.0,-,0.1941
3085,Yuri Bavin,Ural,0.0856,-,0.0,-,0.0,-,-,0.0,0.1071,-,-,-,0.1927
2814,Denis Glushakov,Khimki,-,-,-,-,-,-,-,-,-,0.0,0.0,0.1893,0.1893
7196,Roman Evgeniev,Dinamo Moscow,0.0211,0.0,0.0,0.0,0.0,0.0,0.0,0.159,0.0086,0.0,0.0,-,0.1887
2910,Vyacheslav Krotov,FC Ufa,0.1115,0.0,0.0,0.0,-,0.0,-,-,-,0.0767,0.0,0.0,0.1882
3053,Vladimir Rykov,Ural,-,0.0,0.0,0.0,0.0,0.0,0.0,-,0.0,0.073,0.1131,0.0,0.1861
7659,Vladimir Obukhov,FC Rostov,0.0939,-,-,-,-,-,-,-,-,0.0093,0.0,0.0802,0.1834
2988,Vyacheslav Podberezkin,Ural,-,-,0.0,0.0,0.0635,0.1046,-,0.0133,0.0,-,0.0,0.0,0.1814
8598,Kirill Bozhenov,Khimki,0.0899,0.0,0.0,0.0272,-,0.0,0.0,0.0,0.0166,0.0,0.0474,0.0,0.1811
8597,Dmitri Tikhiy,Khimki,0.0168,0.0717,0.0624,0.0,0.0,0.0,0.0,0.0292,0.0,0.0,-,0.0,0.1801
2775,Dmitriy Poloz,PFC Sochi,0.1208,0.059,0.0,-,-,-,-,-,-,0.0,-,-,0.1798
5926,Magomed-Shapi Suleymanov,FC Krasnodar,0.0584,0.0309,0.0,0.0,0.0,0.0,-,0.0,0.0,0.0336,0.035,0.0205,0.1784
1811,Andrés Ponce,FK Akhmat,0.0,0.0,0.0,0.0214,0.0,0.0403,0.1138,0.0,-,0.0,-,-,0.1755
8362,Ilya Samoshnikov,Rubin Kazan,0.0,0.0292,0.0,0.0,0.0,-,-,-,0.1445,0.0,0.0,0.0,0.1737
3021,Aleksei Kozlov,FC Rostov,0.0407,0.0,0.0487,0.0445,0.0,0.0,0.0,-,0.0,0.0271,0.0,0.0122,0.1732
2768,Ivan Novoseltsev,PFC Sochi,0.0816,-,0.0909,-,0.0,-,-,-,0.0,-,-,-,0.1725
3190,Anton Kilin,FC Tambov,0.0449,0.0442,0.0,0.0,0.065,0.0,-,-,0.0,-,0.0,0.0174,0.1715
2869,Reziuan Mirzov,Spartak Moscow,-,-,-,-,-,0.0,-,-,-,-,0.1685,-,0.1685
6331,Alexander Lomovitskiy,Khimki,-,0.0617,0.0867,0.0,0.0193,0.0,0.0,0.0,0.0,-,-,-,0.1677
6773,Samuel Gigot,Spartak Moscow,0.0,0.0538,0.0,0.0,0.1126,0.0,0.0,-,0.0,0.0,-,0.0,0.1664
3333,Francois Kamano,Lokomotiv Moscow,-,-,-,0.0,0.0352,0.0,0.0146,0.1159,0.0,-,0.0,0.0,0.1657
7592,Stanislav Magkeev,Lokomotiv Moscow,0.0518,0.0,-,0.0,0.0,0.0,0.0,0.0724,0.0241,0.0143,-,0.0,0.1626
2790,Aleksandr Martynovich,FC Krasnodar,0.0,0.0,0.0,0.0111,0.1168,0.0,-,0.0,0.0327,0.0,-,0.0,0.1606
6417,Daniil Kulikov,Lokomotiv Moscow,0.0,-,-,-,0.0,0.0305,0.0521,0.0,0.0,0.0112,0.0,0.0636,0.1574
6282,Emiliano Rigoni,Zenit St. Petersburg,0.0,0.1202,-,0.0,0.0,0.0,0.0371,0.0,-,-,-,-,0.1573
2857,Oleg Ivanov,FK Akhmat,0.0,0.0404,0.1001,0.0,0.0,0.0,0.0,0.0,0.0155,-,0.0,-,0.156
7652,Zuriko Davitashvili,FC Rotor Volgograd,-,-,-,0.0165,0.0154,0.0978,-,-,-,-,0.0234,0.0,0.1531
602,Dejan Lovren,Zenit St. Petersburg,0.0,0.0,0.0215,0.0404,0.0092,0.0433,0.0,0.0,0.0,0.0,0.0,0.0382,0.1526
6331,Alexander Lomovitskiy,Arsenal Tula,-,-,-,-,0.0193,-,-,-,-,0.0,0.1331,0.0,0.1524
6586,Andrey Egorychev,Ural,0.0386,0.0,0.0,0.0962,0.0,0.0,0.0,-,0.0,0.0,0.0,0.0141,0.1489
2834,Giorgi Jikia,Spartak Moscow,0.0,0.0126,0.1346,0.0,0.0,0.0,0.0,0.0,0.0,0.0,-,0.0,0.1472
6727,Artem Golubev,FC Ufa,0.0708,0.0,0.0,0.0755,0.0,0.0,-,0.0,0.0,-,0.0,0.0,0.1463
6793,Daniil Lesovoy,Arsenal Tula,0.0,0.0368,0.0699,0.0,0.0116,0.026,-,-,-,-,-,-,0.1443
5899,Anton Zabolotny,PFC Sochi,0.0,0.0,0.0544,0.0383,0.0099,0.0248,-,0.0,0.0,0.0,0.0,0.0167,0.1441
3025,Alexander Troshechkin,Khimki,0.0,0.0,0.0487,0.0331,0.0,0.0,-,0.0255,0.0,0.0,0.0368,0.0,0.1441
6775,Silvije Begic,Rubin Kazan,0.0,-,0.1248,-,-,-,0.0,0.0,0.0,0.0181,0.0,0.0,0.1429
2921,Charles Kaboré,Dinamo Moscow,0.0,0.0,0.1119,0.0,0.0,0.0,0.0306,0.0,-,-,0.0,0.0,0.1425
7477,Maksim Glushenkov,Spartak Moscow,0.1409,0.0,0.0,0.0,0.0,-,-,-,-,-,-,-,0.1409
2751,Aleksey Ionov,FC Krasnodar,-,-,-,-,-,0.0352,-,-,-,-,0.0278,0.0749,0.1379
3066,Aleksandr Kokorin,Spartak Moscow,-,-,-,-,-,-,0.0,-,0.0082,-,0.0,0.1287,0.1369
7632,Ivan Ordets,Dinamo Moscow,0.0,0.0,0.0,0.0,0.0,0.0,0.0102,0.0,0.0,0.0,0.1256,0.0,0.1358
8626,Nikola Moro,Dinamo Moscow,-,-,0.0,0.0,0.0,0.0,0.0,0.0426,0.042,0.0504,0.0,-,0.135
7655,Carl Starfelt,Rubin Kazan,0.051,0.0,0.0,0.0,0.0,0.0,0.0,0.0,0.0824,0.0,0.0,0.0,0.1334
7633,Rafal Augustyniak,Ural,0.1103,0.0,0.0,0.0225,0.0,0.0,0.0,-,-,-,-,0.0,0.1328
6794,Artem Sokol,Arsenal Tula,-,-,-,0.0,0.0,0.0,0.1323,0.0,0.0,0.0,-,-,0.1323
6774,Aleksey Sutormin,Zenit St. Petersburg,-,-,-,0.0,0.0816,0.0,0.0,0.0158,0.0,0.0,0.0313,0.0,0.1287
2830,Pavel Pogrebnyak,Ural,-,-,-,-,-,-,-,-,-,-,0.0311,0.0975,0.1286
8369,Yuri Kovalev,Arsenal Tula,-,0.0144,0.0,0.0,-,-,0.031,0.0419,0.0,0.0389,0.0,-,0.1262
3090,Igor Konovalov,Rubin Kazan,0.0,0.0242,0.0,-,-,-,-,-,0.1015,-,-,-,0.1257
7447,Yaroslav Rakitskiy,Zenit St. Petersburg,0.0568,0.0,-,0.0,0.0178,0.0473,-,-,0.0,0.0,0.0,0.0,0.1219
2908,Dmitri Sysuev,FC Ufa,-,-,-,-,-,-,-,0.0,0.0,0.1209,0.0,0.0,0.1209
8694,Chidera Ejuke,CSKA Moscow,-,-,-,-,-,0.0,0.0,0.0,0.0241,0.0,0.0,0.0938,0.1179
3023,Andrey Eshchenko,Spartak Moscow,-,0.0975,-,0.0,0.0,0.0,-,0.0,0.019,0.0,0.0,0.0,0.1165
8614,Anton Piskunov,FC Rotor Volgograd,0.0267,0.0832,0.0057,0.0,-,-,-,-,-,-,-,-,0.1156
3813,Luka Djordjevic,Arsenal Tula,-,-,-,-,-,-,-,-,-,-,0.1152,0.0,0.1152
7657,Evgeni Pesegov,FC Rotor Volgograd,0.0,0.0187,0.0,0.043,0.0243,-,-,-,0.0279,0.0,0.0,0.0,0.1139
8620,Armen Manucharyan,FC Rotor Volgograd,-,-,0.0,0.0,0.0,0.0,-,-,0.0927,-,0.0193,-,0.112
7634,Artem Shabolin,Ural,0.0,-,-,-,0.0,0.1089,0.0,-,-,0.0,0.0,-,0.1089
3044,Evgeniy Gapon,Khimki,-,-,-,-,-,-,-,0.0,0.0,0.0918,0.0145,0.0,0.1063
7681,Danila Prokhin,Zenit St. Petersburg,-,0.0,0.0,-,-,-,-,-,0.1057,-,-,-,0.1057
8342,Ilia Shkurin,CSKA Moscow,-,0.0,0.0,0.1005,-,-,-,-,-,-,-,-,0.1005
2775,Dmitriy Poloz,FC Rostov,-,-,-,0.0,0.0,0.0,0.0251,-,0.0,0.0,0.0612,0.0112,0.0975
7192,Pavel Maslov,Spartak Moscow,0.0,0.0,0.0,0.0,0.0697,0.0,0.0,0.0,-,0.0,0.0271,0.0,0.0968
6707,Alex Matsukatov,FC Krasnodar,0.0,0.0964,0.0,0.0,0.0,-,-,-,-,-,-,0.0,0.0964
5907,Varazdat Haroyan,Ural,0.0963,-,-,-,-,-,-,-,-,-,-,0.0,0.0963
6608,Ionut Nedelcearu,FC Ufa,0.0,0.057,0.0,0.0,0.0,0.0,0.0124,0.0,0.0236,-,-,-,0.093
7679,Kaio,FC Krasnodar,0.0,0.0,0.0,0.0,-,0.0,-,0.0918,0.0,0.0,0.0,0.0,0.0918
6138,Andrei Panyukov,Ural,0.0,0.0,0.0444,0.0,-,-,0.0,0.0465,0.0,0.0,-,0.0,0.0909
2889,Viktor Vasin,CSKA Moscow,-,-,0.0,0.0092,-,-,-,-,-,0.0,0.0816,-,0.0908
2993,Taras Burlak,Arsenal Tula,-,-,0.0,0.0,0.0,0.0,0.0,0.0,0.0908,-,-,-,0.0908
5479,Ilya Zhigulev,FC Rotor Volgograd,0.0104,0.0,0.0,0.0,0.064,0.0136,-,-,-,0.0,0.0,0.0,0.088
7658,Aleksandre Karapetian,FC Tambov,0.0254,0.0,0.0,0.0576,0.0,0.0,0.0,0.0,-,0.0,0.0,-,0.083
9068,Komnen Andric,FC Ufa,-,-,-,-,-,-,-,-,-,-,-,0.0805,0.0805
2773,Pavel Mogilevets,Khimki,-,-,-,-,-,-,-,-,-,-,0.0,0.0792,0.0792
7010,Danil Lipovoy,Khimki,-,0.0,0.0783,0.0,-,-,0.0,-,0.0,0.0,0.0,-,0.0783
6617,Idris Imaev,FK Akhmat,0.0205,-,0.0,-,-,-,0.0553,-,0.0,-,-,-,0.0758
5443,Guram Tetrashvili,FC Tambov,0.0,-,0.0,0.0,0.0,0.0156,0.0343,0.0,0.0,0.0,0.0,0.0236,0.0735
2887,Kirill Panchenko,Arsenal Tula,-,-,-,-,-,-,-,-,-,0.0,0.0,0.0721,0.0721
8714,Danil Prutsev,PFC Sochi,-,-,-,-,-,-,0.026,0.0,0.0,0.0298,0.0,0.0156,0.0714
8617,Mukhammad Sultanov,FC Rotor Volgograd,0.0687,0.0,0.0,0.0,0.0,-,-,-,-,-,-,-,0.0687
2755,Gregory Morozov,Dinamo Moscow,0.0,-,-,-,0.0,0.0676,-,-,-,-,-,-,0.0676
2962,Sergei Ryzhikov,FC Tambov,0.0,0.0,0.0,0.0659,0.0,0.0,0.0,0.0,-,0.0,0.0,0.0,0.0659
5940,Sergey Terekhov,PFC Sochi,0.0,0.0,0.0,0.0,0.0,0.0618,0.0,0.0,0.0,-,0.0,0.0,0.0618
5368,Gia Grigalava,Arsenal Tula,0.0201,0.0,-,-,-,-,-,-,-,0.0,0.0,0.0414,0.0615
2811,Ilya Kutepov,Spartak Moscow,-,-,-,-,-,-,-,0.0,0.0398,-,0.021,-,0.0608
2718,Dmitriy Tarasov,Rubin Kazan,0.0,0.0591,0.0,-,0.0,-,-,-,-,-,-,0.0,0.0591
8471,Vladimir Kabakhidze,FC Tambov,0.0,-,-,0.0575,-,-,-,-,-,-,0.0,-,0.0575
5092,Goran Causic,Arsenal Tula,-,0.0457,0.0,0.0115,0.0,0.0,-,-,-,-,-,0.0,0.0572
2900,Alexey Nikitin,FC Ufa,0.0,0.0,0.0562,0.0,0.0,0.0,-,-,0.0,-,0.0,0.0,0.0562
8504,Vladislav Karapuzov,Dinamo Moscow,0.0,0.0561,0.0,0.0,-,-,-,-,-,-,-,-,0.0561
6364,Roman Tugarev,FC Rostov,-,-,-,-,-,-,-,-,-,-,0.0,0.056,0.056
8610,Kento Hashimoto,FC Rostov,0.0,0.0,0.0,0.0,0.0,0.0,-,-,0.0,0.0,0.0195,0.0353,0.0548
2724,Aleksandr Belenov,FC Ufa,0.0,0.0,0.0,0.0,0.0,0.0,0.0,0.0,0.0,0.0522,0.0,0.0,0.0522
5441,Catalin Carp,FC Ufa,0.0,0.0,0.0,0.0,-,0.0,-,0.0,0.0,0.0,-,0.0495,0.0495
2978,Ilzat Akhmetov,CSKA Moscow,-,-,-,-,-,-,-,-,-,-,-,0.0486,0.0486
2758,Anton Shunin,Dinamo Moscow,0.0,0.0,0.0,0.0,0.0,0.0,0.0,0.0472,0.0,0.0,0.0,0.0,0.0472
8600,Maksim Martusevich,Khimki,0.0,0.0,0.0264,0.0,0.0,0.0176,-,-,-,-,-,-,0.044
7653,Beka Mikeltadze,FC Rotor Volgograd,0.0,-,-,0.0,-,-,-,-,0.0,0.0169,0.0268,0.0,0.0437
5452,Miha Mevlja,PFC Sochi,0.0,0.0,0.0,0.0,0.0,0.0,0.0433,0.0,0.0,0.0,0.0,0.0,0.0433
3136,Aleksey Evseev,Ural,-,-,-,-,0.0,0.0,0.0,-,-,0.0418,-,0.0,0.0418
8928,Flamarion Junior,FC Rotor Volgograd,-,-,-,-,-,-,-,-,0.0,0.0,0.0159,0.0249,0.0408
7620,Aleksandr Rudenko,PFC Sochi,-,0.024,0.0,0.0,0.0,0.0,0.015,-,-,-,-,-,0.039
8603,Andrei Murnin,Khimki,-,0.0,-,-,0.0,0.0378,0.0,-,-,-,-,-,0.0378
57,Toni Sunjic,Dinamo Moscow,-,-,-,-,0.0,0.0372,-,-,-,-,-,-,0.0372
4614,Soslan Takasov,FC Tambov,-,-,-,-,-,-,-,0.0,0.0,0.0362,0.0,0.0,0.0362
541,Victor Moses,Spartak Moscow,-,-,-,-,-,-,-,-,-,-,0.0,0.0345,0.0345
8612,David Karaev,Ural,0.0,-,0.0,0.0,-,0.0,-,0.0,0.0337,-,-,-,0.0337
4631,Maksim Belyaev,Arsenal Tula,0.0,0.033,0.0,-,-,-,0.0,0.0,0.0,0.0,0.0,0.0,0.033
7636,Nikolay Giorgobiani,FC Ufa,0.0,0.0,-,-,-,-,0.0304,0.0,-,-,-,-,0.0304
3151,Igor Gorbatenko,Arsenal Tula,0.0,0.0236,0.0,-,-,0.0,-,0.0,0.0063,0.0,-,-,0.0299
7656,Ivan Miladinovic,PFC Sochi,0.0,0.0,0.0,0.0,0.0,0.0,-,-,0.0,0.0,0.0,0.0297,0.0297
6605,Kirill Kolesnichenko,FC Rotor Volgograd,-,-,-,-,-,-,-,-,0.0,0.0289,-,-,0.0289
8340,Islambek Kuat,Khimki,-,-,-,-,-,-,0.0212,0.0,0.0075,0.0,-,-,0.0287
3082,Branko Jovicic,Ural,-,-,-,-,-,-,0.0,0.0161,0.0,0.012,0.0,0.0,0.0281
7672,Cedric Gogoua,FC Rotor Volgograd,0.0,0.0,0.0,-,0.0,0.0,-,-,0.0,0.0256,0.0,0.0,0.0256
8619,Oleg Nikolaev,FC Rotor Volgograd,0.0,-,0.0,-,-,-,-,-,0.0253,0.0,-,-,0.0253
2853,Zaurbek Pliev,Dinamo Moscow,-,-,-,-,0.0,-,-,0.0,-,0.0252,-,-,0.0252
6792,Georgi Kostadinov,Arsenal Tula,0.0,-,0.0,0.0,-,0.0,0.0124,0.0,0.0123,0.0,-,-,0.0247
2808,Sergey Pesjakov,FC Rostov,0.0,0.0,0.0,-,0.0,0.0,0.0,-,-,0.0218,0.0,0.0,0.0218
2791,Roman Emelyanov,Ural,0.0,0.021,-,0.0,0.0,0.0,0.0,0.0,0.0,0.0,0.0,-,0.021
8873,Vladislav Kamilov,FC Ufa,-,-,-,-,-,-,-,-,0.0195,0.0,0.0,-,0.0195
8616,Oleg Kozhemyakin,FC Rotor Volgograd,0.0,0.0,0.0,0.0,0.0,0.0194,-,-,0.0,-,-,0.0,0.0194
4586,Aleksey Gerasimov,Ural,0.0,0.0,0.0,0.0,0.0,0.0,-,0.0,0.0,0.0194,-,-,0.0194
2824,Aleksandr Putsko,FK Akhmat,-,0.0,0.0,0.0,-,-,0.0179,-,-,-,0.0,-,0.0179
8365,Oston Urunov,Spartak Moscow,-,-,-,-,-,0.0164,0.0,0.0,0.0,0.0,-,-,0.0164
6910,Igor Diveev,CSKA Moscow,0.0,0.0,0.0149,0.0,0.0,0.0,-,-,-,-,0.0,0.0,0.0149
3128,Kirill Kombarov,Arsenal Tula,-,-,0.0,0.0,0.0,-,-,-,0.0131,-,-,-,0.0131
8609,Aleksandr Golovnya,FC Tambov,-,-,-,0.0108,-,-,-,-,-,-,-,-,0.0108
7123,Evgeny Kharin,FK Akhmat,0.0,0.0,0.0,0.0,0.0,0.0,0.0,0.0099,0.0,0.0,0.0,0.0,0.0099
8608,Vitaliy Balashov,FC Tambov,0.0,0.0,-,0.0,-,-,0.0,-,0.0,0.0085,-,-,0.0085
8681,Josip Condric,FC Rotor Volgograd,-,-,-,-,-,-,-,-,0.0,0.0,0.0,0.0,0.0
5425,Ade,FC Tambov,0.0,0.0,0.0,0.0,0.0,0.0,0.0,0.0,-,0.0,-,-,0.0
8960,Stepan Oganesyan,Spartak Moscow,-,-,-,-,-,-,-,-,-,-,0.0,-,0.0
2854,Daler Kuzyaev,Zenit St. Petersburg,-,-,-,-,-,-,-,-,-,-,0.0,0.0,0.0
5896,Vitali Shakhov,FC Tambov,-,-,-,-,-,-,-,-,-,-,0.0,0.0,0.0
2763,Anton Terekhov,Dinamo Moscow,-,-,0.0,0.0,-,-,-,-,-,0.0,-,-,0.0
2784,Denis Terentjev,Zenit St. Petersburg,-,-,-,-,-,-,0.0,-,-,-,-,-,0.0
8615,Azat Bayryev,FC Rotor Volgograd,0.0,0.0,0.0,0.0,0.0,0.0,-,-,-,-,0.0,0.0,0.0
8355,Nikita Chagrov,FC Tambov,-,-,-,-,-,-,-,-,0.0,-,-,-,0.0
9027,Islam Alsultanov,FK Akhmat,-,-,-,-,-,-,-,-,-,-,0.0,0.0,0.0
8625,Patricio Matricardi,FC Rotor Volgograd,-,-,-,-,-,-,-,-,0.0,0.0,-,-,0.0
8345,Dmitri Markitesov,Spartak Moscow,-,-,-,-,-,-,-,-,-,0.0,0.0,0.0,0.0
6802,Nikita Chicherin,FC Tambov,0.0,0.0,0.0,0.0,0.0,0.0,-,-,0.0,-,-,-,0.0
5907,Varazdat Haroyan,FC Tambov,-,-,-,-,-,-,-,-,-,-,0.0,0.0,0.0
1811,Andrés Ponce,FC Rotor Volgograd,-,-,0.0,-,-,-,-,-,-,-,0.0,0.0,0.0
3011,Vitaly Gudiev,FK Akhmat,-,-,-,-,-,-,-,0.0,0.0,0.0,0.0,-,0.0
7771,Guus Til,Spartak Moscow,-,-,-,0.0,0.0,0.0,-,-,-,-,-,-,0.0
346,Roman Neustädter,Dinamo Moscow,-,-,-,-,-,-,-,-,-,-,0.0,0.0,0.0
8705,Mikalay Signevich,Khimki,-,-,-,-,-,-,0.0,0.0,-,-,-,-,0.0
8673,Danil Kazantsev,Khimki,-,-,-,-,0.0,-,0.0,0.0,-,-,-,-,0.0
8605,Gela Zaseev,Khimki,-,-,-,-,0.0,-,-,-,-,-,-,-,0.0
8984,Wendel,Zenit St. Petersburg,-,-,-,-,-,-,-,-,-,-,0.0,0.0,0.0
3071,Mikhail Kerzhakov,Zenit St. Petersburg,0.0,0.0,0.0,0.0,0.0,0.0,0.0,0.0,0.0,0.0,0.0,0.0,0.0
5911,Aleksandr Dovbnya,FC Rotor Volgograd,0.0,0.0,0.0,0.0,0.0,0.0,-,-,-,-,-,-,0.0
5952,Arsen Adamov,FK Akhmat,-,0.0,-,-,-,0.0,-,-,-,-,-,-,0.0
5932,Abubakar Kadyrov,FK Akhmat,-,-,-,0.0,-,-,-,-,-,-,-,-,0.0
7639,Aleksandr Dolgov,Khimki,-,-,-,-,-,-,-,-,-,-,0.0,0.0,0.0
7517,Ilya Vorobjov,Khimki,-,-,-,-,-,0.0,0.0,0.0,-,-,-,-,0.0
6804,Mikhail Tikhonov,Khimki,-,-,-,-,0.0,-,-,-,0.0,-,-,-,0.0
3081,Aleksandr Maksimenko,Spartak Moscow,0.0,0.0,0.0,0.0,0.0,0.0,0.0,0.0,0.0,0.0,0.0,0.0,0.0
3192,Ilya Lantratov,Khimki,0.0,0.0,0.0,0.0,0.0,0.0,0.0,0.0,0.0,0.0,0.0,0.0,0.0
7191,Ilya Gaponov,Spartak Moscow,0.0,-,-,-,-,-,-,0.0,0.0,-,0.0,0.0,0.0
2895,Arseni Logashov,Khimki,-,-,-,-,-,-,-,-,-,-,0.0,-,0.0
5460,Wilker Ángel,FK Akhmat,-,-,-,-,-,-,-,0.0,0.0,0.0,0.0,0.0,0.0
7307,Lechii Sadulaev,FK Akhmat,0.0,0.0,-,-,-,0.0,-,0.0,0.0,0.0,0.0,0.0,0.0
7449,Leon Musaev,Zenit St. Petersburg,0.0,-,-,-,-,-,-,-,0.0,-,-,-,0.0
8385,Nikita Karmaev,FK Akhmat,-,-,-,-,-,-,-,-,0.0,-,-,-,0.0
2898,Giorgi Shelia,FK Akhmat,0.0,0.0,0.0,0.0,0.0,0.0,0.0,-,-,-,-,0.0,0.0
2868,Khalid Kadyrov,FK Akhmat,-,-,0.0,-,-,-,-,-,-,-,-,-,0.0
5900,Evgeni Markov,FC Krasnodar,-,-,-,-,-,-,-,-,-,-,0.0,-,0.0
7685,Akmal Bakhtiyarov,PFC Sochi,-,-,0.0,-,-,-,-,-,-,-,-,-,0.0
3079,Rabiu Mohammed,FC Tambov,-,-,-,-,-,-,-,-,-,-,-,0.0,0.0
2888,Kirill Nababkin,CSKA Moscow,0.0,0.0,0.0,-,-,-,-,-,-,-,-,-,0.0
7639,Aleksandr Dolgov,FC Rostov,0.0,-,-,-,-,0.0,0.0,-,0.0,0.0,-,0.0,0.0
18,Slobodan Rajkovic,Lokomotiv Moscow,-,-,-,-,-,0.0,-,-,-,-,-,-,0.0
7638,Dmitriy Chistyakov,FC Rostov,-,-,-,-,-,-,-,-,0.0,0.0,-,-,0.0
2703,Guilherme,Lokomotiv Moscow,0.0,0.0,0.0,0.0,0.0,0.0,0.0,0.0,0.0,0.0,0.0,0.0,0.0
4628,Egor Baburin,FC Rostov,-,-,-,0.0,-,-,-,-,0.0,-,-,-,0.0
2895,Arseni Logashov,FC Rostov,-,-,-,-,0.0,0.0,-,-,0.0,0.0,-,-,0.0
6901,Abdul Mohammed,Arsenal Tula,-,-,-,-,-,-,-,0.0,0.0,0.0,0.0,0.0,0.0
5421,Mikhail Lysov,Lokomotiv Moscow,-,-,-,-,0.0,-,-,-,-,-,-,-,0.0
8033,Vitali Lystsov,Lokomotiv Moscow,-,-,-,-,-,-,-,-,-,-,0.0,-,0.0
2876,Igor Akinfeev,CSKA Moscow,0.0,0.0,0.0,0.0,0.0,0.0,0.0,0.0,0.0,0.0,0.0,0.0,0.0
8344,Nikolai Zolotov,Ural,-,-,-,-,0.0,0.0,0.0,0.0,-,-,-,0.0,0.0
8503,Mikhail Ageev,Lokomotiv Moscow,0.0,-,-,-,-,-,-,-,-,-,-,-,0.0
8586,Nikita Iosifov,Lokomotiv Moscow,0.0,-,-,-,-,-,-,-,-,-,-,-,0.0
2817,Ivelin Popov,FC Rostov,0.0,0.0,-,-,-,-,-,-,-,-,-,-,0.0
5528,Chingiz Magomadov,Ural,-,-,-,-,-,-,-,-,0.0,-,-,-,0.0
5376,Guram Adzhoev,Arsenal Tula,-,-,-,0.0,-,-,0.0,-,0.0,-,0.0,-,0.0
3181,Ilya Pomazun,Ural,-,-,0.0,0.0,0.0,0.0,0.0,0.0,0.0,0.0,0.0,0.0,0.0
6807,Jaka Bijol,CSKA Moscow,0.0,0.0,0.0,-,-,0.0,0.0,-,-,-,-,-,0.0
7652,Zuriko Davitashvili,Rubin Kazan,0.0,-,0.0,-,-,-,-,-,-,-,-,-,0.0
6769,Yuri Dyupin,Rubin Kazan,0.0,0.0,0.0,0.0,0.0,0.0,-,-,0.0,0.0,0.0,0.0,0.0
2871,Yaroslav Godzyur,Ural,0.0,0.0,-,-,-,-,-,-,-,-,-,-,0.0
9054,Leon Sabua,FC Krasnodar,-,-,-,-,-,-,-,-,-,-,-,0.0,0.0
7769,Vadim Karpov,CSKA Moscow,0.0,0.0,-,-,-,-,0.0,0.0,0.0,0.0,0.0,-,0.0
2975,Ruslan Kambolov,FC Krasnodar,-,-,0.0,-,-,-,-,-,-,0.0,-,-,0.0
2786,Nikita Medvedev,Rubin Kazan,-,-,-,-,-,-,0.0,0.0,-,-,-,-,0.0
3014,Stefan Strandberg,Ural,-,-,-,-,-,-,0.0,0.0,0.0,-,0.0,0.0,0.0
3105,Egor Sorokin,FC Krasnodar,-,-,-,0.0,0.0,-,-,-,-,0.0,0.0,-,0.0
8675,Bruno Fuchs,CSKA Moscow,-,-,-,-,-,0.0,-,-,-,-,-,-,0.0
2773,Pavel Mogilevets,Rubin Kazan,-,0.0,-,-,-,-,-,-,-,-,-,-,0.0
2725,Georgi Zotov,Rubin Kazan,-,-,-,-,-,-,-,-,-,-,-,0.0,0.0
5375,Mihail Levashov,Arsenal Tula,-,-,-,-,-,-,-,0.0,0.0,0.0,-,-,0.0
5379,Aleksandr Denisov,Arsenal Tula,0.0,-,0.0,-,-,-,-,-,-,-,-,-,0.0
8143,German Onugkha,FC Tambov,-,-,-,-,0.0,-,0.0,-,0.0,0.0,0.0,0.0,0.0
7466,Andrés Vombergar,FC Ufa,0.0,-,-,-,0.0,0.0,-,-,-,-,-,-,0.0
5927,Aleksey Gritsaenko,FC Tambov,-,0.0,0.0,-,0.0,0.0,0.0,0.0,0.0,-,-,-,0.0
6680,Vladimir Moskvichev,Dinamo Moscow,-,-,0.0,-,-,-,-,-,-,-,-,-,0.0
5495,Jimmy Tabidze,FC Ufa,0.0,-,-,-,-,-,0.0,0.0,0.0,0.0,0.0,0.0,0.0
8376,Igor Shkolnik,Dinamo Moscow,-,-,-,-,-,-,0.0,-,0.0,0.0,-,0.0,0.0
8985,Marko Dugandzic,PFC Sochi,-,-,-,-,-,-,-,-,-,-,0.0,0.0,0.0
8906,Egor Prutsev,PFC Sochi,-,-,-,-,-,-,-,-,0.0,-,-,-,0.0
8546,Anatoliy Nemchenko,PFC Sochi,0.0,-,-,-,-,-,-,-,-,0.0,-,-,0.0
8391,Andrey Bokovoy,PFC Sochi,-,0.0,-,-,-,-,-,-,-,-,-,-,0.0
5480,Matvey Safonov,FC Krasnodar,0.0,0.0,0.0,0.0,0.0,0.0,-,0.0,0.0,0.0,0.0,0.0,0.0
6600,Konstantin Pliev,FC Ufa,-,-,-,-,-,-,-,-,-,0.0,0.0,0.0,0.0
6772,Gamid Agalarov,FC Ufa,0.0,-,-,0.0,0.0,-,-,-,0.0,0.0,-,-,0.0
8613,Sergey Slepov,Dinamo Moscow,0.0,-,-,-,-,-,-,0.0,-,-,0.0,0.0,0.0
2817,Ivelin Popov,PFC Sochi,-,-,-,-,0.0,-,-,-,-,-,-,-,0.0
2788,Nikolay Zabolotny,PFC Sochi,-,-,-,-,-,-,-,-,-,-,-,0.0,0.0
9062,Armin Gigovic,FC Rostov,-,-,-,-,-,-,-,-,-,-,-,0.0,0.0
5933,Artur Nigmatullin,Arsenal Tula,-,-,0.0,0.0,0.0,0.0,0.0,-,-,-,-,-,0.0
2766,Soslan Dzhanaev,PFC Sochi,0.0,0.0,0.0,0.0,0.0,0.0,0.0,0.0,0.0,0.0,0.0,-,0.0
7635,Danila Emelyanov,FC Ufa,-,0.0,-,-,-,0.0,-,0.0,-,-,-,-,0.0
9061,Pontus Almqvist,FC Rostov,-,-,-,-,-,-,-,-,-,-,-,0.0,0.0
8627,Aleksandr Smirnov,FC Rostov,-,-,-,-,0.0,-,-,-,-,-,-,-,0.0
8559,Nikita Belousov,FC Ufa,0.0,-,-,-,0.0,-,-,-,-,-,-,-,0.0
8956,Nikolay Zlobin,Arsenal Tula,-,-,-,-,-,-,-,-,-,0.0,-,-,0.0
8954,Akhmed Alibekov,FC Ufa,-,-,-,-,-,-,-,-,-,-,0.0,-,0.0
8370,Roman Minaev,Arsenal Tula,-,-,-,-,0.0,-,0.0,-,-,-,-,-,0.0
7669,Aleksandr Dovbnya,Arsenal Tula,0.0,-,0.0,-,-,0.0,-,-,-,-,-,-,0.0
7628,Lameck Banda,Arsenal Tula,-,-,0.0,-,-,0.0,-,-,-,-,-,-,0.0
8623,David Tosevski,FC Rostov,-,0.0,0.0,0.0,-,0.0,0.0,-,-,-,-,-,0.0
6795,Egor Shamov,Arsenal Tula,0.0,0.0,-,0.0,-,-,-,-,-,-,0.0,0.0,0.0
8611,Konstantin Kovalev,FC Rostov,-,-,0.0,-,-,-,-,-,-,-,-,-,0.0
6378,Nikolai Rasskazov,Arsenal Tula,-,-,-,-,-,-,-,-,-,-,0.0,0.0,0.0
8929,Kirill Dontsov,FC Rotor Volgograd,-,-,-,-,-,-,-,-,0.0,-,-,-,0.0
